{
"type": "FeatureCollection",
"name": "seed",
"crs": { "type": "name", "properties": { "name": "urn:ogc:def:crs:OGC:1.3:CRS84" } },
"xy_coordinate_resolution": 1e-07,
"features": [
{"type":"Feature","properties":{"name":"地蔵橋東児童遊園"},"geometry":{"type":"Point","coordinates":[139.7753392,35.6911316]}},
{"type":"Feature","properties":{"name":"和泉橋南東児童遊園"},"geometry":{"type":"Point","coordinates":[139.7757962,35.6966809]}},
{"type":"Feature","properties":{"name":"岩本町二丁目児童遊園"},"geometry":{"type":"Point","coordinates":[139.7781163,35.6934712]}},
{"type":"Feature","properties":{"name":"お玉が池児童遊園"},"geometry":{"type":"Point","coordinates":[139.7759689,35.6938816]}},
{"type":"Feature","properties":{"name":"中坂児童遊園"},"geometry":{"type":"Point","coordinates":[139.7501701,35.6963526]}},
{"type":"Feature","properties":{"name":"爼橋児童遊園"},"geometry":{"type":"Point","coordinates":[139.7524779,35.6958795]}},
{"type":"Feature","properties":{"name":"堀留南児童遊園"},"geometry":{"type":"Point","coordinates":[139.7521441,35.6977576]}},
{"type":"Feature","properties":{"name":"五番町児童遊園"},"geometry":{"type":"Point","coordinates":[139.7330968,35.6893932]}},
{"type":"Feature","properties":{"name":"三崎町児童遊園"},"geometry":{"type":"Point","coordinates":[139.7538253,35.7009845]}},
{"type":"Feature","properties":{"name":"和泉橋南西児童遊園"},"geometry":{"type":"Point","coordinates":[139.7751837,35.6966878]}},
{"type":"Feature","properties":{"name":"錦三会児童遊園"},"geometry":{"type":"Point","coordinates":[139.7608341,35.6925089]}},
{"type":"Feature","properties":{"name":"美倉橋北児童遊園"},"geometry":{"type":"Point","coordinates":[139.779887,35.6970458]}},
{"type":"Feature","properties":{"name":"佐久間橋児童遊園"},"geometry":{"type":"Point","coordinates":[139.775058,35.697178]}},
{"type":"Feature","properties":{"name":"神三児童遊園"},"geometry":{"type":"Point","coordinates":[139.7546158,35.6965432]}},
{"type":"Feature","properties":{"name":"地蔵橋西児童遊園"},"geometry":{"type":"Point","coordinates":[139.774748,35.6909714]}},
{"type":"Feature","properties":{"name":"いずみ児童遊園"},"geometry":{"type":"Point","coordinates":[139.7772929,35.6991108]}},
{"type":"Feature","properties":{"name":"左衛門橋北児童遊園"},"geometry":{"type":"Point","coordinates":[139.7826414,35.6968635]}},
{"type":"Feature","properties":{"name":"美倉橋西児童遊園"},"geometry":{"type":"Point","coordinates":[139.7798574,35.6965802]}},
{"type":"Feature","properties":{"name":"美倉橋東児童遊園"},"geometry":{"type":"Point","coordinates":[139.7802223,35.6965729]}},
{"type":"Feature","properties":{"name":"左衛門橋南児童遊園"},"geometry":{"type":"Point","coordinates":[139.7825677,35.6962946]}},
{"type":"Feature","properties":{"name":"左衛門橋南児童遊園"},"geometry":{"type":"Point","coordinates":[139.7825879,35.6964275]}},
{"type":"Feature","properties":{"name":"鎌倉児童遊園"},"geometry":{"type":"Point","coordinates":[139.7689383,35.6890257]}},
{"type":"Feature","properties":{"name":"堀留北児童遊園"},"geometry":{"type":"Point","coordinates":[139.7520554,35.6981336]}},
{"type":"Feature","properties":{"name":"昌平橋東橋詰広場"},"geometry":{"type":"Point","coordinates":[139.7691846,35.6984101]}},
{"type":"Feature","properties":{"name":"昌平橋西橋詰広場"},"geometry":{"type":"Point","coordinates":[139.7687261,35.6986272]}},
{"type":"Feature","properties":{"name":"四ッ谷駅前広場"},"geometry":{"type":"Point","coordinates":[139.7313983,35.6858587]}},
{"type":"Feature","properties":{"name":"内幸町広場"},"geometry":{"type":"Point","coordinates":[139.7576247,35.669709]}},
{"type":"Feature","properties":{"name":"小川広場"},"geometry":{"type":"Point","coordinates":[139.7624574,35.695394]}},
{"type":"Feature","properties":{"name":"西神田けやきの広場"},"geometry":{"type":"Point","coordinates":[139.7539692,35.6978673]}},
{"type":"Feature","properties":{"name":"隼町広場"},"geometry":{"type":"Point","coordinates":[139.7423331,35.6831542]}},
{"type":"Feature","properties":{"name":"岩本町馬の水飲広場"},"geometry":{"type":"Point","coordinates":[139.7756531,35.6958149]}},
{"type":"Feature","properties":{"name":"西神田百樹の広場"},"geometry":{"type":"Point","coordinates":[139.7528641,35.6987857]}},
{"type":"Feature","properties":{"name":"大和橋広場"},"geometry":{"type":"Point","coordinates":[139.7781974,35.695718]}},
{"type":"Feature","properties":{"name":"秋葉原中央令和広場"},"geometry":{"type":"Point","coordinates":[139.7748853,35.6995652]}},
{"type":"Feature","properties":{"name":"弾正橋北西児童遊園"},"geometry":{"type":"Point","coordinates":[139.7727149,35.6751591]}},
{"type":"Feature","properties":{"name":"月島一丁目児童遊園"},"geometry":{"type":"Point","coordinates":[139.7810874,35.6655382]}},
{"type":"Feature","properties":{"name":"月島三丁目児童遊園"},"geometry":{"type":"Point","coordinates":[139.7803153,35.6648075]}},
{"type":"Feature","properties":{"name":"月島二丁目児童遊園"},"geometry":{"type":"Point","coordinates":[139.7855417,35.6633171]}},
{"type":"Feature","properties":{"name":"月島駅前児童遊園"},"geometry":{"type":"Point","coordinates":[139.7848097,35.6630414]}},
{"type":"Feature","properties":{"name":"勝どき二丁目児童遊園"},"geometry":{"type":"Point","coordinates":[139.7796957,35.6591443]}},
{"type":"Feature","properties":{"name":"霊岸橋児童遊園"},"geometry":{"type":"Point","coordinates":[139.7820315,35.6792172]}},
{"type":"Feature","properties":{"name":"高橋南東児童遊園"},"geometry":{"type":"Point","coordinates":[139.7805783,35.6745245]}},
{"type":"Feature","properties":{"name":"高橋北東児童遊園"},"geometry":{"type":"Point","coordinates":[139.7803563,35.6748337]}},
{"type":"Feature","properties":{"name":"桜橋南東児童遊園"},"geometry":{"type":"Point","coordinates":[139.7743624,35.6735589]}},
{"type":"Feature","properties":{"name":"新金橋児童遊園"},"geometry":{"type":"Point","coordinates":[139.7728361,35.6734528]}},
{"type":"Feature","properties":{"name":"桜橋南西児童遊園"},"geometry":{"type":"Point","coordinates":[139.7740594,35.6735847]}},
{"type":"Feature","properties":{"name":"佃三丁目児童遊園"},"geometry":{"type":"Point","coordinates":[139.7861591,35.6637664]}},
{"type":"Feature","properties":{"name":"東日本橋児童遊園"},"geometry":{"type":"Point","coordinates":[139.7843741,35.6921529]}},
{"type":"Feature","properties":{"name":"両国橋際児童遊園"},"geometry":{"type":"Point","coordinates":[139.7878841,35.6941166]}},
{"type":"Feature","properties":{"name":"初音森児童遊園"},"geometry":{"type":"Point","coordinates":[139.7859885,35.6953737]}},
{"type":"Feature","properties":{"name":"茅場橋南児童遊園"},"geometry":{"type":"Point","coordinates":[139.7808875,35.6806478]}},
{"type":"Feature","properties":{"name":"茅場橋南児童遊園"},"geometry":{"type":"Point","coordinates":[139.7804938,35.6810158]}},
{"type":"Feature","properties":{"name":"新亀島橋南西児童遊園"},"geometry":{"type":"Point","coordinates":[139.7798286,35.6776714]}},
{"type":"Feature","properties":{"name":"新亀島橋北西児童遊園"},"geometry":{"type":"Point","coordinates":[139.7799381,35.6778517]}},
{"type":"Feature","properties":{"name":"龍閑児童遊園"},"geometry":{"type":"Point","coordinates":[139.7799043,35.6931077]}},
{"type":"Feature","properties":{"name":"茅場橋北児童遊園"},"geometry":{"type":"Point","coordinates":[139.781289,35.6812937]}},
{"type":"Feature","properties":{"name":"茅場橋北児童遊園"},"geometry":{"type":"Point","coordinates":[139.7808712,35.6815872]}},
{"type":"Feature","properties":{"name":"小網町児童遊園"},"geometry":{"type":"Point","coordinates":[139.7799329,35.6837447]}},
{"type":"Feature","properties":{"name":"左衛門橋南東児童遊園"},"geometry":{"type":"Point","coordinates":[139.7828327,35.6963392]}},
{"type":"Feature","properties":{"name":"地蔵橋南東児童遊園"},"geometry":{"type":"Point","coordinates":[139.7754058,35.6909117]}},
{"type":"Feature","properties":{"name":"紺屋橋児童遊園"},"geometry":{"type":"Point","coordinates":[139.767624,35.6755748]}},
{"type":"Feature","properties":{"name":"西八丁堀児童遊園"},"geometry":{"type":"Point","coordinates":[139.77408,35.6761995]}},
{"type":"Feature","properties":{"name":"弾正橋北東児童遊園"},"geometry":{"type":"Point","coordinates":[139.7733198,35.6749128]}},
{"type":"Feature","properties":{"name":"中ノ橋北東児童遊園"},"geometry":{"type":"Point","coordinates":[139.7768935,35.673997]}},
{"type":"Feature","properties":{"name":"南高橋南西児童遊園"},"geometry":{"type":"Point","coordinates":[139.7810727,35.6726988]}},
{"type":"Feature","properties":{"name":"湊町第二児童遊園"},"geometry":{"type":"Point","coordinates":[139.7807209,35.6696653]}},
{"type":"Feature","properties":{"name":"湊町第一児童遊園"},"geometry":{"type":"Point","coordinates":[139.7809758,35.6702073]}},
{"type":"Feature","properties":{"name":"青山北町児童遊園"},"geometry":{"type":"Point","coordinates":[139.7121522,35.6671498]}},
{"type":"Feature","properties":{"name":"西町つなぐ児童遊園"},"geometry":{"type":"Point","coordinates":[139.731912,35.6344379]}},
{"type":"Feature","properties":{"name":"古川さくら児童遊園"},"geometry":{"type":"Point","coordinates":[139.7335483,35.6466605]}},
{"type":"Feature","properties":{"name":"末広橋児童遊園"},"geometry":{"type":"Point","coordinates":[139.7580174,35.6491668]}},
{"type":"Feature","properties":{"name":"宮村児童遊園"},"geometry":{"type":"Point","coordinates":[139.7299038,35.654474]}},
{"type":"Feature","properties":{"name":"西久保巴町児童遊園"},"geometry":{"type":"Point","coordinates":[139.7460412,35.6632169]}},
{"type":"Feature","properties":{"name":"虎ノ門三丁目児童遊園"},"geometry":{"type":"Point","coordinates":[139.7478206,35.6657786]}},
{"type":"Feature","properties":{"name":"芝浦中央公園"},"geometry":{"type":"Point","coordinates":[139.7464584,35.6344754]}},
{"type":"Feature","properties":{"name":"芝浦中央公園"},"geometry":{"type":"Point","coordinates":[139.7434132,35.6345381]}},
{"type":"Feature","properties":{"name":"芝給水所公園"},"geometry":{"type":"Point","coordinates":[139.7448464,35.660824]}},
{"type":"Feature","properties":{"name":"笄児童遊園"},"geometry":{"type":"Point","coordinates":[139.7200097,35.66408]}},
{"type":"Feature","properties":{"name":"南麻布新堀児童遊園"},"geometry":{"type":"Point","coordinates":[139.7356492,35.6498523]}},
{"type":"Feature","properties":{"name":"南麻布新堀児童遊園"},"geometry":{"type":"Point","coordinates":[139.7358041,35.6498536]}},
{"type":"Feature","properties":{"name":"松ヶ丘児童遊園"},"geometry":{"type":"Point","coordinates":[139.7354041,35.6417066]}},
{"type":"Feature","properties":{"name":"高松児童遊園"},"geometry":{"type":"Point","coordinates":[139.7343323,35.6396365]}},
{"type":"Feature","properties":{"name":"二本榎児童遊園"},"geometry":{"type":"Point","coordinates":[139.7326558,35.637939]}},
{"type":"Feature","properties":{"name":"高輪南町児童遊園"},"geometry":{"type":"Point","coordinates":[139.7351859,35.6250405]}},
{"type":"Feature","properties":{"name":"泉岳寺前児童遊園"},"geometry":{"type":"Point","coordinates":[139.7380177,35.6373382]}},
{"type":"Feature","properties":{"name":"三田小山町児童遊園"},"geometry":{"type":"Point","coordinates":[139.7400831,35.6537922]}},
{"type":"Feature","properties":{"name":"豊岡町児童遊園"},"geometry":{"type":"Point","coordinates":[139.739041,35.645682]}},
{"type":"Feature","properties":{"name":"三田松坂児童遊園"},"geometry":{"type":"Point","coordinates":[139.7362541,35.6452855]}},
{"type":"Feature","properties":{"name":"三田二丁目児童遊園"},"geometry":{"type":"Point","coordinates":[139.7445073,35.6504647]}},
{"type":"Feature","properties":{"name":"三田綱町児童遊園"},"geometry":{"type":"Point","coordinates":[139.7395973,35.6493731]}},
{"type":"Feature","properties":{"name":"金杉橋児童遊園"},"geometry":{"type":"Point","coordinates":[139.7545428,35.6529367]}},
{"type":"Feature","properties":{"name":"船路橋児童遊園"},"geometry":{"type":"Point","coordinates":[139.7521816,35.6420284]}},
{"type":"Feature","properties":{"name":"芝五丁目児童遊園"},"geometry":{"type":"Point","coordinates":[139.7480675,35.6483659]}},
{"type":"Feature","properties":{"name":"松本町児童遊園"},"geometry":{"type":"Point","coordinates":[139.7461915,35.6527751]}},
{"type":"Feature","properties":{"name":"芝大門二丁目児童遊園"},"geometry":{"type":"Point","coordinates":[139.7538902,35.6533693]}},
{"type":"Feature","properties":{"name":"芝新堀町児童遊園"},"geometry":{"type":"Point","coordinates":[139.7530043,35.651591]}},
{"type":"Feature","properties":{"name":"芝園児童遊園"},"geometry":{"type":"Point","coordinates":[139.7499961,35.6519089]}},
{"type":"Feature","properties":{"name":"西麻布二丁目児童遊園"},"geometry":{"type":"Point","coordinates":[139.7190697,35.6623719]}},
{"type":"Feature","properties":{"name":"一ツ木児童遊園"},"geometry":{"type":"Point","coordinates":[139.734716,35.673217]}},
{"type":"Feature","properties":{"name":"東麻布児童遊園"},"geometry":{"type":"Point","coordinates":[139.7446008,35.6579337]}},
{"type":"Feature","properties":{"name":"東麻布児童遊園"},"geometry":{"type":"Point","coordinates":[139.744876,35.6581342]}},
{"type":"Feature","properties":{"name":"中ノ橋児童遊園"},"geometry":{"type":"Point","coordinates":[139.7419843,35.6549962]}},
{"type":"Feature","properties":{"name":"南青山三丁目児童遊園"},"geometry":{"type":"Point","coordinates":[139.7158291,35.6668482]}},
{"type":"Feature","properties":{"name":"南青山四丁目児童遊園"},"geometry":{"type":"Point","coordinates":[139.7188065,35.667151]}},
{"type":"Feature","properties":{"name":"南青山六丁目児童遊園"},"geometry":{"type":"Point","coordinates":[139.7143541,35.6599421]}},
{"type":"Feature","properties":{"name":"南麻布一丁目児童遊園"},"geometry":{"type":"Point","coordinates":[139.7372113,35.6509688]}},
{"type":"Feature","properties":{"name":"広尾児童遊園"},"geometry":{"type":"Point","coordinates":[139.7238602,35.6518317]}},
{"type":"Feature","properties":{"name":"古川橋児童遊園"},"geometry":{"type":"Point","coordinates":[139.7353754,35.6464821]}},
{"type":"Feature","properties":{"name":"南麻布二丁目児童遊園"},"geometry":{"type":"Point","coordinates":[139.7362543,35.6492953]}},
{"type":"Feature","properties":{"name":"絶江児童遊園"},"geometry":{"type":"Point","coordinates":[139.7343296,35.6481964]}},
{"type":"Feature","properties":{"name":"白金志田町児童遊園"},"geometry":{"type":"Point","coordinates":[139.734715,35.6455074]}},
{"type":"Feature","properties":{"name":"白高児童遊園"},"geometry":{"type":"Point","coordinates":[139.7334989,35.6450411]}},
{"type":"Feature","properties":{"name":"白金一丁目児童遊園"},"geometry":{"type":"Point","coordinates":[139.7319622,35.6445115]}},
{"type":"Feature","properties":{"name":"三光児童遊園"},"geometry":{"type":"Point","coordinates":[139.7238423,35.6456821]}},
{"type":"Feature","properties":{"name":"四の橋通児童遊園"},"geometry":{"type":"Point","coordinates":[139.7311984,35.6442898]}},
{"type":"Feature","properties":{"name":"白金台どんぐり児童遊園"},"geometry":{"type":"Point","coordinates":[139.7221422,35.6365917]}},
{"type":"Feature","properties":{"name":"白金台四丁目児童遊園"},"geometry":{"type":"Point","coordinates":[139.7272979,35.639101]}},
{"type":"Feature","properties":{"name":"白台児童遊園"},"geometry":{"type":"Point","coordinates":[139.7258357,35.6381156]}},
{"type":"Feature","properties":{"name":"白金児童遊園"},"geometry":{"type":"Point","coordinates":[139.729334,35.6328942]}},
{"type":"Feature","properties":{"name":"奥三光児童遊園"},"geometry":{"type":"Point","coordinates":[139.7214912,35.6438812]}},
{"type":"Feature","properties":{"name":"雷神山児童遊園"},"geometry":{"type":"Point","coordinates":[139.724724,35.6440971]}},
{"type":"Feature","properties":{"name":"浜松町四丁目児童遊園"},"geometry":{"type":"Point","coordinates":[139.7545546,35.6532976]}},
{"type":"Feature","properties":{"name":"北青山一丁目児童遊園"},"geometry":{"type":"Point","coordinates":[139.7216039,35.675189]}},
{"type":"Feature","properties":{"name":"飯倉雁木坂児童遊園"},"geometry":{"type":"Point","coordinates":[139.7421993,35.6599889]}},
{"type":"Feature","properties":{"name":"六本木坂上児童遊園"},"geometry":{"type":"Point","coordinates":[139.7398621,35.6656322]}},
{"type":"Feature","properties":{"name":"六本木坂下児童遊園"},"geometry":{"type":"Point","coordinates":[139.7393542,35.6663124]}},
{"type":"Feature","properties":{"name":"六本木三丁目児童遊園"},"geometry":{"type":"Point","coordinates":[139.735128,35.662808]}},
{"type":"Feature","properties":{"name":"日東坂下遊び場"},"geometry":{"type":"Point","coordinates":[139.7194862,35.6413404]}},
{"type":"Feature","properties":{"name":"永坂上遊び場"},"geometry":{"type":"Point","coordinates":[139.7367135,35.660044]}},
{"type":"Feature","properties":{"name":"高輪台遊び場"},"geometry":{"type":"Point","coordinates":[139.7318409,35.6322689]}},
{"type":"Feature","properties":{"name":"白金台緑の遊び場"},"geometry":{"type":"Point","coordinates":[139.7267028,35.6353714]}},
{"type":"Feature","properties":{"name":"白金台緑の遊び場"},"geometry":{"type":"Point","coordinates":[139.7262426,35.6354131]}},
{"type":"Feature","properties":{"name":"白金台三丁目遊び場"},"geometry":{"type":"Point","coordinates":[139.7256036,35.6360132]}},
{"type":"Feature","properties":{"name":"港南三丁目遊び場"},"geometry":{"type":"Point","coordinates":[139.7502305,35.6334422]}},
{"type":"Feature","properties":{"name":"夕凪橋際遊び場"},"geometry":{"type":"Point","coordinates":[139.7502672,35.6394245]}},
{"type":"Feature","properties":{"name":"氷川神社遊び場"},"geometry":{"type":"Point","coordinates":[139.7363151,35.6677911]}},
{"type":"Feature","properties":{"name":"久国神社遊び場"},"geometry":{"type":"Point","coordinates":[139.7380712,35.6672829]}},
{"type":"Feature","properties":{"name":"西麻布四丁目緑地"},"geometry":{"type":"Point","coordinates":[139.7212488,35.6574204]}},
{"type":"Feature","properties":{"name":"牛坂緑地"},"geometry":{"type":"Point","coordinates":[139.721777,35.6582083]}},
{"type":"Feature","properties":{"name":"南青山四丁目緑地"},"geometry":{"type":"Point","coordinates":[139.7204146,35.6657575]}},
{"type":"Feature","properties":{"name":"六本木緑地"},"geometry":{"type":"Point","coordinates":[139.7294637,35.6611497]}},
{"type":"Feature","properties":{"name":"南青山三丁目緑地"},"geometry":{"type":"Point","coordinates":[139.7168864,35.667881]}},
{"type":"Feature","properties":{"name":"南青山二丁目緑地"},"geometry":{"type":"Point","coordinates":[139.7239066,35.6718036]}},
{"type":"Feature","properties":{"name":"六本木六丁目緑地"},"geometry":{"type":"Point","coordinates":[139.7322602,35.6585237]}},
{"type":"Feature","properties":{"name":"手まり坂緑地"},"geometry":{"type":"Point","coordinates":[139.7465374,35.6615983]}},
{"type":"Feature","properties":{"name":"虎ノ門五丁目緑地"},"geometry":{"type":"Point","coordinates":[139.7445983,35.6619864]}},
{"type":"Feature","properties":{"name":"赤坂榎坂町緑地"},"geometry":{"type":"Point","coordinates":[139.7419789,35.6689138]}},
{"type":"Feature","properties":{"name":"江戸見坂緑地"},"geometry":{"type":"Point","coordinates":[139.7445326,35.6662755]}},
{"type":"Feature","properties":{"name":"御成門緑地"},"geometry":{"type":"Point","coordinates":[139.7512869,35.6612643]}},
{"type":"Feature","properties":{"name":"明治坂緑地"},"geometry":{"type":"Point","coordinates":[139.722909,35.6430064]}},
{"type":"Feature","properties":{"name":"古川沿緑地"},"geometry":{"type":"Point","coordinates":[139.730668,35.6470733]}},
{"type":"Feature","properties":{"name":"古川沿緑地"},"geometry":{"type":"Point","coordinates":[139.7326517,35.6471986]}},
{"type":"Feature","properties":{"name":"古川沿緑地"},"geometry":{"type":"Point","coordinates":[139.7317016,35.6472213]}},
{"type":"Feature","properties":{"name":"古川沿緑地"},"geometry":{"type":"Point","coordinates":[139.7312731,35.6471639]}},
{"type":"Feature","properties":{"name":"古川沿緑地"},"geometry":{"type":"Point","coordinates":[139.73036,35.6470498]}},
{"type":"Feature","properties":{"name":"古川沿緑地"},"geometry":{"type":"Point","coordinates":[139.7314705,35.6471935]}},
{"type":"Feature","properties":{"name":"古川沿緑地"},"geometry":{"type":"Point","coordinates":[139.730963,35.6471172]}},
{"type":"Feature","properties":{"name":"古川沿緑地"},"geometry":{"type":"Point","coordinates":[139.7300179,35.647045]}},
{"type":"Feature","properties":{"name":"古川沿緑地"},"geometry":{"type":"Point","coordinates":[139.7293276,35.6470107]}},
{"type":"Feature","properties":{"name":"古川沿緑地"},"geometry":{"type":"Point","coordinates":[139.729663,35.6470397]}},
{"type":"Feature","properties":{"name":"新芝南運河沿緑地"},"geometry":{"type":"Point","coordinates":[139.7470457,35.6417339]}},
{"type":"Feature","properties":{"name":"白金二丁目緑地"},"geometry":{"type":"Point","coordinates":[139.7320364,35.6411174]}},
{"type":"Feature","properties":{"name":"魚籃坂下緑地"},"geometry":{"type":"Point","coordinates":[139.7357845,35.6452277]}},
{"type":"Feature","properties":{"name":"薬園坂緑地"},"geometry":{"type":"Point","coordinates":[139.7308992,35.6487801]}},
{"type":"Feature","properties":{"name":"芝三丁目緑地"},"geometry":{"type":"Point","coordinates":[139.7480401,35.650759]}},
{"type":"Feature","properties":{"name":"三田二丁目緑地"},"geometry":{"type":"Point","coordinates":[139.742911,35.6519469]}},
{"type":"Feature","properties":{"name":"芝浦運河沿緑地"},"geometry":{"type":"Point","coordinates":[139.752096,35.638992]}},
{"type":"Feature","properties":{"name":"芝浦運河沿緑地"},"geometry":{"type":"Point","coordinates":[139.7538176,35.6424365]}},
{"type":"Feature","properties":{"name":"芝浦運河沿緑地"},"geometry":{"type":"Point","coordinates":[139.7547059,35.6441444]}},
{"type":"Feature","properties":{"name":"芝浦運河沿緑地"},"geometry":{"type":"Point","coordinates":[139.7555649,35.6458992]}},
{"type":"Feature","properties":{"name":"芝浦運河沿緑地"},"geometry":{"type":"Point","coordinates":[139.7566763,35.6487874]}},
{"type":"Feature","properties":{"name":"芝浦運河沿緑地"},"geometry":{"type":"Point","coordinates":[139.7575433,35.6497955]}},
{"type":"Feature","properties":{"name":"芝浦運河沿緑地"},"geometry":{"type":"Point","coordinates":[139.7581747,35.6510019]}},
{"type":"Feature","properties":{"name":"芝浦運河沿緑地"},"geometry":{"type":"Point","coordinates":[139.7588757,35.6512058]}},
{"type":"Feature","properties":{"name":"新芝運河沿緑地"},"geometry":{"type":"Point","coordinates":[139.7553739,35.6467205]}},
{"type":"Feature","properties":{"name":"新芝運河沿緑地"},"geometry":{"type":"Point","coordinates":[139.7451187,35.6401973]}},
{"type":"Feature","properties":{"name":"新芝運河沿緑地"},"geometry":{"type":"Point","coordinates":[139.744821,35.6400171]}},
{"type":"Feature","properties":{"name":"新芝運河沿緑地"},"geometry":{"type":"Point","coordinates":[139.7527591,35.6455115]}},
{"type":"Feature","properties":{"name":"新芝運河沿緑地"},"geometry":{"type":"Point","coordinates":[139.754875,35.6462057]}},
{"type":"Feature","properties":{"name":"新芝運河沿緑地"},"geometry":{"type":"Point","coordinates":[139.7486007,35.643728]}},
{"type":"Feature","properties":{"name":"新芝運河沿緑地"},"geometry":{"type":"Point","coordinates":[139.7489253,35.643663]}},
{"type":"Feature","properties":{"name":"新芝北運河沿緑地"},"geometry":{"type":"Point","coordinates":[139.7511346,35.6436014]}},
{"type":"Feature","properties":{"name":"芝二丁目緑地"},"geometry":{"type":"Point","coordinates":[139.7503207,35.6513694]}},
{"type":"Feature","properties":{"name":"金杉濱町緑地"},"geometry":{"type":"Point","coordinates":[139.754525,35.6502863]}},
{"type":"Feature","properties":{"name":"高輪一丁目緑地"},"geometry":{"type":"Point","coordinates":[139.7329526,35.6358506]}},
{"type":"Feature","properties":{"name":"芝浦四丁目緑地"},"geometry":{"type":"Point","coordinates":[139.7461815,35.6394424]}},
{"type":"Feature","properties":{"name":"港南四丁目緑地"},"geometry":{"type":"Point","coordinates":[139.7509091,35.6263033]}},
{"type":"Feature","properties":{"name":"高浜西運河沿緑地"},"geometry":{"type":"Point","coordinates":[139.7499206,35.6374313]}},
{"type":"Feature","properties":{"name":"元麻布三丁目緑地"},"geometry":{"type":"Point","coordinates":[139.7293614,35.655876]}},
{"type":"Feature","properties":{"name":"トリニティ芝浦緑地"},"geometry":{"type":"Point","coordinates":[139.7481409,35.6407774]}},
{"type":"Feature","properties":{"name":"伊皿子坂緑地"},"geometry":{"type":"Point","coordinates":[139.73822,35.6390546]}},
{"type":"Feature","properties":{"name":"南青山七丁目緑地"},"geometry":{"type":"Point","coordinates":[139.7147934,35.6582185]}},
{"type":"Feature","properties":{"name":"白金六丁目緑地"},"geometry":{"type":"Point","coordinates":[139.7221707,35.6434706]}},
{"type":"Feature","properties":{"name":"白金二丁目第二緑地"},"geometry":{"type":"Point","coordinates":[139.7299512,35.6408497]}},
{"type":"Feature","properties":{"name":"西麻布一丁目緑地"},"geometry":{"type":"Point","coordinates":[139.7271508,35.6617246]}},
{"type":"Feature","properties":{"name":"南青山二丁目第二緑地"},"geometry":{"type":"Point","coordinates":[139.7234641,35.6702088]}},
{"type":"Feature","properties":{"name":"浜松町一丁目緑地"},"geometry":{"type":"Point","coordinates":[139.7569935,35.6597787]}},
{"type":"Feature","properties":{"name":"芝浦西運河沿緑地"},"geometry":{"type":"Point","coordinates":[139.7492964,35.6378867]}},
{"type":"Feature","properties":{"name":"芝浦西運河沿緑地"},"geometry":{"type":"Point","coordinates":[139.7492702,35.640042]}},
{"type":"Feature","properties":{"name":"芝浦西運河沿緑地"},"geometry":{"type":"Point","coordinates":[139.7520947,35.6414959]}},
{"type":"Feature","properties":{"name":"芝浦西運河沿緑地"},"geometry":{"type":"Point","coordinates":[139.7501577,35.6416078]}},
{"type":"Feature","properties":{"name":"芝浦西運河沿緑地"},"geometry":{"type":"Point","coordinates":[139.7530743,35.6420144]}},
{"type":"Feature","properties":{"name":"西新橋一丁目緑地"},"geometry":{"type":"Point","coordinates":[139.7533754,35.6696651]}},
{"type":"Feature","properties":{"name":"愛宕一丁目緑地"},"geometry":{"type":"Point","coordinates":[139.7490296,35.666095]}},
{"type":"Feature","properties":{"name":"音羽児童遊園"},"geometry":{"type":"Point","coordinates":[139.729855,35.7125339]}},
{"type":"Feature","properties":{"name":"音羽児童遊園"},"geometry":{"type":"Point","coordinates":[139.7293804,35.7134997]}},
{"type":"Feature","properties":{"name":"音羽児童遊園"},"geometry":{"type":"Point","coordinates":[139.7287485,35.7147667]}},
{"type":"Feature","properties":{"name":"関口一丁目児童遊園"},"geometry":{"type":"Point","coordinates":[139.7326343,35.7087875]}},
{"type":"Feature","properties":{"name":"向丘一丁目児童遊園"},"geometry":{"type":"Point","coordinates":[139.7540301,35.7221937]}},
{"type":"Feature","properties":{"name":"向丘二丁目児童遊園"},"geometry":{"type":"Point","coordinates":[139.7568108,35.7202442]}},
{"type":"Feature","properties":{"name":"大観音児童遊園"},"geometry":{"type":"Point","coordinates":[139.7566403,35.7244694]}},
{"type":"Feature","properties":{"name":"根津一丁目児童遊園"},"geometry":{"type":"Point","coordinates":[139.7639717,35.7183434]}},
{"type":"Feature","properties":{"name":"八重垣第一児童遊園"},"geometry":{"type":"Point","coordinates":[139.763674,35.7189621]}},
{"type":"Feature","properties":{"name":"根津二丁目第二児童遊園"},"geometry":{"type":"Point","coordinates":[139.7661521,35.7177116]}},
{"type":"Feature","properties":{"name":"根津二丁目児童遊園"},"geometry":{"type":"Point","coordinates":[139.7653948,35.7190937]}},
{"type":"Feature","properties":{"name":"春日一丁目児童遊園"},"geometry":{"type":"Point","coordinates":[139.7462331,35.7091755]}},
{"type":"Feature","properties":{"name":"春日二丁目児童遊園"},"geometry":{"type":"Point","coordinates":[139.7411969,35.7123923]}},
{"type":"Feature","properties":{"name":"小石川一丁目児童遊園"},"geometry":{"type":"Point","coordinates":[139.7498107,35.7142489]}},
{"type":"Feature","properties":{"name":"八千代町児童遊園"},"geometry":{"type":"Point","coordinates":[139.7487742,35.7142754]}},
{"type":"Feature","properties":{"name":"小石川四丁目児童遊園"},"geometry":{"type":"Point","coordinates":[139.7442151,35.7156315]}},
{"type":"Feature","properties":{"name":"茗荷谷児童遊園"},"geometry":{"type":"Point","coordinates":[139.7363296,35.71382]}},
{"type":"Feature","properties":{"name":"小日向二丁目児童遊園"},"geometry":{"type":"Point","coordinates":[139.7330572,35.7121445]}},
{"type":"Feature","properties":{"name":"小日向台町児童遊園"},"geometry":{"type":"Point","coordinates":[139.7335447,35.7149294]}},
{"type":"Feature","properties":{"name":"小日向児童遊園"},"geometry":{"type":"Point","coordinates":[139.7338838,35.7142556]}},
{"type":"Feature","properties":{"name":"水道一丁目児童遊園"},"geometry":{"type":"Point","coordinates":[139.7405545,35.7102515]}},
{"type":"Feature","properties":{"name":"丸山福山児童遊園"},"geometry":{"type":"Point","coordinates":[139.7530086,35.7149786]}},
{"type":"Feature","properties":{"name":"西片二丁目児童遊園"},"geometry":{"type":"Point","coordinates":[139.756803,35.7162757]}},
{"type":"Feature","properties":{"name":"千石一丁目児童遊園"},"geometry":{"type":"Point","coordinates":[139.7443379,35.7268633]}},
{"type":"Feature","properties":{"name":"林町児童遊園"},"geometry":{"type":"Point","coordinates":[139.7419349,35.7255698]}},
{"type":"Feature","properties":{"name":"永川下児童遊園"},"geometry":{"type":"Point","coordinates":[139.7362275,35.7250062]}},
{"type":"Feature","properties":{"name":"西原町児童遊園"},"geometry":{"type":"Point","coordinates":[139.7406903,35.728714]}},
{"type":"Feature","properties":{"name":"千石四丁目児童遊園"},"geometry":{"type":"Point","coordinates":[139.7420956,35.729262]}},
{"type":"Feature","properties":{"name":"千駄木児童遊園"},"geometry":{"type":"Point","coordinates":[139.7589443,35.7264152]}},
{"type":"Feature","properties":{"name":"千駄木三丁目第二児童遊園"},"geometry":{"type":"Point","coordinates":[139.7621332,35.728156]}},
{"type":"Feature","properties":{"name":"千駄木三丁目児童遊園"},"geometry":{"type":"Point","coordinates":[139.7642205,35.7280137]}},
{"type":"Feature","properties":{"name":"汐見児童遊園"},"geometry":{"type":"Point","coordinates":[139.7605712,35.7241971]}},
{"type":"Feature","properties":{"name":"千駄木二丁目児童遊園"},"geometry":{"type":"Point","coordinates":[139.7634311,35.7239864]}},
{"type":"Feature","properties":{"name":"ポポー広場"},"geometry":{"type":"Point","coordinates":[139.7290369,35.7251403]}},
{"type":"Feature","properties":{"name":"大塚五丁目児童遊園"},"geometry":{"type":"Point","coordinates":[139.7303892,35.7218725]}},
{"type":"Feature","properties":{"name":"えのき広場"},"geometry":{"type":"Point","coordinates":[139.7251669,35.7258915]}},
{"type":"Feature","properties":{"name":"大塚児童遊園"},"geometry":{"type":"Point","coordinates":[139.7257449,35.7244405]}},
{"type":"Feature","properties":{"name":"ひょうたん広場"},"geometry":{"type":"Point","coordinates":[139.7241827,35.7250226]}},
{"type":"Feature","properties":{"name":"湯島三丁目児童遊園"},"geometry":{"type":"Point","coordinates":[139.7694653,35.7072346]}},
{"type":"Feature","properties":{"name":"清水坂上児童遊園"},"geometry":{"type":"Point","coordinates":[139.7672893,35.7037725]}},
{"type":"Feature","properties":{"name":"白山一丁目児童遊園"},"geometry":{"type":"Point","coordinates":[139.7528062,35.7192906]}},
{"type":"Feature","properties":{"name":"白山五丁目児童遊園"},"geometry":{"type":"Point","coordinates":[139.7484081,35.7237786]}},
{"type":"Feature","properties":{"name":"白山五丁目第二児童遊園"},"geometry":{"type":"Point","coordinates":[139.7520315,35.7218329]}},
{"type":"Feature","properties":{"name":"白山三丁目児童遊園"},"geometry":{"type":"Point","coordinates":[139.7409943,35.7203759]}},
{"type":"Feature","properties":{"name":"白山四丁目児童遊園"},"geometry":{"type":"Point","coordinates":[139.7460694,35.7240599]}},
{"type":"Feature","properties":{"name":"白山四丁目第二児童遊園"},"geometry":{"type":"Point","coordinates":[139.7467468,35.7203174]}},
{"type":"Feature","properties":{"name":"白山二丁目第二児童遊園"},"geometry":{"type":"Point","coordinates":[139.7512634,35.7161139]}},
{"type":"Feature","properties":{"name":"白山二丁目児童遊園"},"geometry":{"type":"Point","coordinates":[139.748682,35.7160288]}},
{"type":"Feature","properties":{"name":"西林ひろば"},"geometry":{"type":"Point","coordinates":[139.757767,35.7266039]}},
{"type":"Feature","properties":{"name":"文京雑司ヶ谷ひろば"},"geometry":{"type":"Point","coordinates":[139.7270657,35.71682]}},
{"type":"Feature","properties":{"name":"春日園児童遊園"},"geometry":{"type":"Point","coordinates":[139.7547486,35.7067982]}},
{"type":"Feature","properties":{"name":"台町児童遊園"},"geometry":{"type":"Point","coordinates":[139.7582633,35.7113275]}},
{"type":"Feature","properties":{"name":"台町第二児童遊園"},"geometry":{"type":"Point","coordinates":[139.758365,35.7110547]}},
{"type":"Feature","properties":{"name":"本郷五丁目児童遊園"},"geometry":{"type":"Point","coordinates":[139.759129,35.709501]}},
{"type":"Feature","properties":{"name":"本郷四丁目児童遊園"},"geometry":{"type":"Point","coordinates":[139.7550523,35.7107097]}},
{"type":"Feature","properties":{"name":"真砂児童遊園"},"geometry":{"type":"Point","coordinates":[139.7569188,35.7084145]}},
{"type":"Feature","properties":{"name":"本郷給水所公苑"},"geometry":{"type":"Point","coordinates":[139.7597961,35.7034563]}},
{"type":"Feature","properties":{"name":"森川町児童遊園"},"geometry":{"type":"Point","coordinates":[139.7569008,35.7122617]}},
{"type":"Feature","properties":{"name":"本駒込一丁目第二児童遊園"},"geometry":{"type":"Point","coordinates":[139.7506925,35.7261314]}},
{"type":"Feature","properties":{"name":"本駒込一丁目児童遊園"},"geometry":{"type":"Point","coordinates":[139.7521322,35.7256306]}},
{"type":"Feature","properties":{"name":"竜光寺児童遊園"},"geometry":{"type":"Point","coordinates":[139.7528027,35.7241047]}},
{"type":"Feature","properties":{"name":"本駒込三丁目児童遊園"},"geometry":{"type":"Point","coordinates":[139.7553423,35.7276041]}},
{"type":"Feature","properties":{"name":"本駒込児童遊園"},"geometry":{"type":"Point","coordinates":[139.752595,35.7285583]}},
{"type":"Feature","properties":{"name":"本駒込二丁目第二児童遊園"},"geometry":{"type":"Point","coordinates":[139.7484351,35.7287612]}},
{"type":"Feature","properties":{"name":"本駒込二丁目児童遊園"},"geometry":{"type":"Point","coordinates":[139.747525,35.7266874]}},
{"type":"Feature","properties":{"name":"目白台児童遊園"},"geometry":{"type":"Point","coordinates":[139.724593,35.715286]}},
{"type":"Feature","properties":{"name":"目白台三丁目児童遊園"},"geometry":{"type":"Point","coordinates":[139.7239757,35.7161731]}},
{"type":"Feature","properties":{"name":"弥生児童遊園"},"geometry":{"type":"Point","coordinates":[139.76425,35.7151243]}},
{"type":"Feature","properties":{"name":"向丘一丁目遊び場"},"geometry":{"type":"Point","coordinates":[139.7569437,35.7190474]}},
{"type":"Feature","properties":{"name":"目白台一丁目遊び場"},"geometry":{"type":"Point","coordinates":[139.7183716,35.716353]}},
{"type":"Feature","properties":{"name":"満足稲荷境内遊び場"},"geometry":{"type":"Point","coordinates":[139.7604896,35.7254931]}},
{"type":"Feature","properties":{"name":"諏訪神社境内遊び場"},"geometry":{"type":"Point","coordinates":[139.7455548,35.7068856]}},
{"type":"Feature","properties":{"name":"本郷七丁目遊び場"},"geometry":{"type":"Point","coordinates":[139.7619099,35.707681]}},
{"type":"Feature","properties":{"name":"丸山町遊び場"},"geometry":{"type":"Point","coordinates":[139.7400097,35.7259724]}},
{"type":"Feature","properties":{"name":"水道二丁目遊び場"},"geometry":{"type":"Point","coordinates":[139.7322814,35.710721]}},
{"type":"Feature","properties":{"name":"横川一丁目こども広場"},"geometry":{"type":"Point","coordinates":[139.811295,35.7045064]}},
{"type":"Feature","properties":{"name":"立花五丁目こども広場"},"geometry":{"type":"Point","coordinates":[139.8306689,35.7151355]}},
{"type":"Feature","properties":{"name":"緑二丁目こども広場"},"geometry":{"type":"Point","coordinates":[139.8008795,35.6935292]}},
{"type":"Feature","properties":{"name":"八広三丁目こども広場"},"geometry":{"type":"Point","coordinates":[139.8286534,35.7196232]}},
{"type":"Feature","properties":{"name":"立花一丁目こども広場"},"geometry":{"type":"Point","coordinates":[139.82667,35.7062878]}},
{"type":"Feature","properties":{"name":"東向島六丁目こども広場"},"geometry":{"type":"Point","coordinates":[139.8217537,35.7232754]}},
{"type":"Feature","properties":{"name":"東向島一丁目こども広場"},"geometry":{"type":"Point","coordinates":[139.813727,35.7226887]}},
{"type":"Feature","properties":{"name":"菊川三丁目こども広場"},"geometry":{"type":"Point","coordinates":[139.8071551,35.6878449]}},
{"type":"Feature","properties":{"name":"京島三丁目ぐるぐる広場"},"geometry":{"type":"Point","coordinates":[139.8241611,35.7133498]}},
{"type":"Feature","properties":{"name":"亀沢四丁目こども広場"},"geometry":{"type":"Point","coordinates":[139.806174,35.6982149]}},
{"type":"Feature","properties":{"name":"八広四丁目こども広場"},"geometry":{"type":"Point","coordinates":[139.8290861,35.7220443]}},
{"type":"Feature","properties":{"name":"地蔵坂通り広場"},"geometry":{"type":"Point","coordinates":[139.8150455,35.7216699]}},
{"type":"Feature","properties":{"name":"てらじま広場"},"geometry":{"type":"Point","coordinates":[139.81465,35.721868]}},
{"type":"Feature","properties":{"name":"京島いこい広場"},"geometry":{"type":"Point","coordinates":[139.8216247,35.7175808]}},
{"type":"Feature","properties":{"name":"中川かわせみこども広場"},"geometry":{"type":"Point","coordinates":[139.8334941,35.7132836]}},
{"type":"Feature","properties":{"name":"長浦いきいき広場"},"geometry":{"type":"Point","coordinates":[139.8232371,35.721401]}},
{"type":"Feature","properties":{"name":"錦糸四丁目緑地広場"},"geometry":{"type":"Point","coordinates":[139.8180977,35.6987131]}},
{"type":"Feature","properties":{"name":"両国二丁目緑地広場"},"geometry":{"type":"Point","coordinates":[139.7930741,35.6953018]}},
{"type":"Feature","properties":{"name":"立川二丁目緑地広場"},"geometry":{"type":"Point","coordinates":[139.8019275,35.6921385]}},
{"type":"Feature","properties":{"name":"曳舟やすらぎ広場"},"geometry":{"type":"Point","coordinates":[139.819449,35.7191709]}},
{"type":"Feature","properties":{"name":"いちご広場"},"geometry":{"type":"Point","coordinates":[139.8213963,35.7302236]}},
{"type":"Feature","properties":{"name":"千歳二丁目緑地広場"},"geometry":{"type":"Point","coordinates":[139.7956312,35.6918155]}},
{"type":"Feature","properties":{"name":"文花一丁目緑地広場"},"geometry":{"type":"Point","coordinates":[139.8228787,35.7096892]}},
{"type":"Feature","properties":{"name":"向島一丁目広場"},"geometry":{"type":"Point","coordinates":[139.8042326,35.7108809]}},
{"type":"Feature","properties":{"name":"有明二丁目児童遊園"},"geometry":{"type":"Point","coordinates":[139.7961456,35.6385089]}},
{"type":"Feature","properties":{"name":"大島二丁目児童遊園"},"geometry":{"type":"Point","coordinates":[139.8214983,35.6916099]}},
{"type":"Feature","properties":{"name":"北砂四丁目第三児童遊園"},"geometry":{"type":"Point","coordinates":[139.8334042,35.6768856]}},
{"type":"Feature","properties":{"name":"中の堀川児童遊園"},"geometry":{"type":"Point","coordinates":[139.7930014,35.6781732]}},
{"type":"Feature","properties":{"name":"牡丹二丁目児童遊園"},"geometry":{"type":"Point","coordinates":[139.7970463,35.6692098]}},
{"type":"Feature","properties":{"name":"大島三丁目西児童遊園"},"geometry":{"type":"Point","coordinates":[139.8282033,35.6921326]}},
{"type":"Feature","properties":{"name":"越中島橋児童遊園"},"geometry":{"type":"Point","coordinates":[139.7925378,35.6710791]}},
{"type":"Feature","properties":{"name":"潮見二丁目児童遊園"},"geometry":{"type":"Point","coordinates":[139.8172117,35.6609096]}},
{"type":"Feature","properties":{"name":"大島川児童遊園"},"geometry":{"type":"Point","coordinates":[139.7902947,35.6722942]}},
{"type":"Feature","properties":{"name":"越中島一丁目児童遊園"},"geometry":{"type":"Point","coordinates":[139.7910745,35.6701135]}},
{"type":"Feature","properties":{"name":"猿江橋児童遊園"},"geometry":{"type":"Point","coordinates":[139.8093418,35.6858386]}},
{"type":"Feature","properties":{"name":"猿江橋児童遊園"},"geometry":{"type":"Point","coordinates":[139.8099569,35.6858527]}},
{"type":"Feature","properties":{"name":"猿江橋児童遊園"},"geometry":{"type":"Point","coordinates":[139.809323,35.6860228]}},
{"type":"Feature","properties":{"name":"猿江橋児童遊園"},"geometry":{"type":"Point","coordinates":[139.8099315,35.6860539]}},
{"type":"Feature","properties":{"name":"小松橋際児童遊園"},"geometry":{"type":"Point","coordinates":[139.8123109,35.6848586]}},
{"type":"Feature","properties":{"name":"しおかぜ児童遊園"},"geometry":{"type":"Point","coordinates":[139.8106696,35.6615063]}},
{"type":"Feature","properties":{"name":"塩浜二丁目児童遊園"},"geometry":{"type":"Point","coordinates":[139.8162046,35.6647385]}},
{"type":"Feature","properties":{"name":"海辺児童遊園"},"geometry":{"type":"Point","coordinates":[139.819241,35.679889]}},
{"type":"Feature","properties":{"name":"亀戸三丁目第二児童遊園"},"geometry":{"type":"Point","coordinates":[139.8194297,35.7030427]}},
{"type":"Feature","properties":{"name":"亀戸三丁目児童遊園"},"geometry":{"type":"Point","coordinates":[139.8194287,35.7041368]}},
{"type":"Feature","properties":{"name":"亀戸四丁目児童遊園"},"geometry":{"type":"Point","coordinates":[139.8274552,35.7015703]}},
{"type":"Feature","properties":{"name":"亀戸七丁目児童遊園"},"geometry":{"type":"Point","coordinates":[139.8348574,35.6954851]}},
{"type":"Feature","properties":{"name":"かめ・うさぎ児童遊園"},"geometry":{"type":"Point","coordinates":[139.8244427,35.6978425]}},
{"type":"Feature","properties":{"name":"八千代児童遊園"},"geometry":{"type":"Point","coordinates":[139.8336255,35.6995939]}},
{"type":"Feature","properties":{"name":"亀戸六丁目児童遊園"},"geometry":{"type":"Point","coordinates":[139.8321977,35.6964898]}},
{"type":"Feature","properties":{"name":"石浜橋児童遊園"},"geometry":{"type":"Point","coordinates":[139.8021618,35.6650456]}},
{"type":"Feature","properties":{"name":"古石場二丁目児童遊園"},"geometry":{"type":"Point","coordinates":[139.7998723,35.6666324]}},
{"type":"Feature","properties":{"name":"三好三丁目児童遊園"},"geometry":{"type":"Point","coordinates":[139.8045471,35.6799878]}},
{"type":"Feature","properties":{"name":"朝日児童遊園"},"geometry":{"type":"Point","coordinates":[139.8055442,35.6554622]}},
{"type":"Feature","properties":{"name":"枝川橋児童遊園"},"geometry":{"type":"Point","coordinates":[139.805218,35.6573069]}},
{"type":"Feature","properties":{"name":"枝川橋第四児童遊園"},"geometry":{"type":"Point","coordinates":[139.8049843,35.6575278]}},
{"type":"Feature","properties":{"name":"枝川橋第二児童遊園"},"geometry":{"type":"Point","coordinates":[139.8057134,35.6576343]}},
{"type":"Feature","properties":{"name":"枝川橋第三児童遊園"},"geometry":{"type":"Point","coordinates":[139.8054842,35.6578662]}},
{"type":"Feature","properties":{"name":"住吉一丁目児童遊園"},"geometry":{"type":"Point","coordinates":[139.8097127,35.6884558]}},
{"type":"Feature","properties":{"name":"万年橋児童遊園"},"geometry":{"type":"Point","coordinates":[139.7945815,35.6831898]}},
{"type":"Feature","properties":{"name":"万年橋児童遊園"},"geometry":{"type":"Point","coordinates":[139.7948426,35.6832079]}},
{"type":"Feature","properties":{"name":"常盤二丁目児童遊園"},"geometry":{"type":"Point","coordinates":[139.7972748,35.6849911]}},
{"type":"Feature","properties":{"name":"新砂一丁目児童遊園"},"geometry":{"type":"Point","coordinates":[139.822228,35.6691865]}},
{"type":"Feature","properties":{"name":"新大橋三丁目児童遊園"},"geometry":{"type":"Point","coordinates":[139.7965999,35.6881479]}},
{"type":"Feature","properties":{"name":"森下五丁目第二児童遊園"},"geometry":{"type":"Point","coordinates":[139.8081469,35.6846214]}},
{"type":"Feature","properties":{"name":"森下五丁目児童遊園"},"geometry":{"type":"Point","coordinates":[139.8076412,35.6854075]}},
{"type":"Feature","properties":{"name":"森下三丁目第二児童遊園"},"geometry":{"type":"Point","coordinates":[139.8017806,35.686456]}},
{"type":"Feature","properties":{"name":"森下三丁目第三児童遊園"},"geometry":{"type":"Point","coordinates":[139.8025051,35.6854626]}},
{"type":"Feature","properties":{"name":"森下三丁目第一児童遊園"},"geometry":{"type":"Point","coordinates":[139.8007606,35.6879831]}},
{"type":"Feature","properties":{"name":"森下四丁目児童遊園"},"geometry":{"type":"Point","coordinates":[139.8037543,35.6860318]}},
{"type":"Feature","properties":{"name":"東深川橋児童遊園"},"geometry":{"type":"Point","coordinates":[139.8039047,35.6843586]}},
{"type":"Feature","properties":{"name":"深川一丁目児童遊園"},"geometry":{"type":"Point","coordinates":[139.7958902,35.6753015]}},
{"type":"Feature","properties":{"name":"清澄児童遊園"},"geometry":{"type":"Point","coordinates":[139.7987339,35.6810656]}},
{"type":"Feature","properties":{"name":"千石児童遊園"},"geometry":{"type":"Point","coordinates":[139.8142724,35.6778702]}},
{"type":"Feature","properties":{"name":"千石二丁目児童遊園"},"geometry":{"type":"Point","coordinates":[139.8153401,35.6782555]}},
{"type":"Feature","properties":{"name":"千田児童遊園"},"geometry":{"type":"Point","coordinates":[139.8169085,35.6814039]}},
{"type":"Feature","properties":{"name":"扇橋一丁目児童遊園"},"geometry":{"type":"Point","coordinates":[139.8107859,35.6834563]}},
{"type":"Feature","properties":{"name":"黎明児童遊園"},"geometry":{"type":"Point","coordinates":[139.8258754,35.6875969]}},
{"type":"Feature","properties":{"name":"大島五丁目児童遊園"},"geometry":{"type":"Point","coordinates":[139.8342472,35.6881666]}},
{"type":"Feature","properties":{"name":"大島三丁目児童遊園"},"geometry":{"type":"Point","coordinates":[139.8311159,35.6897342]}},
{"type":"Feature","properties":{"name":"東大島児童遊園"},"geometry":{"type":"Point","coordinates":[139.8405729,35.69087]}},
{"type":"Feature","properties":{"name":"子安児童遊園"},"geometry":{"type":"Point","coordinates":[139.8411971,35.6878339]}},
{"type":"Feature","properties":{"name":"大島六丁目第二児童遊園"},"geometry":{"type":"Point","coordinates":[139.8357598,35.6911071]}},
{"type":"Feature","properties":{"name":"潮見児童遊園"},"geometry":{"type":"Point","coordinates":[139.813219,35.6575091]}},
{"type":"Feature","properties":{"name":"暁橋児童遊園"},"geometry":{"type":"Point","coordinates":[139.8138682,35.6588402]}},
{"type":"Feature","properties":{"name":"因速寺前児童遊園"},"geometry":{"type":"Point","coordinates":[139.8409562,35.6822985]}},
{"type":"Feature","properties":{"name":"東砂五丁目第二児童遊園"},"geometry":{"type":"Point","coordinates":[139.8424027,35.6753732]}},
{"type":"Feature","properties":{"name":"東砂五丁目児童遊園"},"geometry":{"type":"Point","coordinates":[139.8405627,35.6762264]}},
{"type":"Feature","properties":{"name":"東砂三丁目児童遊園"},"geometry":{"type":"Point","coordinates":[139.8419937,35.6797664]}},
{"type":"Feature","properties":{"name":"東砂三丁目第二児童遊園"},"geometry":{"type":"Point","coordinates":[139.8422406,35.6809068]}},
{"type":"Feature","properties":{"name":"東砂七丁目児童遊園"},"geometry":{"type":"Point","coordinates":[139.8379419,35.6709184]}},
{"type":"Feature","properties":{"name":"南開橋第一児童遊園"},"geometry":{"type":"Point","coordinates":[139.811052,35.6657882]}},
{"type":"Feature","properties":{"name":"東陽一丁目南児童遊園"},"geometry":{"type":"Point","coordinates":[139.8088392,35.6656149]}},
{"type":"Feature","properties":{"name":"南開橋第二児童遊園"},"geometry":{"type":"Point","coordinates":[139.8112684,35.6657954]}},
{"type":"Feature","properties":{"name":"東陽一丁目児童遊園"},"geometry":{"type":"Point","coordinates":[139.8092097,35.6674051]}},
{"type":"Feature","properties":{"name":"東陽西児童遊園"},"geometry":{"type":"Point","coordinates":[139.8096974,35.67144]}},
{"type":"Feature","properties":{"name":"沢海橋第二児童遊園"},"geometry":{"type":"Point","coordinates":[139.8089953,35.6695089]}},
{"type":"Feature","properties":{"name":"東陽児童遊園"},"geometry":{"type":"Point","coordinates":[139.8092255,35.6701568]}},
{"type":"Feature","properties":{"name":"東陽四丁目児童遊園"},"geometry":{"type":"Point","coordinates":[139.817312,35.6702193]}},
{"type":"Feature","properties":{"name":"松島橋児童遊園"},"geometry":{"type":"Point","coordinates":[139.8247286,35.6761771]}},
{"type":"Feature","properties":{"name":"松島橋児童遊園"},"geometry":{"type":"Point","coordinates":[139.8243851,35.6762568]}},
{"type":"Feature","properties":{"name":"南砂一丁目児童遊園"},"geometry":{"type":"Point","coordinates":[139.8210994,35.6795508]}},
{"type":"Feature","properties":{"name":"南砂三丁目児童遊園"},"geometry":{"type":"Point","coordinates":[139.8266274,35.6697032]}},
{"type":"Feature","properties":{"name":"白河児童遊園"},"geometry":{"type":"Point","coordinates":[139.8048472,35.683819]}},
{"type":"Feature","properties":{"name":"平野二丁目児童遊園"},"geometry":{"type":"Point","coordinates":[139.8027967,35.6785742]}},
{"type":"Feature","properties":{"name":"豊洲四丁目児童遊園"},"geometry":{"type":"Point","coordinates":[139.8024025,35.652327]}},
{"type":"Feature","properties":{"name":"北砂一丁目児童遊園"},"geometry":{"type":"Point","coordinates":[139.8250332,35.6786685]}},
{"type":"Feature","properties":{"name":"北砂一丁目第二児童遊園"},"geometry":{"type":"Point","coordinates":[139.8227085,35.6837443]}},
{"type":"Feature","properties":{"name":"北砂三丁目児童遊園"},"geometry":{"type":"Point","coordinates":[139.8289132,35.6851918]}},
{"type":"Feature","properties":{"name":"北砂四丁目児童遊園"},"geometry":{"type":"Point","coordinates":[139.8299574,35.6780001]}},
{"type":"Feature","properties":{"name":"亀高児童遊園"},"geometry":{"type":"Point","coordinates":[139.8318834,35.6782805]}},
{"type":"Feature","properties":{"name":"北砂四丁目第二児童遊園"},"geometry":{"type":"Point","coordinates":[139.8331317,35.6789875]}},
{"type":"Feature","properties":{"name":"北砂七丁目児童遊園"},"geometry":{"type":"Point","coordinates":[139.8353045,35.6779218]}},
{"type":"Feature","properties":{"name":"北砂なかよし児童遊園"},"geometry":{"type":"Point","coordinates":[139.8361498,35.6800196]}},
{"type":"Feature","properties":{"name":"北砂七丁目東児童遊園"},"geometry":{"type":"Point","coordinates":[139.8364164,35.6788599]}},
{"type":"Feature","properties":{"name":"北砂七丁目西児童遊園"},"geometry":{"type":"Point","coordinates":[139.8359835,35.6790919]}},
{"type":"Feature","properties":{"name":"丸八児童遊園"},"geometry":{"type":"Point","coordinates":[139.8375048,35.6854127]}},
{"type":"Feature","properties":{"name":"清水橋児童遊園"},"geometry":{"type":"Point","coordinates":[139.8192125,35.6923291]}},
{"type":"Feature","properties":{"name":"沢海橋第一児童遊園"},"geometry":{"type":"Point","coordinates":[139.8085389,35.6695332]}},
{"type":"Feature","properties":{"name":"鉄道堀児童遊園"},"geometry":{"type":"Point","coordinates":[139.8035962,35.674457]}},
{"type":"Feature","properties":{"name":"木場二丁目児童遊園"},"geometry":{"type":"Point","coordinates":[139.8027963,35.6706827]}},
{"type":"Feature","properties":{"name":"舟木橋第二児童遊園"},"geometry":{"type":"Point","coordinates":[139.8047597,35.6696714]}},
{"type":"Feature","properties":{"name":"舟木橋第一児童遊園"},"geometry":{"type":"Point","coordinates":[139.8046684,35.6692608]}},
{"type":"Feature","properties":{"name":"舟木橋第三児童遊園"},"geometry":{"type":"Point","coordinates":[139.8042603,35.6693037]}},
{"type":"Feature","properties":{"name":"舟木橋第四児童遊園"},"geometry":{"type":"Point","coordinates":[139.8042573,35.6696683]}},
{"type":"Feature","properties":{"name":"木場六丁目児童遊園"},"geometry":{"type":"Point","coordinates":[139.8079167,35.6682311]}},
{"type":"Feature","properties":{"name":"北砂一丁目第三児童遊園"},"geometry":{"type":"Point","coordinates":[139.8232504,35.6815846]}},
{"type":"Feature","properties":{"name":"北砂小名木川児童遊園"},"geometry":{"type":"Point","coordinates":[139.8279298,35.6852175]}},
{"type":"Feature","properties":{"name":"北砂ふれあい児童遊園"},"geometry":{"type":"Point","coordinates":[139.8296996,35.6827976]}},
{"type":"Feature","properties":{"name":"二葉三防災広場"},"geometry":{"type":"Point","coordinates":[139.7201955,35.6036301]}},
{"type":"Feature","properties":{"name":"中延六丁目広場"},"geometry":{"type":"Point","coordinates":[139.7111639,35.6024149]}},
{"type":"Feature","properties":{"name":"東品川２−３開放広場"},"geometry":{"type":"Point","coordinates":[139.7514992,35.6221466]}},
{"type":"Feature","properties":{"name":"マイガーデン西五反田児童遊園"},"geometry":{"type":"Point","coordinates":[139.716187,35.6231457]}},
{"type":"Feature","properties":{"name":"ぞう３広場"},"geometry":{"type":"Point","coordinates":[139.7173818,35.6129597]}},
{"type":"Feature","properties":{"name":"荏原児童遊園"},"geometry":{"type":"Point","coordinates":[139.7119609,35.6196146]}},
{"type":"Feature","properties":{"name":"荏原一丁目特定児童遊園"},"geometry":{"type":"Point","coordinates":[139.7117924,35.619838]}},
{"type":"Feature","properties":{"name":"荏原一丁目ふれあい広場"},"geometry":{"type":"Point","coordinates":[139.7131787,35.6213156]}},
{"type":"Feature","properties":{"name":"わくわく広場"},"geometry":{"type":"Point","coordinates":[139.7127636,35.6201375]}},
{"type":"Feature","properties":{"name":"荏原三丁目特定児童遊園"},"geometry":{"type":"Point","coordinates":[139.7083223,35.6178268]}},
{"type":"Feature","properties":{"name":"荏原４丁目児童遊園"},"geometry":{"type":"Point","coordinates":[139.7054287,35.6167527]}},
{"type":"Feature","properties":{"name":"荏原２丁目児童遊園"},"geometry":{"type":"Point","coordinates":[139.7093117,35.6173848]}},
{"type":"Feature","properties":{"name":"荏原六丁目特定児童遊園"},"geometry":{"type":"Point","coordinates":[139.7053384,35.6131063]}},
{"type":"Feature","properties":{"name":"旗の台一丁目特定児童遊園"},"geometry":{"type":"Point","coordinates":[139.7021154,35.6102363]}},
{"type":"Feature","properties":{"name":"立会川(その３)児童遊園"},"geometry":{"type":"Point","coordinates":[139.7047524,35.605326]}},
{"type":"Feature","properties":{"name":"立会川(その３)児童遊園"},"geometry":{"type":"Point","coordinates":[139.7044011,35.6058773]}},
{"type":"Feature","properties":{"name":"旗岡児童遊園"},"geometry":{"type":"Point","coordinates":[139.7084598,35.6044652]}},
{"type":"Feature","properties":{"name":"立会川(その４)児童遊園"},"geometry":{"type":"Point","coordinates":[139.7069104,35.6040469]}},
{"type":"Feature","properties":{"name":"立会川(その４)児童遊園"},"geometry":{"type":"Point","coordinates":[139.7058765,35.6045368]}},
{"type":"Feature","properties":{"name":"旗の台東広場"},"geometry":{"type":"Point","coordinates":[139.703865,35.6021306]}},
{"type":"Feature","properties":{"name":"立会川(その２)児童遊園"},"geometry":{"type":"Point","coordinates":[139.7043328,35.6064429]}},
{"type":"Feature","properties":{"name":"立会川(その２)児童遊園"},"geometry":{"type":"Point","coordinates":[139.7042565,35.6071398]}},
{"type":"Feature","properties":{"name":"わかば特定児童遊園"},"geometry":{"type":"Point","coordinates":[139.7217609,35.615677]}},
{"type":"Feature","properties":{"name":"戸越ひだまり広場"},"geometry":{"type":"Point","coordinates":[139.7193688,35.6170048]}},
{"type":"Feature","properties":{"name":"戸越一丁目特定児童遊園"},"geometry":{"type":"Point","coordinates":[139.7187015,35.6166207]}},
{"type":"Feature","properties":{"name":"戸越五丁目特定児童遊園"},"geometry":{"type":"Point","coordinates":[139.717131,35.6096052]}},
{"type":"Feature","properties":{"name":"戸越児童遊園"},"geometry":{"type":"Point","coordinates":[139.71562,35.6119541]}},
{"type":"Feature","properties":{"name":"戸越二丁目広場"},"geometry":{"type":"Point","coordinates":[139.7184919,35.6145351]}},
{"type":"Feature","properties":{"name":"宮前坂広場"},"geometry":{"type":"Point","coordinates":[139.7196873,35.6141365]}},
{"type":"Feature","properties":{"name":"戸越六丁目児童遊園"},"geometry":{"type":"Point","coordinates":[139.7153477,35.6075725]}},
{"type":"Feature","properties":{"name":"小山五丁目児童遊園"},"geometry":{"type":"Point","coordinates":[139.7019345,35.6165099]}},
{"type":"Feature","properties":{"name":"武蔵小山児童遊園"},"geometry":{"type":"Point","coordinates":[139.7065361,35.6192365]}},
{"type":"Feature","properties":{"name":"小山四丁目児童遊園"},"geometry":{"type":"Point","coordinates":[139.7047615,35.6174304]}},
{"type":"Feature","properties":{"name":"上大崎児童遊園"},"geometry":{"type":"Point","coordinates":[139.7181886,35.6335526]}},
{"type":"Feature","properties":{"name":"大崎橋広場"},"geometry":{"type":"Point","coordinates":[139.7240124,35.6247446]}},
{"type":"Feature","properties":{"name":"西五反田五丁目特定児童遊園"},"geometry":{"type":"Point","coordinates":[139.7142172,35.6234916]}},
{"type":"Feature","properties":{"name":"にしよん広場"},"geometry":{"type":"Point","coordinates":[139.7108377,35.6258528]}},
{"type":"Feature","properties":{"name":"西五反田４丁目遊園"},"geometry":{"type":"Point","coordinates":[139.7081429,35.6254768]}},
{"type":"Feature","properties":{"name":"西五反田六丁目児童遊園"},"geometry":{"type":"Point","coordinates":[139.7174908,35.6208453]}},
{"type":"Feature","properties":{"name":"富士見ヶ丘児童遊園"},"geometry":{"type":"Point","coordinates":[139.7164267,35.5994107]}},
{"type":"Feature","properties":{"name":"出石児童遊園"},"geometry":{"type":"Point","coordinates":[139.7238561,35.5978543]}},
{"type":"Feature","properties":{"name":"西大井三丁目特定児童遊園"},"geometry":{"type":"Point","coordinates":[139.7239192,35.5969416]}},
{"type":"Feature","properties":{"name":"西大井四丁目特定児童遊園"},"geometry":{"type":"Point","coordinates":[139.7193484,35.5929017]}},
{"type":"Feature","properties":{"name":"西大井二丁目児童遊園"},"geometry":{"type":"Point","coordinates":[139.7246885,35.598816]}},
{"type":"Feature","properties":{"name":"西大井ちびっこ児童遊園"},"geometry":{"type":"Point","coordinates":[139.7250173,35.5978129]}},
{"type":"Feature","properties":{"name":"伊藤児童遊園"},"geometry":{"type":"Point","coordinates":[139.7157906,35.600129]}},
{"type":"Feature","properties":{"name":"西大井六丁目特定児童遊園"},"geometry":{"type":"Point","coordinates":[139.7186826,35.6011425]}},
{"type":"Feature","properties":{"name":"西中延３丁目児童遊園"},"geometry":{"type":"Point","coordinates":[139.7087263,35.6075518]}},
{"type":"Feature","properties":{"name":"西品川一丁目特定児童遊園"},"geometry":{"type":"Point","coordinates":[139.7289759,35.6118646]}},
{"type":"Feature","properties":{"name":"百反坂下児童遊園"},"geometry":{"type":"Point","coordinates":[139.7289159,35.6155229]}},
{"type":"Feature","properties":{"name":"三ツ木児童遊園"},"geometry":{"type":"Point","coordinates":[139.7239976,35.6133086]}},
{"type":"Feature","properties":{"name":"大井町緑地児童遊園"},"geometry":{"type":"Point","coordinates":[139.7325785,35.6068466]}},
{"type":"Feature","properties":{"name":"大井町緑地児童遊園"},"geometry":{"type":"Point","coordinates":[139.7317243,35.6073291]}},
{"type":"Feature","properties":{"name":"作守児童遊園"},"geometry":{"type":"Point","coordinates":[139.7332138,35.6015302]}},
{"type":"Feature","properties":{"name":"大井倉田児童遊園"},"geometry":{"type":"Point","coordinates":[139.7322158,35.6001785]}},
{"type":"Feature","properties":{"name":"鹿島庚塚児童遊園"},"geometry":{"type":"Point","coordinates":[139.7290752,35.5940271]}},
{"type":"Feature","properties":{"name":"森下児童遊園"},"geometry":{"type":"Point","coordinates":[139.7293138,35.6062398]}},
{"type":"Feature","properties":{"name":"大井二丁目特定児童遊園"},"geometry":{"type":"Point","coordinates":[139.7275516,35.6042025]}},
{"type":"Feature","properties":{"name":"大崎五丁目遊園"},"geometry":{"type":"Point","coordinates":[139.7258285,35.6228215]}},
{"type":"Feature","properties":{"name":"大崎５丁目児童遊園"},"geometry":{"type":"Point","coordinates":[139.725458,35.6220225]}},
{"type":"Feature","properties":{"name":"中延児童遊園"},"geometry":{"type":"Point","coordinates":[139.7106838,35.6125861]}},
{"type":"Feature","properties":{"name":"中延一丁目特定児童遊園"},"geometry":{"type":"Point","coordinates":[139.7114705,35.6128135]}},
{"type":"Feature","properties":{"name":"中延三丁目特定児童遊園"},"geometry":{"type":"Point","coordinates":[139.7106165,35.6076953]}},
{"type":"Feature","properties":{"name":"源氏前特定児童遊園"},"geometry":{"type":"Point","coordinates":[139.7127391,35.6021766]}},
{"type":"Feature","properties":{"name":"五反田児童遊園"},"geometry":{"type":"Point","coordinates":[139.720514,35.6292016]}},
{"type":"Feature","properties":{"name":"相生広場"},"geometry":{"type":"Point","coordinates":[139.7263799,35.6327939]}},
{"type":"Feature","properties":{"name":"桜橋児童遊園"},"geometry":{"type":"Point","coordinates":[139.7358805,35.5998661]}},
{"type":"Feature","properties":{"name":"東大井三丁目児童遊園"},"geometry":{"type":"Point","coordinates":[139.7370334,35.5989351]}},
{"type":"Feature","properties":{"name":"北浜川児童遊園"},"geometry":{"type":"Point","coordinates":[139.7392656,35.5979123]}},
{"type":"Feature","properties":{"name":"東品川健康広場"},"geometry":{"type":"Point","coordinates":[139.7484574,35.6169226]}},
{"type":"Feature","properties":{"name":"東品川水辺広場"},"geometry":{"type":"Point","coordinates":[139.7489214,35.6176452]}},
{"type":"Feature","properties":{"name":"天王洲アイル第二水辺広場"},"geometry":{"type":"Point","coordinates":[139.7485641,35.6236313]}},
{"type":"Feature","properties":{"name":"天王洲アイル第一水辺広場"},"geometry":{"type":"Point","coordinates":[139.7514548,35.623859]}},
{"type":"Feature","properties":{"name":"天王洲アイル第四水辺広場"},"geometry":{"type":"Point","coordinates":[139.7512967,35.6189282]}},
{"type":"Feature","properties":{"name":"みなみ児童遊園"},"geometry":{"type":"Point","coordinates":[139.7371379,35.5956469]}},
{"type":"Feature","properties":{"name":"みなみ児童遊園"},"geometry":{"type":"Point","coordinates":[139.7376187,35.5966307]}},
{"type":"Feature","properties":{"name":"鈴ヶ森道路児童遊園"},"geometry":{"type":"Point","coordinates":[139.736681,35.5943784]}},
{"type":"Feature","properties":{"name":"関ヶ原児童遊園"},"geometry":{"type":"Point","coordinates":[139.7349262,35.6003658]}},
{"type":"Feature","properties":{"name":"南大井四丁目特定児童遊園"},"geometry":{"type":"Point","coordinates":[139.7369113,35.5969756]}},
{"type":"Feature","properties":{"name":"南品川児童遊園"},"geometry":{"type":"Point","coordinates":[139.7427296,35.6157191]}},
{"type":"Feature","properties":{"name":"むつみ児童遊園"},"geometry":{"type":"Point","coordinates":[139.7408479,35.611993]}},
{"type":"Feature","properties":{"name":"さつき児童遊園"},"geometry":{"type":"Point","coordinates":[139.7406929,35.6103449]}},
{"type":"Feature","properties":{"name":"南品川二丁目児童遊園"},"geometry":{"type":"Point","coordinates":[139.7438581,35.6140651]}},
{"type":"Feature","properties":{"name":"南品川六丁目特定児童遊園"},"geometry":{"type":"Point","coordinates":[139.7376324,35.6103]}},
{"type":"Feature","properties":{"name":"南品川六丁目特定児童遊園"},"geometry":{"type":"Point","coordinates":[139.737755,35.6103939]}},
{"type":"Feature","properties":{"name":"神明児童遊園"},"geometry":{"type":"Point","coordinates":[139.7263839,35.6085027]}},
{"type":"Feature","properties":{"name":"上神明児童遊園"},"geometry":{"type":"Point","coordinates":[139.7141169,35.6020042]}},
{"type":"Feature","properties":{"name":"上神明児童遊園"},"geometry":{"type":"Point","coordinates":[139.7144134,35.6029533]}},
{"type":"Feature","properties":{"name":"ひのみ広場"},"geometry":{"type":"Point","coordinates":[139.7186447,35.6083524]}},
{"type":"Feature","properties":{"name":"宮前花広場"},"geometry":{"type":"Point","coordinates":[139.719076,35.610975]}},
{"type":"Feature","properties":{"name":"カメさん広場"},"geometry":{"type":"Point","coordinates":[139.7203966,35.6129313]}},
{"type":"Feature","properties":{"name":"勝島かもめ水辺広場"},"geometry":{"type":"Point","coordinates":[139.7471001,35.6015229]}},
{"type":"Feature","properties":{"name":"不動前緑道"},"geometry":{"type":"Point","coordinates":[139.7062953,35.6214905]}},
{"type":"Feature","properties":{"name":"不動前緑道"},"geometry":{"type":"Point","coordinates":[139.7069891,35.6219296]}},
{"type":"Feature","properties":{"name":"不動前緑道"},"geometry":{"type":"Point","coordinates":[139.7078253,35.6223983]}},
{"type":"Feature","properties":{"name":"不動前緑道"},"geometry":{"type":"Point","coordinates":[139.7088391,35.6229747]}},
{"type":"Feature","properties":{"name":"武蔵小山緑道"},"geometry":{"type":"Point","coordinates":[139.7002925,35.6173515]}},
{"type":"Feature","properties":{"name":"武蔵小山緑道"},"geometry":{"type":"Point","coordinates":[139.7008258,35.6179715]}},
{"type":"Feature","properties":{"name":"武蔵小山緑道"},"geometry":{"type":"Point","coordinates":[139.7016268,35.6187882]}},
{"type":"Feature","properties":{"name":"小山台一丁目防災広場"},"geometry":{"type":"Point","coordinates":[139.7059319,35.624291]}},
{"type":"Feature","properties":{"name":"後地クマさん広場"},"geometry":{"type":"Point","coordinates":[139.7080672,35.6214567]}},
{"type":"Feature","properties":{"name":"西小山緑道"},"geometry":{"type":"Point","coordinates":[139.6964152,35.6127545]}},
{"type":"Feature","properties":{"name":"西小山緑道"},"geometry":{"type":"Point","coordinates":[139.6969452,35.6133846]}},
{"type":"Feature","properties":{"name":"西小山緑道"},"geometry":{"type":"Point","coordinates":[139.6974929,35.6140398]}},
{"type":"Feature","properties":{"name":"ころく坂の上広場"},"geometry":{"type":"Point","coordinates":[139.6974582,35.6122057]}},
{"type":"Feature","properties":{"name":"本三くじら広場"},"geometry":{"type":"Point","coordinates":[139.7127882,35.6275743]}},
{"type":"Feature","properties":{"name":"西大井六丁目ふれあい広場"},"geometry":{"type":"Point","coordinates":[139.7163065,35.601213]}},
{"type":"Feature","properties":{"name":"百反坂の上広場"},"geometry":{"type":"Point","coordinates":[139.7260806,35.6168224]}},
{"type":"Feature","properties":{"name":"中延みちしるべ防災広場"},"geometry":{"type":"Point","coordinates":[139.7083229,35.6013195]}},
{"type":"Feature","properties":{"name":"中三いこいの広場"},"geometry":{"type":"Point","coordinates":[139.7112653,35.6082818]}},
{"type":"Feature","properties":{"name":"中二さくらのひろば"},"geometry":{"type":"Point","coordinates":[139.7106359,35.6103727]}},
{"type":"Feature","properties":{"name":"五反田ふれあい水辺広場"},"geometry":{"type":"Point","coordinates":[139.7262584,35.6241781]}},
{"type":"Feature","properties":{"name":"しながわ花街道"},"geometry":{"type":"Point","coordinates":[139.7431138,35.5999744]}},
{"type":"Feature","properties":{"name":"しながわ花街道"},"geometry":{"type":"Point","coordinates":[139.7425164,35.600876]}},
{"type":"Feature","properties":{"name":"東中みんなの広場"},"geometry":{"type":"Point","coordinates":[139.7136003,35.611883]}},
{"type":"Feature","properties":{"name":"天王洲運河水辺広場"},"geometry":{"type":"Point","coordinates":[139.7463315,35.6219878]}},
{"type":"Feature","properties":{"name":"品川シーサイド水辺広場"},"geometry":{"type":"Point","coordinates":[139.7504323,35.6081359]}},
{"type":"Feature","properties":{"name":"天王洲アイル第三水辺広場"},"geometry":{"type":"Point","coordinates":[139.7473852,35.6219393]}},
{"type":"Feature","properties":{"name":"二葉中央のんき通り広場"},"geometry":{"type":"Point","coordinates":[139.721456,35.6041482]}},
{"type":"Feature","properties":{"name":"上蛇広場"},"geometry":{"type":"Point","coordinates":[139.7144647,35.6026731]}},
{"type":"Feature","properties":{"name":"ひらさん広場"},"geometry":{"type":"Point","coordinates":[139.7126051,35.6143372]}},
{"type":"Feature","properties":{"name":"かやの木の広場"},"geometry":{"type":"Point","coordinates":[139.7219448,35.6115513]}},
{"type":"Feature","properties":{"name":"豊町５−１４開放広場"},"geometry":{"type":"Point","coordinates":[139.7207692,35.6045925]}},
{"type":"Feature","properties":{"name":"ほうさん広場"},"geometry":{"type":"Point","coordinates":[139.7207241,35.6085681]}},
{"type":"Feature","properties":{"name":"豊四中央防災広場"},"geometry":{"type":"Point","coordinates":[139.7207627,35.6066323]}},
{"type":"Feature","properties":{"name":"ゆたかしいのきひろば"},"geometry":{"type":"Point","coordinates":[139.719789,35.6069054]}},
{"type":"Feature","properties":{"name":"豊四防災広場"},"geometry":{"type":"Point","coordinates":[139.7222488,35.6072073]}},
{"type":"Feature","properties":{"name":"サンサン防災広場"},"geometry":{"type":"Point","coordinates":[139.7226639,35.6096633]}},
{"type":"Feature","properties":{"name":"ゆたか防災広場"},"geometry":{"type":"Point","coordinates":[139.717741,35.60548]}},
{"type":"Feature","properties":{"name":"中原児童遊園"},"geometry":{"type":"Point","coordinates":[139.715345,35.6178159]}},
{"type":"Feature","properties":{"name":"豊町一丁目特定児童遊園"},"geometry":{"type":"Point","coordinates":[139.7240302,35.6126967]}},
{"type":"Feature","properties":{"name":"豊町ちびっこ児童遊園"},"geometry":{"type":"Point","coordinates":[139.7236411,35.6150525]}},
{"type":"Feature","properties":{"name":"豊町５丁目児童遊園"},"geometry":{"type":"Point","coordinates":[139.7205869,35.6048425]}},
{"type":"Feature","properties":{"name":"豊町児童遊園"},"geometry":{"type":"Point","coordinates":[139.7191757,35.6071941]}},
{"type":"Feature","properties":{"name":"豊町二丁目児童遊園"},"geometry":{"type":"Point","coordinates":[139.7256485,35.6092535]}},
{"type":"Feature","properties":{"name":"北品川三丁目児童遊園"},"geometry":{"type":"Point","coordinates":[139.7401898,35.6182808]}},
{"type":"Feature","properties":{"name":"二葉４−１３開放広場"},"geometry":{"type":"Point","coordinates":[139.7184567,35.6031018]}},
{"type":"Feature","properties":{"name":"西八丁公園"},"geometry":{"type":"Point","coordinates":[139.7192196,35.6196513]}},
{"type":"Feature","properties":{"name":"谷山公園"},"geometry":{"type":"Point","coordinates":[139.7176957,35.6278358]}},
{"type":"Feature","properties":{"name":"羽田なかよし児童遊園"},"geometry":{"type":"Point","coordinates":[139.7443446,35.5514502]}},
{"type":"Feature","properties":{"name":"下丸子児童遊園"},"geometry":{"type":"Point","coordinates":[139.6860543,35.570415]}},
{"type":"Feature","properties":{"name":"諏訪児童遊園"},"geometry":{"type":"Point","coordinates":[139.6834526,35.569861]}},
{"type":"Feature","properties":{"name":"久が原西部八幡児童遊園"},"geometry":{"type":"Point","coordinates":[139.6937905,35.5821679]}},
{"type":"Feature","properties":{"name":"根ヶ原児童遊園"},"geometry":{"type":"Point","coordinates":[139.7210255,35.5822279]}},
{"type":"Feature","properties":{"name":"弁天池児童遊園"},"geometry":{"type":"Point","coordinates":[139.7209252,35.5878964]}},
{"type":"Feature","properties":{"name":"八景児童遊園"},"geometry":{"type":"Point","coordinates":[139.7269142,35.5883682]}},
{"type":"Feature","properties":{"name":"池の台児童遊園"},"geometry":{"type":"Point","coordinates":[139.6964012,35.6014251]}},
{"type":"Feature","properties":{"name":"浜竹児童遊園"},"geometry":{"type":"Point","coordinates":[139.7382325,35.5548349]}},
{"type":"Feature","properties":{"name":"西仲児童遊園"},"geometry":{"type":"Point","coordinates":[139.7304923,35.5557281]}},
{"type":"Feature","properties":{"name":"西二児童遊園"},"geometry":{"type":"Point","coordinates":[139.7034582,35.5869915]}},
{"type":"Feature","properties":{"name":"嶺稲荷児童遊園"},"geometry":{"type":"Point","coordinates":[139.6819854,35.5798614]}},
{"type":"Feature","properties":{"name":"ひめゆり児童遊園"},"geometry":{"type":"Point","coordinates":[139.7319876,35.5662925]}},
{"type":"Feature","properties":{"name":"弁天神社児童遊園"},"geometry":{"type":"Point","coordinates":[139.7361958,35.5669717]}},
{"type":"Feature","properties":{"name":"森ヶ崎公園"},"geometry":{"type":"Point","coordinates":[139.7504346,35.5634637]}},
{"type":"Feature","properties":{"name":"浦守稲荷児童遊園"},"geometry":{"type":"Point","coordinates":[139.7413629,35.5639083]}},
{"type":"Feature","properties":{"name":"東貫森児童遊園"},"geometry":{"type":"Point","coordinates":[139.7347498,35.5823933]}},
{"type":"Feature","properties":{"name":"大森海岸児童遊園"},"geometry":{"type":"Point","coordinates":[139.7357472,35.5853855]}},
{"type":"Feature","properties":{"name":"平和児童遊園"},"geometry":{"type":"Point","coordinates":[139.7355303,35.581247]}},
{"type":"Feature","properties":{"name":"平和島入口児童遊園"},"geometry":{"type":"Point","coordinates":[139.7374918,35.5832175]}},
{"type":"Feature","properties":{"name":"萩中児童遊園"},"geometry":{"type":"Point","coordinates":[139.7278449,35.5521655]}},
{"type":"Feature","properties":{"name":"仲四児童遊園"},"geometry":{"type":"Point","coordinates":[139.7078306,35.5428793]}},
{"type":"Feature","properties":{"name":"東稲荷児童遊園"},"geometry":{"type":"Point","coordinates":[139.6767708,35.5895656]}},
{"type":"Feature","properties":{"name":"東糀谷三丁目児童遊園"},"geometry":{"type":"Point","coordinates":[139.7421091,35.5529341]}},
{"type":"Feature","properties":{"name":"海老取川公園"},"geometry":{"type":"Point","coordinates":[139.7494475,35.5591904]}},
{"type":"Feature","properties":{"name":"一の橋児童遊園"},"geometry":{"type":"Point","coordinates":[139.6836954,35.5958372]}},
{"type":"Feature","properties":{"name":"雪ヶ谷児童遊園"},"geometry":{"type":"Point","coordinates":[139.6862817,35.5961051]}},
{"type":"Feature","properties":{"name":"東糀谷あおぞら公園"},"geometry":{"type":"Point","coordinates":[139.7505865,35.5578328]}},
{"type":"Feature","properties":{"name":"夫婦橋親水公園"},"geometry":{"type":"Point","coordinates":[139.7254354,35.5606296]}},
{"type":"Feature","properties":{"name":"北野児童遊園"},"geometry":{"type":"Point","coordinates":[139.7165216,35.5894118]}},
{"type":"Feature","properties":{"name":"南三堤公園"},"geometry":{"type":"Point","coordinates":[139.7156756,35.5420479]}},
{"type":"Feature","properties":{"name":"千束児童遊園"},"geometry":{"type":"Point","coordinates":[139.687276,35.6074948]}},
{"type":"Feature","properties":{"name":"上田稲荷児童遊園"},"geometry":{"type":"Point","coordinates":[139.7247003,35.548786]}},
{"type":"Feature","properties":{"name":"氷川児童遊園"},"geometry":{"type":"Point","coordinates":[139.6927244,35.5646938]}},
{"type":"Feature","properties":{"name":"古市児童遊園"},"geometry":{"type":"Point","coordinates":[139.6949282,35.5578323]}},
{"type":"Feature","properties":{"name":"北前堀緑地"},"geometry":{"type":"Point","coordinates":[139.7479628,35.558667]}},
{"type":"Feature","properties":{"name":"北前堀緑地"},"geometry":{"type":"Point","coordinates":[139.7423226,35.5589752]}},
{"type":"Feature","properties":{"name":"北前堀緑地"},"geometry":{"type":"Point","coordinates":[139.7446636,35.5589904]}},
{"type":"Feature","properties":{"name":"貴船掘緑地"},"geometry":{"type":"Point","coordinates":[139.7401832,35.5715248]}},
{"type":"Feature","properties":{"name":"暁星苑"},"geometry":{"type":"Point","coordinates":[139.6624793,35.5930424]}},
{"type":"Feature","properties":{"name":"京浜島防災広場"},"geometry":{"type":"Point","coordinates":[139.7636165,35.5709112]}},
{"type":"Feature","properties":{"name":"高畑第三児童公園付属緑地"},"geometry":{"type":"Point","coordinates":[139.7050887,35.5455581]}},
{"type":"Feature","properties":{"name":"タワーふれあい公園前緑地"},"geometry":{"type":"Point","coordinates":[139.7036506,35.554208]}},
{"type":"Feature","properties":{"name":"西蒲田五丁目緑地"},"geometry":{"type":"Point","coordinates":[139.7130061,35.567714]}},
{"type":"Feature","properties":{"name":"根ヶ原緑地"},"geometry":{"type":"Point","coordinates":[139.7210782,35.5822271]}},
{"type":"Feature","properties":{"name":"邦西児童公園付属緑地"},"geometry":{"type":"Point","coordinates":[139.7218637,35.5717244]}},
{"type":"Feature","properties":{"name":"南前堀緑地"},"geometry":{"type":"Point","coordinates":[139.7444511,35.5539396]}},
{"type":"Feature","properties":{"name":"南六郷緑地"},"geometry":{"type":"Point","coordinates":[139.7224403,35.5452881]}},
{"type":"Feature","properties":{"name":"宮本台緑地"},"geometry":{"type":"Point","coordinates":[139.7086649,35.5404333]}},
{"type":"Feature","properties":{"name":"昭和島運動場"},"geometry":{"type":"Point","coordinates":[139.7476628,35.5705229]}},
{"type":"Feature","properties":{"name":"馬込自然林区民緑地"},"geometry":{"type":"Point","coordinates":[139.7160584,35.5904022]}},
{"type":"Feature","properties":{"name":"道塚第三児童公園付属緑地"},"geometry":{"type":"Point","coordinates":[139.7070811,35.5544768]}},
{"type":"Feature","properties":{"name":"六間堀緑地"},"geometry":{"type":"Point","coordinates":[139.7445571,35.5495602]}},
{"type":"Feature","properties":{"name":"六間堀緑地"},"geometry":{"type":"Point","coordinates":[139.745001,35.5504785]}},
{"type":"Feature","properties":{"name":"六間堀緑地"},"geometry":{"type":"Point","coordinates":[139.7461506,35.5534044]}},
{"type":"Feature","properties":{"name":"シモキタ雨庭広場"},"geometry":{"type":"Point","coordinates":[139.6649662,35.6597995]}},
{"type":"Feature","properties":{"name":"九品仏広場"},"geometry":{"type":"Point","coordinates":[139.661864,35.606477]}},
{"type":"Feature","properties":{"name":"岡本地区会館広場"},"geometry":{"type":"Point","coordinates":[139.6192668,35.6250384]}},
{"type":"Feature","properties":{"name":"下馬二丁目広場"},"geometry":{"type":"Point","coordinates":[139.6755271,35.639828]}},
{"type":"Feature","properties":{"name":"鎌田つつみ広場"},"geometry":{"type":"Point","coordinates":[139.617178,35.6183152]}},
{"type":"Feature","properties":{"name":"喜多見一丁目広場"},"geometry":{"type":"Point","coordinates":[139.5985422,35.6220631]}},
{"type":"Feature","properties":{"name":"きたみふれあい広場"},"geometry":{"type":"Point","coordinates":[139.5880698,35.6417075]}},
{"type":"Feature","properties":{"name":"きたみふれあい広場"},"geometry":{"type":"Point","coordinates":[139.5908944,35.6384618]}},
{"type":"Feature","properties":{"name":"喜多見野田広場"},"geometry":{"type":"Point","coordinates":[139.5939472,35.6330408]}},
{"type":"Feature","properties":{"name":"喜多見野田広場"},"geometry":{"type":"Point","coordinates":[139.5939375,35.6332158]}},
{"type":"Feature","properties":{"name":"東山野広場"},"geometry":{"type":"Point","coordinates":[139.6160121,35.6374343]}},
{"type":"Feature","properties":{"name":"三本杉広場"},"geometry":{"type":"Point","coordinates":[139.6203814,35.6363402]}},
{"type":"Feature","properties":{"name":"砧一丁目広場"},"geometry":{"type":"Point","coordinates":[139.6184755,35.6401463]}},
{"type":"Feature","properties":{"name":"砧七丁目広場"},"geometry":{"type":"Point","coordinates":[139.6065394,35.6383517]}},
{"type":"Feature","properties":{"name":"砧八丁目児童遊園"},"geometry":{"type":"Point","coordinates":[139.6071976,35.6392348]}},
{"type":"Feature","properties":{"name":"経堂児童遊園"},"geometry":{"type":"Point","coordinates":[139.6360677,35.6534396]}},
{"type":"Feature","properties":{"name":"玉川四丁目広場"},"geometry":{"type":"Point","coordinates":[139.6275973,35.616535]}},
{"type":"Feature","properties":{"name":"はなみずき広場"},"geometry":{"type":"Point","coordinates":[139.626754,35.615097]}},
{"type":"Feature","properties":{"name":"はなみずき広場"},"geometry":{"type":"Point","coordinates":[139.6272474,35.6155269]}},
{"type":"Feature","properties":{"name":"はなみずき広場"},"geometry":{"type":"Point","coordinates":[139.6276136,35.6161306]}},
{"type":"Feature","properties":{"name":"玉川台広場"},"geometry":{"type":"Point","coordinates":[139.6370275,35.6241486]}},
{"type":"Feature","properties":{"name":"玉川台中広場"},"geometry":{"type":"Point","coordinates":[139.6308197,35.6236054]}},
{"type":"Feature","properties":{"name":"ぽかぽか広場"},"geometry":{"type":"Point","coordinates":[139.6596474,35.6008608]}},
{"type":"Feature","properties":{"name":"経堂天祖広場"},"geometry":{"type":"Point","coordinates":[139.6278893,35.6497936]}},
{"type":"Feature","properties":{"name":"経堂四丁目児童遊園"},"geometry":{"type":"Point","coordinates":[139.628047,35.6500278]}},
{"type":"Feature","properties":{"name":"弦巻区民広場"},"geometry":{"type":"Point","coordinates":[139.6376787,35.6351758]}},
{"type":"Feature","properties":{"name":"大山道児童遊園"},"geometry":{"type":"Point","coordinates":[139.6416368,35.6381861]}},
{"type":"Feature","properties":{"name":"弦巻二丁目広場"},"geometry":{"type":"Point","coordinates":[139.6534317,35.6338943]}},
{"type":"Feature","properties":{"name":"桜丘三丁目児童遊園"},"geometry":{"type":"Point","coordinates":[139.6281991,35.6429913]}},
{"type":"Feature","properties":{"name":"桜丘二丁目児童遊園"},"geometry":{"type":"Point","coordinates":[139.6268516,35.645617]}},
{"type":"Feature","properties":{"name":"桜樹広場"},"geometry":{"type":"Point","coordinates":[139.6237859,35.645601]}},
{"type":"Feature","properties":{"name":"桜丘とうかんもり稲荷広場"},"geometry":{"type":"Point","coordinates":[139.6243068,35.6465976]}},
{"type":"Feature","properties":{"name":"桜丘二丁目南広場"},"geometry":{"type":"Point","coordinates":[139.6279864,35.6443451]}},
{"type":"Feature","properties":{"name":"向山広場"},"geometry":{"type":"Point","coordinates":[139.6342637,35.6611921]}},
{"type":"Feature","properties":{"name":"桜上水三丁目広場"},"geometry":{"type":"Point","coordinates":[139.6335504,35.6590166]}},
{"type":"Feature","properties":{"name":"桜新町一丁目広場"},"geometry":{"type":"Point","coordinates":[139.6444233,35.6286096]}},
{"type":"Feature","properties":{"name":"桜二丁目広場"},"geometry":{"type":"Point","coordinates":[139.6376226,35.6449893]}},
{"type":"Feature","properties":{"name":"ふじだな広場"},"geometry":{"type":"Point","coordinates":[139.6729195,35.6492447]}},
{"type":"Feature","properties":{"name":"三宿イチイ広場"},"geometry":{"type":"Point","coordinates":[139.6763541,35.649635]}},
{"type":"Feature","properties":{"name":"若林４−14広場"},"geometry":{"type":"Point","coordinates":[139.6579572,35.6459789]}},
{"type":"Feature","properties":{"name":"若林４−16広場"},"geometry":{"type":"Point","coordinates":[139.6568708,35.6455579]}},
{"type":"Feature","properties":{"name":"若林きんもくせい広場"},"geometry":{"type":"Point","coordinates":[139.6547061,35.6447692]}},
{"type":"Feature","properties":{"name":"弁天児童遊園"},"geometry":{"type":"Point","coordinates":[139.6449983,35.6662197]}},
{"type":"Feature","properties":{"name":"松原６−10広場"},"geometry":{"type":"Point","coordinates":[139.6540082,35.6608478]}},
{"type":"Feature","properties":{"name":"東台広場"},"geometry":{"type":"Point","coordinates":[139.6021808,35.6632298]}},
{"type":"Feature","properties":{"name":"上祖師谷広場"},"geometry":{"type":"Point","coordinates":[139.5992116,35.6638636]}},
{"type":"Feature","properties":{"name":"上馬やまぼうし広場"},"geometry":{"type":"Point","coordinates":[139.6708514,35.6382078]}},
{"type":"Feature","properties":{"name":"上馬やまぼうし広場"},"geometry":{"type":"Point","coordinates":[139.6708439,35.638309]}},
{"type":"Feature","properties":{"name":"上馬１やまもも広場"},"geometry":{"type":"Point","coordinates":[139.6710285,35.6383351]}},
{"type":"Feature","properties":{"name":"上馬パンダ広場"},"geometry":{"type":"Point","coordinates":[139.6595027,35.6385703]}},
{"type":"Feature","properties":{"name":"上北沢やのかみ広場"},"geometry":{"type":"Point","coordinates":[139.6179043,35.6739101]}},
{"type":"Feature","properties":{"name":"上北沢さくら広場"},"geometry":{"type":"Point","coordinates":[139.6128263,35.6743425]}},
{"type":"Feature","properties":{"name":"上北沢きんもくせい広場"},"geometry":{"type":"Point","coordinates":[139.612479,35.6750825]}},
{"type":"Feature","properties":{"name":"上用賀一丁目第２広場"},"geometry":{"type":"Point","coordinates":[139.6345109,35.6337578]}},
{"type":"Feature","properties":{"name":"上用賀一丁目第１広場"},"geometry":{"type":"Point","coordinates":[139.6341637,35.6343718]}},
{"type":"Feature","properties":{"name":"上用賀六丁目広場"},"geometry":{"type":"Point","coordinates":[139.6239391,35.6376139]}},
{"type":"Feature","properties":{"name":"上用賀六丁目広場"},"geometry":{"type":"Point","coordinates":[139.624322,35.6376693]}},
{"type":"Feature","properties":{"name":"深沢広場"},"geometry":{"type":"Point","coordinates":[139.6507285,35.6268675]}},
{"type":"Feature","properties":{"name":"深沢四丁目広場"},"geometry":{"type":"Point","coordinates":[139.6595488,35.6192663]}},
{"type":"Feature","properties":{"name":"世田谷天祖神社広場"},"geometry":{"type":"Point","coordinates":[139.6475241,35.6424994]}},
{"type":"Feature","properties":{"name":"代田富士356広場"},"geometry":{"type":"Point","coordinates":[139.6585164,35.6574348]}},
{"type":"Feature","properties":{"name":"北沢さんきゅう広場"},"geometry":{"type":"Point","coordinates":[139.6712899,35.6644266]}},
{"type":"Feature","properties":{"name":"世田谷４−16広場"},"geometry":{"type":"Point","coordinates":[139.6515206,35.6451139]}},
{"type":"Feature","properties":{"name":"世田谷４−６広場"},"geometry":{"type":"Point","coordinates":[139.6528429,35.6429405]}},
{"type":"Feature","properties":{"name":"かさ守稲荷広場"},"geometry":{"type":"Point","coordinates":[139.6269731,35.6220589]}},
{"type":"Feature","properties":{"name":"野川緑地広場"},"geometry":{"type":"Point","coordinates":[139.5879984,35.6439084]}},
{"type":"Feature","properties":{"name":"成城八丁目広場"},"geometry":{"type":"Point","coordinates":[139.5938431,35.648274]}},
{"type":"Feature","properties":{"name":"六所神社広場"},"geometry":{"type":"Point","coordinates":[139.6432871,35.6583027]}},
{"type":"Feature","properties":{"name":"千歳台一丁目広場"},"geometry":{"type":"Point","coordinates":[139.6151222,35.6486695]}},
{"type":"Feature","properties":{"name":"船橋一丁目広場"},"geometry":{"type":"Point","coordinates":[139.6249749,35.6492411]}},
{"type":"Feature","properties":{"name":"西経堂第２児童遊園"},"geometry":{"type":"Point","coordinates":[139.6261433,35.6526623]}},
{"type":"Feature","properties":{"name":"葭根東広場"},"geometry":{"type":"Point","coordinates":[139.628011,35.6559585]}},
{"type":"Feature","properties":{"name":"池田児童遊園"},"geometry":{"type":"Point","coordinates":[139.6235148,35.6523262]}},
{"type":"Feature","properties":{"name":"西経堂児童遊園"},"geometry":{"type":"Point","coordinates":[139.6252451,35.655044]}},
{"type":"Feature","properties":{"name":"西経堂児童遊園"},"geometry":{"type":"Point","coordinates":[139.6248451,35.654875]}},
{"type":"Feature","properties":{"name":"船橋広場"},"geometry":{"type":"Point","coordinates":[139.6178075,35.6539322]}},
{"type":"Feature","properties":{"name":"祖師谷四丁目広場"},"geometry":{"type":"Point","coordinates":[139.6072518,35.6482745]}},
{"type":"Feature","properties":{"name":"祖師谷ぞうさん広場"},"geometry":{"type":"Point","coordinates":[139.6062273,35.6498886]}},
{"type":"Feature","properties":{"name":"祖師谷えのき広場"},"geometry":{"type":"Point","coordinates":[139.6028418,35.6572549]}},
{"type":"Feature","properties":{"name":"太子堂八幡広場"},"geometry":{"type":"Point","coordinates":[139.6654481,35.6473318]}},
{"type":"Feature","properties":{"name":"太子堂中学校前広場"},"geometry":{"type":"Point","coordinates":[139.6683477,35.6503522]}},
{"type":"Feature","properties":{"name":"くろまつ広場"},"geometry":{"type":"Point","coordinates":[139.6706237,35.6482889]}},
{"type":"Feature","properties":{"name":"太子堂２−20広場"},"geometry":{"type":"Point","coordinates":[139.6711645,35.6457259]}},
{"type":"Feature","properties":{"name":"てんとうむし広場"},"geometry":{"type":"Point","coordinates":[139.674464,35.6472199]}},
{"type":"Feature","properties":{"name":"メダカ広場"},"geometry":{"type":"Point","coordinates":[139.6736464,35.6476377]}},
{"type":"Feature","properties":{"name":"だんだん広場"},"geometry":{"type":"Point","coordinates":[139.6731559,35.6474146]}},
{"type":"Feature","properties":{"name":"太子堂カルミア広場"},"geometry":{"type":"Point","coordinates":[139.6730511,35.6467292]}},
{"type":"Feature","properties":{"name":"下代田児童遊園"},"geometry":{"type":"Point","coordinates":[139.6771164,35.655995]}},
{"type":"Feature","properties":{"name":"北沢八幡児童遊園"},"geometry":{"type":"Point","coordinates":[139.6695101,35.6558272]}},
{"type":"Feature","properties":{"name":"代沢四丁目広場"},"geometry":{"type":"Point","coordinates":[139.66975,35.652873]}},
{"type":"Feature","properties":{"name":"代沢草の丘広場"},"geometry":{"type":"Point","coordinates":[139.6685406,35.6579806]}},
{"type":"Feature","properties":{"name":"代沢草の丘広場"},"geometry":{"type":"Point","coordinates":[139.6685832,35.6581543]}},
{"type":"Feature","properties":{"name":"代田南広場"},"geometry":{"type":"Point","coordinates":[139.6606373,35.6526198]}},
{"type":"Feature","properties":{"name":"代田広場"},"geometry":{"type":"Point","coordinates":[139.6561839,35.6532724]}},
{"type":"Feature","properties":{"name":"代田北広場"},"geometry":{"type":"Point","coordinates":[139.6629531,35.6653889]}},
{"type":"Feature","properties":{"name":"大原南広場"},"geometry":{"type":"Point","coordinates":[139.6643836,35.6678813]}},
{"type":"Feature","properties":{"name":"大原北広場"},"geometry":{"type":"Point","coordinates":[139.665065,35.6703659]}},
{"type":"Feature","properties":{"name":"やっちゃば広場"},"geometry":{"type":"Point","coordinates":[139.6207629,35.6345541]}},
{"type":"Feature","properties":{"name":"池尻見晴らし広場"},"geometry":{"type":"Point","coordinates":[139.6792691,35.6525624]}},
{"type":"Feature","properties":{"name":"池尻北広場"},"geometry":{"type":"Point","coordinates":[139.6763741,35.6540192]}},
{"type":"Feature","properties":{"name":"中町一丁目広場"},"geometry":{"type":"Point","coordinates":[139.6429709,35.6096973]}},
{"type":"Feature","properties":{"name":"等々力六丁目広場"},"geometry":{"type":"Point","coordinates":[139.6580241,35.612463]}},
{"type":"Feature","properties":{"name":"烏山下宿広場"},"geometry":{"type":"Point","coordinates":[139.6087354,35.6718054]}},
{"type":"Feature","properties":{"name":"烏山下宿広場"},"geometry":{"type":"Point","coordinates":[139.6088961,35.6721558]}},
{"type":"Feature","properties":{"name":"烏山中宿広場"},"geometry":{"type":"Point","coordinates":[139.6014471,35.6702903]}},
{"type":"Feature","properties":{"name":"南烏山りんれい広場"},"geometry":{"type":"Point","coordinates":[139.6030738,35.6707941]}},
{"type":"Feature","properties":{"name":"南烏山六丁目広場"},"geometry":{"type":"Point","coordinates":[139.598578,35.6713898]}},
{"type":"Feature","properties":{"name":"梅丘児童遊園"},"geometry":{"type":"Point","coordinates":[139.6531212,35.6526916]}},
{"type":"Feature","properties":{"name":"粕谷やまぼうし広場"},"geometry":{"type":"Point","coordinates":[139.6090036,35.6639804]}},
{"type":"Feature","properties":{"name":"粕谷やまぼうし広場"},"geometry":{"type":"Point","coordinates":[139.6087193,35.6640449]}},
{"type":"Feature","properties":{"name":"八幡山はなもも広場"},"geometry":{"type":"Point","coordinates":[139.6212966,35.6614939]}},
{"type":"Feature","properties":{"name":"八幡山きすげ広場"},"geometry":{"type":"Point","coordinates":[139.6206275,35.6619114]}},
{"type":"Feature","properties":{"name":"八幡山こぶし広場"},"geometry":{"type":"Point","coordinates":[139.6166629,35.6684605]}},
{"type":"Feature","properties":{"name":"北烏山一丁目広場"},"geometry":{"type":"Point","coordinates":[139.6049303,35.6758385]}},
{"type":"Feature","properties":{"name":"千駄山広場"},"geometry":{"type":"Point","coordinates":[139.6078755,35.6739118]}},
{"type":"Feature","properties":{"name":"下本宿南広場"},"geometry":{"type":"Point","coordinates":[139.5893684,35.6825077]}},
{"type":"Feature","properties":{"name":"北烏山くすのき広場"},"geometry":{"type":"Point","coordinates":[139.6027333,35.6739298]}},
{"type":"Feature","properties":{"name":"北沢五丁目児童遊園"},"geometry":{"type":"Point","coordinates":[139.6661943,35.6696951]}},
{"type":"Feature","properties":{"name":"北沢ななかまど広場"},"geometry":{"type":"Point","coordinates":[139.6716633,35.6649456]}},
{"type":"Feature","properties":{"name":"北沢えごのき広場"},"geometry":{"type":"Point","coordinates":[139.6697685,35.6658145]}},
{"type":"Feature","properties":{"name":"北沢さくら広場"},"geometry":{"type":"Point","coordinates":[139.6687494,35.6674778]}},
{"type":"Feature","properties":{"name":"北沢４−23広場"},"geometry":{"type":"Point","coordinates":[139.6683601,35.667934]}},
{"type":"Feature","properties":{"name":"もみじ広場"},"geometry":{"type":"Point","coordinates":[139.6676952,35.6684508]}},
{"type":"Feature","properties":{"name":"北沢やまもも広場"},"geometry":{"type":"Point","coordinates":[139.6679137,35.6683984]}},
{"type":"Feature","properties":{"name":"つつじ広場"},"geometry":{"type":"Point","coordinates":[139.6686839,35.6678899]}},
{"type":"Feature","properties":{"name":"もくせい広場"},"geometry":{"type":"Point","coordinates":[139.6687194,35.6680595]}},
{"type":"Feature","properties":{"name":"つばき広場"},"geometry":{"type":"Point","coordinates":[139.670713,35.6674169]}},
{"type":"Feature","properties":{"name":"野沢三丁目広場"},"geometry":{"type":"Point","coordinates":[139.6716593,35.6316873]}},
{"type":"Feature","properties":{"name":"野沢児童遊園"},"geometry":{"type":"Point","coordinates":[139.6651666,35.6334805]}},
{"type":"Feature","properties":{"name":"用賀高架下広場"},"geometry":{"type":"Point","coordinates":[139.6354481,35.6244509]}},
{"type":"Feature","properties":{"name":"用賀高架下広場"},"geometry":{"type":"Point","coordinates":[139.6345705,35.6247935]}},
{"type":"Feature","properties":{"name":"用賀高架下広場"},"geometry":{"type":"Point","coordinates":[139.6317478,35.6259681]}},
{"type":"Feature","properties":{"name":"用賀二丁目北広場"},"geometry":{"type":"Point","coordinates":[139.6383293,35.6258998]}},
{"type":"Feature","properties":{"name":"用賀二丁目広場"},"geometry":{"type":"Point","coordinates":[139.639057,35.62533]}},
{"type":"Feature","properties":{"name":"用賀二丁目西広場"},"geometry":{"type":"Point","coordinates":[139.6387351,35.6254059]}},
{"type":"Feature","properties":{"name":"桜丘3-37広場"},"geometry":{"type":"Point","coordinates":[139.6270719,35.6435287]}},
{"type":"Feature","properties":{"name":"弦巻5-1広場"},"geometry":{"type":"Point","coordinates":[139.6382974,35.6331838]}},
{"type":"Feature","properties":{"name":"豪徳寺東辻広場"},"geometry":{"type":"Point","coordinates":[139.649114,35.649062]}},
{"type":"Feature","properties":{"name":"経堂四丁目さくら広場"},"geometry":{"type":"Point","coordinates":[139.6245998,35.6472278]}},
{"type":"Feature","properties":{"name":"209号線そよご広場"},"geometry":{"type":"Point","coordinates":[139.671002,35.6392374]}},
{"type":"Feature","properties":{"name":"梅丘2-29遊び場"},"geometry":{"type":"Point","coordinates":[139.6517438,35.6511333]}},
{"type":"Feature","properties":{"name":"大蔵5-11広場"},"geometry":{"type":"Point","coordinates":[139.6069097,35.6325924]}},
{"type":"Feature","properties":{"name":"宮坂3-30遊び場"},"geometry":{"type":"Point","coordinates":[139.63517,35.6553012]}},
{"type":"Feature","properties":{"name":"大蔵6-5遊び場"},"geometry":{"type":"Point","coordinates":[139.6104809,35.6256266]}},
{"type":"Feature","properties":{"name":"北烏山1-30広場"},"geometry":{"type":"Point","coordinates":[139.6077799,35.6761609]}},
{"type":"Feature","properties":{"name":"赤堤3-23遊び場"},"geometry":{"type":"Point","coordinates":[139.6385162,35.6572513]}},
{"type":"Feature","properties":{"name":"太子堂サクラ通り広場"},"geometry":{"type":"Point","coordinates":[139.6741139,35.6463858]}},
{"type":"Feature","properties":{"name":"桜上水1-1遊び場"},"geometry":{"type":"Point","coordinates":[139.6329172,35.6593512]}},
{"type":"Feature","properties":{"name":"代田2-14遊び場"},"geometry":{"type":"Point","coordinates":[139.6624112,35.6563839]}},
{"type":"Feature","properties":{"name":"太子堂2-2遊び場"},"geometry":{"type":"Point","coordinates":[139.6745451,35.6465041]}},
{"type":"Feature","properties":{"name":"瀬田四丁目東公園"},"geometry":{"type":"Point","coordinates":[139.6291113,35.6191842]}},
{"type":"Feature","properties":{"name":"北烏山七丁目広場"},"geometry":{"type":"Point","coordinates":[139.5934556,35.6779578]}},
{"type":"Feature","properties":{"name":"太子堂5-33遊び場"},"geometry":{"type":"Point","coordinates":[139.6651185,35.6496391]}},
{"type":"Feature","properties":{"name":"成城1-23広場"},"geometry":{"type":"Point","coordinates":[139.6020584,35.6353393]}},
{"type":"Feature","properties":{"name":"宇奈根1-22遊び場"},"geometry":{"type":"Point","coordinates":[139.6088674,35.6213409]}},
{"type":"Feature","properties":{"name":"宇奈根1-22遊び場"},"geometry":{"type":"Point","coordinates":[139.6086527,35.621563]}},
{"type":"Feature","properties":{"name":"北沢1-31遊び場"},"geometry":{"type":"Point","coordinates":[139.6725159,35.6622226]}},
{"type":"Feature","properties":{"name":"北沢4-26遊び場"},"geometry":{"type":"Point","coordinates":[139.6693622,35.6684338]}},
{"type":"Feature","properties":{"name":"等々力2-31遊び場"},"geometry":{"type":"Point","coordinates":[139.6484201,35.6076259]}},
{"type":"Feature","properties":{"name":"深沢6-9遊び場"},"geometry":{"type":"Point","coordinates":[139.6531983,35.6254274]}},
{"type":"Feature","properties":{"name":"駒沢4-33遊び場"},"geometry":{"type":"Point","coordinates":[139.6528019,35.6270148]}},
{"type":"Feature","properties":{"name":"弦巻4-10遊び場"},"geometry":{"type":"Point","coordinates":[139.6413811,35.6339008]}},
{"type":"Feature","properties":{"name":"宇奈根1-9遊び場"},"geometry":{"type":"Point","coordinates":[139.6039049,35.6209671]}},
{"type":"Feature","properties":{"name":"船橋4-3広場"},"geometry":{"type":"Point","coordinates":[139.6229521,35.6554289]}},
{"type":"Feature","properties":{"name":"瀬田二丁目広場"},"geometry":{"type":"Point","coordinates":[139.6298474,35.6178248]}},
{"type":"Feature","properties":{"name":"船橋3-12遊び場"},"geometry":{"type":"Point","coordinates":[139.6229863,35.6526275]}},
{"type":"Feature","properties":{"name":"上用賀3-8遊び場"},"geometry":{"type":"Point","coordinates":[139.6297144,35.6314216]}},
{"type":"Feature","properties":{"name":"弦巻2-1遊び場"},"geometry":{"type":"Point","coordinates":[139.6556717,35.6343543]}},
{"type":"Feature","properties":{"name":"玉堤2-3遊び場"},"geometry":{"type":"Point","coordinates":[139.649175,35.5988293]}},
{"type":"Feature","properties":{"name":"三軒茶屋2-27遊び場"},"geometry":{"type":"Point","coordinates":[139.6643187,35.6419459]}},
{"type":"Feature","properties":{"name":"鎌田1-6遊び場"},"geometry":{"type":"Point","coordinates":[139.6174355,35.6170087]}},
{"type":"Feature","properties":{"name":"松沢けやき広場"},"geometry":{"type":"Point","coordinates":[139.6192547,35.6651714]}},
{"type":"Feature","properties":{"name":"南烏山1-1遊び場"},"geometry":{"type":"Point","coordinates":[139.612832,35.666573]}},
{"type":"Feature","properties":{"name":"大原2-31遊び場"},"geometry":{"type":"Point","coordinates":[139.6570415,35.6683666]}},
{"type":"Feature","properties":{"name":"太子堂2-11遊び場"},"geometry":{"type":"Point","coordinates":[139.6730847,35.6454391]}},
{"type":"Feature","properties":{"name":"深沢7-14遊び場"},"geometry":{"type":"Point","coordinates":[139.6468021,35.6220028]}},
{"type":"Feature","properties":{"name":"給田ぞうのはな広場"},"geometry":{"type":"Point","coordinates":[139.5926347,35.6640572]}},
{"type":"Feature","properties":{"name":"給田ぞうのはな広場"},"geometry":{"type":"Point","coordinates":[139.5933139,35.6642953]}},
{"type":"Feature","properties":{"name":"祖師谷六丁目広場"},"geometry":{"type":"Point","coordinates":[139.6035032,35.6576427]}},
{"type":"Feature","properties":{"name":"桜丘5-36遊び場"},"geometry":{"type":"Point","coordinates":[139.6185196,35.6453806]}},
{"type":"Feature","properties":{"name":"ふれあい遊歩道"},"geometry":{"type":"Point","coordinates":[139.6084592,35.6478665]}},
{"type":"Feature","properties":{"name":"ふれあい遊歩道"},"geometry":{"type":"Point","coordinates":[139.6084366,35.6484778]}},
{"type":"Feature","properties":{"name":"守山広場"},"geometry":{"type":"Point","coordinates":[139.6616766,35.665093]}},
{"type":"Feature","properties":{"name":"北烏山３高架下遊び場"},"geometry":{"type":"Point","coordinates":[139.6000063,35.6780046]}},
{"type":"Feature","properties":{"name":"二子玉川西地区ふれあい広場"},"geometry":{"type":"Point","coordinates":[139.6246117,35.6136581]}},
{"type":"Feature","properties":{"name":"新町2-25遊び場"},"geometry":{"type":"Point","coordinates":[139.6470044,35.6301879]}},
{"type":"Feature","properties":{"name":"新町2-25遊び場"},"geometry":{"type":"Point","coordinates":[139.6470672,35.6307356]}},
{"type":"Feature","properties":{"name":"喜多見1-4遊び場"},"geometry":{"type":"Point","coordinates":[139.5983779,35.6225179]}},
{"type":"Feature","properties":{"name":"八幡山はらっぱ広場"},"geometry":{"type":"Point","coordinates":[139.6140919,35.6695392]}},
{"type":"Feature","properties":{"name":"将軍池広場"},"geometry":{"type":"Point","coordinates":[139.6218918,35.665483]}},
{"type":"Feature","properties":{"name":"喜多見5-21遊び場"},"geometry":{"type":"Point","coordinates":[139.598737,35.6284673]}},
{"type":"Feature","properties":{"name":"ぜんざ橋児童遊園"},"geometry":{"type":"Point","coordinates":[139.8182387,35.756774]}},
{"type":"Feature","properties":{"name":"みなみ広場"},"geometry":{"type":"Point","coordinates":[139.8364508,35.7326902]}},
{"type":"Feature","properties":{"name":"新小岩二丁目小松菜児童遊園"},"geometry":{"type":"Point","coordinates":[139.8609022,35.7183644]}},
{"type":"Feature","properties":{"name":"奥戸一丁目児童遊園"},"geometry":{"type":"Point","coordinates":[139.8587723,35.7292146]}},
{"type":"Feature","properties":{"name":"愛苑児童遊園"},"geometry":{"type":"Point","coordinates":[139.8719631,35.7341274]}},
{"type":"Feature","properties":{"name":"亀田児童遊園"},"geometry":{"type":"Point","coordinates":[139.8715305,35.7319764]}},
{"type":"Feature","properties":{"name":"奥戸三丁目児童遊園"},"geometry":{"type":"Point","coordinates":[139.8638136,35.7323529]}},
{"type":"Feature","properties":{"name":"南奥戸児童遊園"},"geometry":{"type":"Point","coordinates":[139.8597945,35.7325701]}},
{"type":"Feature","properties":{"name":"鎌倉二丁目児童遊園"},"geometry":{"type":"Point","coordinates":[139.874701,35.744404]}},
{"type":"Feature","properties":{"name":"小鳩児童遊園"},"geometry":{"type":"Point","coordinates":[139.8479792,35.7554591]}},
{"type":"Feature","properties":{"name":"さくら児童遊園"},"geometry":{"type":"Point","coordinates":[139.8511049,35.7694327]}},
{"type":"Feature","properties":{"name":"砂原児童遊園"},"geometry":{"type":"Point","coordinates":[139.8430779,35.7625213]}},
{"type":"Feature","properties":{"name":"若草児童遊園"},"geometry":{"type":"Point","coordinates":[139.8503715,35.7574145]}},
{"type":"Feature","properties":{"name":"亀青児童遊園"},"geometry":{"type":"Point","coordinates":[139.8514053,35.7586525]}},
{"type":"Feature","properties":{"name":"柴原児童遊園"},"geometry":{"type":"Point","coordinates":[139.8660819,35.7623978]}},
{"type":"Feature","properties":{"name":"高砂宮前児童遊園"},"geometry":{"type":"Point","coordinates":[139.8649662,35.7499317]}},
{"type":"Feature","properties":{"name":"住吉児童遊園"},"geometry":{"type":"Point","coordinates":[139.8672197,35.7536149]}},
{"type":"Feature","properties":{"name":"細田一丁目児童遊園"},"geometry":{"type":"Point","coordinates":[139.873197,35.7385739]}},
{"type":"Feature","properties":{"name":"細田町児童遊園"},"geometry":{"type":"Point","coordinates":[139.8679633,35.7417897]}},
{"type":"Feature","properties":{"name":"細田四丁目児童遊園"},"geometry":{"type":"Point","coordinates":[139.8708654,35.7445679]}},
{"type":"Feature","properties":{"name":"白髭神社児童遊園"},"geometry":{"type":"Point","coordinates":[139.8376191,35.7377031]}},
{"type":"Feature","properties":{"name":"ひばりが丘児童遊園"},"geometry":{"type":"Point","coordinates":[139.8823654,35.7515848]}},
{"type":"Feature","properties":{"name":"柴又八幡神社児童遊園"},"geometry":{"type":"Point","coordinates":[139.875445,35.7584974]}},
{"type":"Feature","properties":{"name":"桜道児童遊園"},"geometry":{"type":"Point","coordinates":[139.8738548,35.7541574]}},
{"type":"Feature","properties":{"name":"柴又第一児童遊園"},"geometry":{"type":"Point","coordinates":[139.8801532,35.7600633]}},
{"type":"Feature","properties":{"name":"柴又六丁目児童遊園"},"geometry":{"type":"Point","coordinates":[139.8802693,35.7555522]}},
{"type":"Feature","properties":{"name":"小菅西児童遊園"},"geometry":{"type":"Point","coordinates":[139.819834,35.7544565]}},
{"type":"Feature","properties":{"name":"新宿一丁目児童遊園"},"geometry":{"type":"Point","coordinates":[139.8583136,35.7585515]}},
{"type":"Feature","properties":{"name":"町並児童遊園"},"geometry":{"type":"Point","coordinates":[139.8590276,35.763546]}},
{"type":"Feature","properties":{"name":"新宿四丁目児童遊園"},"geometry":{"type":"Point","coordinates":[139.8629891,35.7627162]}},
{"type":"Feature","properties":{"name":"しらゆき児童遊園"},"geometry":{"type":"Point","coordinates":[139.8626023,35.7636711]}},
{"type":"Feature","properties":{"name":"大池児童遊園"},"geometry":{"type":"Point","coordinates":[139.8578922,35.7610302]}},
{"type":"Feature","properties":{"name":"小松橋児童遊園"},"geometry":{"type":"Point","coordinates":[139.8659508,35.7214633]}},
{"type":"Feature","properties":{"name":"下小松児童遊園"},"geometry":{"type":"Point","coordinates":[139.8613467,35.7170737]}},
{"type":"Feature","properties":{"name":"西亀有児童遊園"},"geometry":{"type":"Point","coordinates":[139.8339304,35.7622718]}},
{"type":"Feature","properties":{"name":"大曲り児童遊園"},"geometry":{"type":"Point","coordinates":[139.8353789,35.761644]}},
{"type":"Feature","properties":{"name":"平和橋児童遊園"},"geometry":{"type":"Point","coordinates":[139.8489701,35.726972]}},
{"type":"Feature","properties":{"name":"古谷野児童遊園"},"geometry":{"type":"Point","coordinates":[139.8442938,35.7254495]}},
{"type":"Feature","properties":{"name":"青葉児童遊園"},"geometry":{"type":"Point","coordinates":[139.8502367,35.7495927]}},
{"type":"Feature","properties":{"name":"青戸南児童遊園"},"geometry":{"type":"Point","coordinates":[139.8594386,35.7479231]}},
{"type":"Feature","properties":{"name":"青戸六丁目つばさ児童遊園"},"geometry":{"type":"Point","coordinates":[139.8591781,35.7516869]}},
{"type":"Feature","properties":{"name":"金町駅北口児童遊園"},"geometry":{"type":"Point","coordinates":[139.8696506,35.772276]}},
{"type":"Feature","properties":{"name":"東金町児童遊園"},"geometry":{"type":"Point","coordinates":[139.871099,35.7742148]}},
{"type":"Feature","properties":{"name":"金蓮院児童遊園"},"geometry":{"type":"Point","coordinates":[139.8750052,35.7720364]}},
{"type":"Feature","properties":{"name":"東金町四丁目児童遊園"},"geometry":{"type":"Point","coordinates":[139.8729708,35.7756798]}},
{"type":"Feature","properties":{"name":"東金町七丁目児童遊園"},"geometry":{"type":"Point","coordinates":[139.8789649,35.7752198]}},
{"type":"Feature","properties":{"name":"原田児童遊園"},"geometry":{"type":"Point","coordinates":[139.8691173,35.7731579]}},
{"type":"Feature","properties":{"name":"大向児童遊園"},"geometry":{"type":"Point","coordinates":[139.8873934,35.7802022]}},
{"type":"Feature","properties":{"name":"白鷺児童遊園"},"geometry":{"type":"Point","coordinates":[139.8357544,35.7310668]}},
{"type":"Feature","properties":{"name":"須磨児童遊園"},"geometry":{"type":"Point","coordinates":[139.8548285,35.7267466]}},
{"type":"Feature","properties":{"name":"親和児童遊園"},"geometry":{"type":"Point","coordinates":[139.835554,35.7484865]}},
{"type":"Feature","properties":{"name":"双葉児童遊園"},"geometry":{"type":"Point","coordinates":[139.8371997,35.7508961]}},
{"type":"Feature","properties":{"name":"東立石児童遊園"},"geometry":{"type":"Point","coordinates":[139.8513985,35.7369034]}},
{"type":"Feature","properties":{"name":"みどり児童遊園"},"geometry":{"type":"Point","coordinates":[139.8417349,35.7465263]}},
{"type":"Feature","properties":{"name":"新道口児童遊園"},"geometry":{"type":"Point","coordinates":[139.8503365,35.7540657]}},
{"type":"Feature","properties":{"name":"宝町南児童遊園"},"geometry":{"type":"Point","coordinates":[139.8378559,35.7427146]}},
{"type":"Feature","properties":{"name":"堀切東児童遊園"},"geometry":{"type":"Point","coordinates":[139.8323486,35.742932]}},
{"type":"Feature","properties":{"name":"堀切赤門児童遊園"},"geometry":{"type":"Point","coordinates":[139.8298824,35.750011]}},
{"type":"Feature","properties":{"name":"堀切橋児童遊園"},"geometry":{"type":"Point","coordinates":[139.8228338,35.7470211]}},
{"type":"Feature","properties":{"name":"堀切四丁目児童遊園"},"geometry":{"type":"Point","coordinates":[139.8238276,35.7456382]}},
{"type":"Feature","properties":{"name":"こやの新児童遊園"},"geometry":{"type":"Point","coordinates":[139.8245988,35.7483114]}},
{"type":"Feature","properties":{"name":"堀切七丁目児童遊園"},"geometry":{"type":"Point","coordinates":[139.8285207,35.7555494]}},
{"type":"Feature","properties":{"name":"堀切児童遊園"},"geometry":{"type":"Point","coordinates":[139.8279202,35.7428154]}},
{"type":"Feature","properties":{"name":"堀八児童遊園"},"geometry":{"type":"Point","coordinates":[139.8321064,35.7568764]}},
{"type":"Feature","properties":{"name":"堀切加波良児童遊園"},"geometry":{"type":"Point","coordinates":[139.8296768,35.7530611]}},
{"type":"Feature","properties":{"name":"梅田児童遊園"},"geometry":{"type":"Point","coordinates":[139.8478559,35.7407273]}},
{"type":"Feature","properties":{"name":"諏訪児童遊園"},"geometry":{"type":"Point","coordinates":[139.8504317,35.738454]}},
{"type":"Feature","properties":{"name":"立石児童遊園"},"geometry":{"type":"Point","coordinates":[139.8557134,35.7396396]}},
{"type":"Feature","properties":{"name":"熊野神社児童遊園"},"geometry":{"type":"Point","coordinates":[139.8581607,35.7397968]}},
{"type":"Feature","properties":{"name":"鎌倉北児童遊園"},"geometry":{"type":"Point","coordinates":[139.8785688,35.749826]}},
{"type":"Feature","properties":{"name":"かまくらいなり児童遊園"},"geometry":{"type":"Point","coordinates":[139.8783565,35.7493323]}},
{"type":"Feature","properties":{"name":"鎌倉東児童遊園"},"geometry":{"type":"Point","coordinates":[139.8827128,35.7455565]}},
{"type":"Feature","properties":{"name":"みんなのひろば児童遊園"},"geometry":{"type":"Point","coordinates":[139.8787723,35.7443709]}},
{"type":"Feature","properties":{"name":"亀有一丁目児童遊園"},"geometry":{"type":"Point","coordinates":[139.8466076,35.7590486]}},
{"type":"Feature","properties":{"name":"あおぞら児童遊園"},"geometry":{"type":"Point","coordinates":[139.8466986,35.7544257]}},
{"type":"Feature","properties":{"name":"道上児童遊園"},"geometry":{"type":"Point","coordinates":[139.8443799,35.7637086]}},
{"type":"Feature","properties":{"name":"亀有あさひ児童遊園"},"geometry":{"type":"Point","coordinates":[139.8500417,35.7583638]}},
{"type":"Feature","properties":{"name":"亀二児童遊園"},"geometry":{"type":"Point","coordinates":[139.8509174,35.7614562]}},
{"type":"Feature","properties":{"name":"こえど児童遊園"},"geometry":{"type":"Point","coordinates":[139.8671878,35.765657]}},
{"type":"Feature","properties":{"name":"金町わかくさ児童遊園"},"geometry":{"type":"Point","coordinates":[139.8746065,35.7655953]}},
{"type":"Feature","properties":{"name":"鷹之堤児童遊園"},"geometry":{"type":"Point","coordinates":[139.8642941,35.7653667]}},
{"type":"Feature","properties":{"name":"協栄いずみ児童遊園"},"geometry":{"type":"Point","coordinates":[139.8641095,35.7646618]}},
{"type":"Feature","properties":{"name":"末広児童遊園"},"geometry":{"type":"Point","coordinates":[139.8646801,35.7668789]}},
{"type":"Feature","properties":{"name":"むつみ児童遊園"},"geometry":{"type":"Point","coordinates":[139.8631265,35.7650274]}},
{"type":"Feature","properties":{"name":"高砂一丁目児童遊園"},"geometry":{"type":"Point","coordinates":[139.8604098,35.7441916]}},
{"type":"Feature","properties":{"name":"高砂南児童遊園"},"geometry":{"type":"Point","coordinates":[139.8686194,35.7462032]}},
{"type":"Feature","properties":{"name":"細田東児童遊園"},"geometry":{"type":"Point","coordinates":[139.8742603,35.7433233]}},
{"type":"Feature","properties":{"name":"四つ木五丁目児童遊園"},"geometry":{"type":"Point","coordinates":[139.8417247,35.743716]}},
{"type":"Feature","properties":{"name":"四つ木三丁目児童遊園"},"geometry":{"type":"Point","coordinates":[139.8317051,35.7373491]}},
{"type":"Feature","properties":{"name":"新柴又児童遊園"},"geometry":{"type":"Point","coordinates":[139.8819382,35.7523777]}},
{"type":"Feature","properties":{"name":"柴又四丁目児童遊園"},"geometry":{"type":"Point","coordinates":[139.8749077,35.7538457]}},
{"type":"Feature","properties":{"name":"柴又七丁目児童遊園"},"geometry":{"type":"Point","coordinates":[139.8775194,35.7592109]}},
{"type":"Feature","properties":{"name":"柴又北児童遊園"},"geometry":{"type":"Point","coordinates":[139.8761161,35.7585543]}},
{"type":"Feature","properties":{"name":"北野児童遊園"},"geometry":{"type":"Point","coordinates":[139.8698767,35.7580339]}},
{"type":"Feature","properties":{"name":"柴又とまり木児童遊園"},"geometry":{"type":"Point","coordinates":[139.8790322,35.7554076]}},
{"type":"Feature","properties":{"name":"松原児童遊園"},"geometry":{"type":"Point","coordinates":[139.8166883,35.7566644]}},
{"type":"Feature","properties":{"name":"小菅西公園"},"geometry":{"type":"Point","coordinates":[139.8190669,35.7524508]}},
{"type":"Feature","properties":{"name":"小菅東スポーツ公園"},"geometry":{"type":"Point","coordinates":[139.8225864,35.753566]}},
{"type":"Feature","properties":{"name":"新宿五丁目児童遊園"},"geometry":{"type":"Point","coordinates":[139.8604662,35.7657545]}},
{"type":"Feature","properties":{"name":"内野橋児童遊園"},"geometry":{"type":"Point","coordinates":[139.862263,35.7667724]}},
{"type":"Feature","properties":{"name":"新小岩二丁目児童遊園"},"geometry":{"type":"Point","coordinates":[139.8618927,35.7166755]}},
{"type":"Feature","properties":{"name":"砂原中央児童遊園"},"geometry":{"type":"Point","coordinates":[139.841377,35.7617932]}},
{"type":"Feature","properties":{"name":"西亀有四丁目児童遊園"},"geometry":{"type":"Point","coordinates":[139.8435952,35.7652874]}},
{"type":"Feature","properties":{"name":"上平井西児童遊園"},"geometry":{"type":"Point","coordinates":[139.8485546,35.7213327]}},
{"type":"Feature","properties":{"name":"間栗公園"},"geometry":{"type":"Point","coordinates":[139.8506754,35.717758]}},
{"type":"Feature","properties":{"name":"吾妻児童遊園"},"geometry":{"type":"Point","coordinates":[139.8457221,35.7933786]}},
{"type":"Feature","properties":{"name":"大場川児童遊園"},"geometry":{"type":"Point","coordinates":[139.857837,35.7910533]}},
{"type":"Feature","properties":{"name":"青戸三丁目西児童遊園"},"geometry":{"type":"Point","coordinates":[139.8483114,35.7461589]}},
{"type":"Feature","properties":{"name":"青戸三丁目東児童遊園"},"geometry":{"type":"Point","coordinates":[139.8518371,35.744909]}},
{"type":"Feature","properties":{"name":"青戸七丁目児童遊園"},"geometry":{"type":"Point","coordinates":[139.8541423,35.7540361]}},
{"type":"Feature","properties":{"name":"青戸七丁目東児童遊園"},"geometry":{"type":"Point","coordinates":[139.8563325,35.7542684]}},
{"type":"Feature","properties":{"name":"西亀青児童遊園"},"geometry":{"type":"Point","coordinates":[139.8515507,35.7583751]}},
{"type":"Feature","properties":{"name":"青戸八丁目児童遊園"},"geometry":{"type":"Point","coordinates":[139.8542013,35.7595172]}},
{"type":"Feature","properties":{"name":"青戸南自然の広場"},"geometry":{"type":"Point","coordinates":[139.8605865,35.7498935]}},
{"type":"Feature","properties":{"name":"東金町五丁目児童遊園"},"geometry":{"type":"Point","coordinates":[139.8786242,35.7775085]}},
{"type":"Feature","properties":{"name":"東金町いずみ児童遊園"},"geometry":{"type":"Point","coordinates":[139.8796259,35.7773861]}},
{"type":"Feature","properties":{"name":"半田児童遊園"},"geometry":{"type":"Point","coordinates":[139.8772262,35.7758896]}},
{"type":"Feature","properties":{"name":"半田ふじみ児童遊園"},"geometry":{"type":"Point","coordinates":[139.87687,35.7767137]}},
{"type":"Feature","properties":{"name":"つくし児童遊園"},"geometry":{"type":"Point","coordinates":[139.8712592,35.7752618]}},
{"type":"Feature","properties":{"name":"東金町亀が岡児童遊園"},"geometry":{"type":"Point","coordinates":[139.8662681,35.7719558]}},
{"type":"Feature","properties":{"name":"東金町すみれ児童遊園"},"geometry":{"type":"Point","coordinates":[139.86701,35.7729781]}},
{"type":"Feature","properties":{"name":"八十児童遊園"},"geometry":{"type":"Point","coordinates":[139.8671048,35.7745694]}},
{"type":"Feature","properties":{"name":"木根川東児童遊園"},"geometry":{"type":"Point","coordinates":[139.8425991,35.7268936]}},
{"type":"Feature","properties":{"name":"しぶえ南児童遊園"},"geometry":{"type":"Point","coordinates":[139.8377726,35.7315998]}},
{"type":"Feature","properties":{"name":"きねがわ児童遊園"},"geometry":{"type":"Point","coordinates":[139.839634,35.730595]}},
{"type":"Feature","properties":{"name":"東四つ木児童遊園"},"geometry":{"type":"Point","coordinates":[139.8394988,35.729056]}},
{"type":"Feature","properties":{"name":"東四つ木諏訪児童遊園"},"geometry":{"type":"Point","coordinates":[139.8399965,35.7326355]}},
{"type":"Feature","properties":{"name":"星のひろば児童遊園"},"geometry":{"type":"Point","coordinates":[139.8398596,35.7343617]}},
{"type":"Feature","properties":{"name":"東四つ木なかよし児童遊園"},"geometry":{"type":"Point","coordinates":[139.8450653,35.7305344]}},
{"type":"Feature","properties":{"name":"かわばた新田児童遊園"},"geometry":{"type":"Point","coordinates":[139.8468654,35.7281578]}},
{"type":"Feature","properties":{"name":"かみこまつ児童遊園"},"geometry":{"type":"Point","coordinates":[139.8610208,35.7243237]}},
{"type":"Feature","properties":{"name":"東新小岩四丁目児童遊園"},"geometry":{"type":"Point","coordinates":[139.8610574,35.7252114]}},
{"type":"Feature","properties":{"name":"東新小岩二丁目西児童遊園"},"geometry":{"type":"Point","coordinates":[139.8655715,35.7223386]}},
{"type":"Feature","properties":{"name":"東新小岩二丁目東児童遊園"},"geometry":{"type":"Point","coordinates":[139.8671592,35.7238235]}},
{"type":"Feature","properties":{"name":"三谷稲荷児童遊園"},"geometry":{"type":"Point","coordinates":[139.8528732,35.7279213]}},
{"type":"Feature","properties":{"name":"西井堀橋児童遊園"},"geometry":{"type":"Point","coordinates":[139.8591807,35.7240724]}},
{"type":"Feature","properties":{"name":"東水元三丁目児童遊園"},"geometry":{"type":"Point","coordinates":[139.8669509,35.7833561]}},
{"type":"Feature","properties":{"name":"小合上町児童遊園"},"geometry":{"type":"Point","coordinates":[139.8649038,35.7883498]}},
{"type":"Feature","properties":{"name":"東堀切一丁目児童遊園"},"geometry":{"type":"Point","coordinates":[139.8340382,35.7486149]}},
{"type":"Feature","properties":{"name":"さつき児童遊園"},"geometry":{"type":"Point","coordinates":[139.835038,35.7517807]}},
{"type":"Feature","properties":{"name":"東堀切二丁目児童遊園"},"geometry":{"type":"Point","coordinates":[139.8351345,35.7511485]}},
{"type":"Feature","properties":{"name":"川端南児童遊園"},"geometry":{"type":"Point","coordinates":[139.8505783,35.7306718]}},
{"type":"Feature","properties":{"name":"東立石あおぞら児童遊園"},"geometry":{"type":"Point","coordinates":[139.8474388,35.7296647]}},
{"type":"Feature","properties":{"name":"南水元一丁目児童遊園"},"geometry":{"type":"Point","coordinates":[139.8613678,35.7773928]}},
{"type":"Feature","properties":{"name":"南水元ふれあい児童遊園"},"geometry":{"type":"Point","coordinates":[139.8611129,35.7763039]}},
{"type":"Feature","properties":{"name":"白鳥東さわやか児童遊園"},"geometry":{"type":"Point","coordinates":[139.8445718,35.751742]}},
{"type":"Feature","properties":{"name":"白鳥東なかよし児童遊園"},"geometry":{"type":"Point","coordinates":[139.8459814,35.7518316]}},
{"type":"Feature","properties":{"name":"しらぎく児童遊園"},"geometry":{"type":"Point","coordinates":[139.8451828,35.7543308]}},
{"type":"Feature","properties":{"name":"しろふね児童遊園"},"geometry":{"type":"Point","coordinates":[139.8428031,35.7510041]}},
{"type":"Feature","properties":{"name":"白鳥東にこにこ児童遊園"},"geometry":{"type":"Point","coordinates":[139.8464972,35.7501551]}},
{"type":"Feature","properties":{"name":"宝町西児童遊園"},"geometry":{"type":"Point","coordinates":[139.8354276,35.7436488]}},
{"type":"Feature","properties":{"name":"宝町一丁目児童遊園"},"geometry":{"type":"Point","coordinates":[139.8350324,35.7426377]}},
{"type":"Feature","properties":{"name":"堀切南児童遊園"},"geometry":{"type":"Point","coordinates":[139.8285659,35.738348]}},
{"type":"Feature","properties":{"name":"こやのひまわり児童遊園"},"geometry":{"type":"Point","coordinates":[139.8235975,35.7491859]}},
{"type":"Feature","properties":{"name":"小谷野しょうぶ児童遊園"},"geometry":{"type":"Point","coordinates":[139.8263594,35.7494041]}},
{"type":"Feature","properties":{"name":"堀切中央児童遊園"},"geometry":{"type":"Point","coordinates":[139.8282573,35.7452378]}},
{"type":"Feature","properties":{"name":"上千葉香取児童遊園"},"geometry":{"type":"Point","coordinates":[139.8343969,35.7583287]}},
{"type":"Feature","properties":{"name":"立石一丁目児童遊園"},"geometry":{"type":"Point","coordinates":[139.8498226,35.7377323]}},
{"type":"Feature","properties":{"name":"ほんでんなかよし児童遊園"},"geometry":{"type":"Point","coordinates":[139.8450326,35.7391544]}},
{"type":"Feature","properties":{"name":"立石かんすけ児童遊園"},"geometry":{"type":"Point","coordinates":[139.8533643,35.7386779]}},
{"type":"Feature","properties":{"name":"中原児童遊園"},"geometry":{"type":"Point","coordinates":[139.8476348,35.7455545]}},
{"type":"Feature","properties":{"name":"奥戸総合スポーツセンター陸上競技場"},"geometry":{"type":"Point","coordinates":[139.8615132,35.7361023]}},
{"type":"Feature","properties":{"name":"奥戸総合スポーツセンター野球場"},"geometry":{"type":"Point","coordinates":[139.8629434,35.7415837]}},
{"type":"Feature","properties":{"name":"奥戸総合スポーツセンター少年野球場"},"geometry":{"type":"Point","coordinates":[139.8618709,35.7401844]}},
{"type":"Feature","properties":{"name":"奥戸総合スポーツセンターテニスコート"},"geometry":{"type":"Point","coordinates":[139.8639023,35.7415997]}},
{"type":"Feature","properties":{"name":"荒川小菅野球場"},"geometry":{"type":"Point","coordinates":[139.8157418,35.7534333]}},
{"type":"Feature","properties":{"name":"荒川小菅少年野球場"},"geometry":{"type":"Point","coordinates":[139.8149829,35.7542705]}},
{"type":"Feature","properties":{"name":"荒川小菅球技場"},"geometry":{"type":"Point","coordinates":[139.8139664,35.7552598]}},
{"type":"Feature","properties":{"name":"堀切橋フットサル場"},"geometry":{"type":"Point","coordinates":[139.8196076,35.7482968]}},
{"type":"Feature","properties":{"name":"堀切橋少年硬式野球場"},"geometry":{"type":"Point","coordinates":[139.8202849,35.7473405]}},
{"type":"Feature","properties":{"name":"堀切橋少年野球場"},"geometry":{"type":"Point","coordinates":[139.8223608,35.7436501]}},
{"type":"Feature","properties":{"name":"堀切橋少年ソフトボール場"},"geometry":{"type":"Point","coordinates":[139.8237636,35.7411328]}},
{"type":"Feature","properties":{"name":"四つ木橋球技場"},"geometry":{"type":"Point","coordinates":[139.8265801,35.7369944]}},
{"type":"Feature","properties":{"name":"四つ木橋野球場"},"geometry":{"type":"Point","coordinates":[139.8286151,35.7345699]}},
{"type":"Feature","properties":{"name":"木根川橋球技場"},"geometry":{"type":"Point","coordinates":[139.8371218,35.7265364]}},
{"type":"Feature","properties":{"name":"木根川橋野球場"},"geometry":{"type":"Point","coordinates":[139.8348581,35.7284423]}},
{"type":"Feature","properties":{"name":"木根川橋少年野球場"},"geometry":{"type":"Point","coordinates":[139.8378893,35.7258324]}},
{"type":"Feature","properties":{"name":"木根川橋少年野球場"},"geometry":{"type":"Point","coordinates":[139.8363968,35.7272592]}},
{"type":"Feature","properties":{"name":"柴又野球場"},"geometry":{"type":"Point","coordinates":[139.881326,35.7611599]}},
{"type":"Feature","properties":{"name":"柴又少年野球場"},"geometry":{"type":"Point","coordinates":[139.8839009,35.7550842]}},
{"type":"Feature","properties":{"name":"柴又球技場"},"geometry":{"type":"Point","coordinates":[139.8830497,35.7561278]}},
{"type":"Feature","properties":{"name":"柴又ソフトボール場"},"geometry":{"type":"Point","coordinates":[139.8806892,35.762553]}},
{"type":"Feature","properties":{"name":"柴又少年ソフトボール場"},"geometry":{"type":"Point","coordinates":[139.8804746,35.7630297]}},
{"type":"Feature","properties":{"name":"第２柴又野球場"},"geometry":{"type":"Point","coordinates":[139.885866,35.7527523]}},
{"type":"Feature","properties":{"name":"上千葉公園運動場"},"geometry":{"type":"Point","coordinates":[139.8390778,35.7546078]}},
{"type":"Feature","properties":{"name":"東金町運動場テニスコート"},"geometry":{"type":"Point","coordinates":[139.8883332,35.7813271]}},
{"type":"Feature","properties":{"name":"東金町運動場少年野球場"},"geometry":{"type":"Point","coordinates":[139.8874241,35.7815242]}},
{"type":"Feature","properties":{"name":"東金町運動場多目的広場"},"geometry":{"type":"Point","coordinates":[139.8885598,35.7825788]}},
{"type":"Feature","properties":{"name":"渋江公園テニスコート"},"geometry":{"type":"Point","coordinates":[139.843245,35.735693]}},
{"type":"Feature","properties":{"name":"渋江公園テニスコート"},"geometry":{"type":"Point","coordinates":[139.8424021,35.7358579]}},
{"type":"Feature","properties":{"name":"葛飾にいじゅくみらい公園多目的広場"},"geometry":{"type":"Point","coordinates":[139.8642874,35.772909]}},
{"type":"Feature","properties":{"name":"葛飾にいじゅくみらい公園テニスコート"},"geometry":{"type":"Point","coordinates":[139.8650705,35.7725217]}},
{"type":"Feature","properties":{"name":"水元総合スポーツセンター多目的広場"},"geometry":{"type":"Point","coordinates":[139.8597767,35.7816022]}},
{"type":"Feature","properties":{"name":"水元総合スポーツセンターテニスコート"},"geometry":{"type":"Point","coordinates":[139.8593376,35.7822759]}},
{"type":"Feature","properties":{"name":"小菅西公園フットサル場"},"geometry":{"type":"Point","coordinates":[139.8194406,35.7518598]}},
{"type":"Feature","properties":{"name":"東新小岩運動場陸上競技場"},"geometry":{"type":"Point","coordinates":[139.8635968,35.7219068]}},
{"type":"Feature","properties":{"name":"東新小岩運動場野球場"},"geometry":{"type":"Point","coordinates":[139.8621665,35.721254]}},
{"type":"Feature","properties":{"name":"東新小岩運動場テニスコート"},"geometry":{"type":"Point","coordinates":[139.8618822,35.7200533]}},
{"type":"Feature","properties":{"name":"東新小岩運動場テニスコート"},"geometry":{"type":"Point","coordinates":[139.8621983,35.7204862]}},
{"type":"Feature","properties":{"name":"東新小岩運動場テニスコート"},"geometry":{"type":"Point","coordinates":[139.8626412,35.7205907]}},
{"type":"Feature","properties":{"name":"東新小岩運動場テニスコート"},"geometry":{"type":"Point","coordinates":[139.8631195,35.7209125]}},
{"type":"Feature","properties":{"name":"住吉第２子供広場"},"geometry":{"type":"Point","coordinates":[139.862983,35.7547352]}},
{"type":"Feature","properties":{"name":"亀有四丁目児童遊園（第一）"},"geometry":{"type":"Point","coordinates":[139.8444635,35.7614494]}},
{"type":"Feature","properties":{"name":"亀有四丁目児童遊園（第二）"},"geometry":{"type":"Point","coordinates":[139.8446644,35.7609258]}},
{"type":"Feature","properties":{"name":"ひまわり児童遊園"},"geometry":{"type":"Point","coordinates":[139.8541785,35.7878041]}},
{"type":"Feature","properties":{"name":"水元三丁目児童遊園"},"geometry":{"type":"Point","coordinates":[139.8608958,35.7836866]}},
{"type":"Feature","properties":{"name":"高砂児童遊園"},"geometry":{"type":"Point","coordinates":[139.8659887,35.7467296]}},
{"type":"Feature","properties":{"name":"立石三丁目児童遊園"},"geometry":{"type":"Point","coordinates":[139.8431436,35.7410771]}},
{"type":"Feature","properties":{"name":"上平井児童遊園"},"geometry":{"type":"Point","coordinates":[139.853593,35.7190579]}},
{"type":"Feature","properties":{"name":"上千葉砂原公園"},"geometry":{"type":"Point","coordinates":[139.8394124,35.7583011]}},
{"type":"Feature","properties":{"name":"グリーンパーク遊歩道"},"geometry":{"type":"Point","coordinates":[139.5516971,35.7076698]}},
{"type":"Feature","properties":{"name":"柳橋公園"},"geometry":{"type":"Point","coordinates":[139.5438413,35.7135916]}},
{"type":"Feature","properties":{"name":"本宿公園"},"geometry":{"type":"Point","coordinates":[139.5885773,35.7073415]}},
{"type":"Feature","properties":{"name":"東町防災広場"},"geometry":{"type":"Point","coordinates":[139.5944336,35.7053534]}},
{"type":"Feature","properties":{"name":"本田東公園"},"geometry":{"type":"Point","coordinates":[139.5941539,35.7039297]}},
{"type":"Feature","properties":{"name":"吉祥寺通り市民花壇"},"geometry":{"type":"Point","coordinates":[139.582153,35.7118506]}},
{"type":"Feature","properties":{"name":"吉祥寺通り市民花壇"},"geometry":{"type":"Point","coordinates":[139.5818709,35.7119194]}},
{"type":"Feature","properties":{"name":"南町防災広場"},"geometry":{"type":"Point","coordinates":[139.5920864,35.7031924]}},
{"type":"Feature","properties":{"name":"南町ふれあい花壇"},"geometry":{"type":"Point","coordinates":[139.5925375,35.7035558]}},
{"type":"Feature","properties":{"name":"南町苗木畑公園"},"geometry":{"type":"Point","coordinates":[139.589454,35.699348]}},
{"type":"Feature","properties":{"name":"南町第２ふれあい花壇"},"geometry":{"type":"Point","coordinates":[139.585758,35.7033486]}},
{"type":"Feature","properties":{"name":"北町一丁目緑地"},"geometry":{"type":"Point","coordinates":[139.5779214,35.7119794]}},
{"type":"Feature","properties":{"name":"北町五丁目第1緑地"},"geometry":{"type":"Point","coordinates":[139.5680474,35.7163468]}},
{"type":"Feature","properties":{"name":"北町五丁目第2緑地"},"geometry":{"type":"Point","coordinates":[139.5700258,35.7160417]}},
{"type":"Feature","properties":{"name":"北裏公園"},"geometry":{"type":"Point","coordinates":[139.5733658,35.7180676]}},
{"type":"Feature","properties":{"name":"北町三丁目第1緑地"},"geometry":{"type":"Point","coordinates":[139.5713548,35.7118921]}},
{"type":"Feature","properties":{"name":"北町三丁目第2緑地"},"geometry":{"type":"Point","coordinates":[139.5717801,35.7126941]}},
{"type":"Feature","properties":{"name":"北裏ポケット広場"},"geometry":{"type":"Point","coordinates":[139.5774037,35.7155058]}},
{"type":"Feature","properties":{"name":"北町二丁目ポケット広場"},"geometry":{"type":"Point","coordinates":[139.5819903,35.7137696]}},
{"type":"Feature","properties":{"name":"本町三丁目公園"},"geometry":{"type":"Point","coordinates":[139.5703087,35.7031433]}},
{"type":"Feature","properties":{"name":"本村第２公園"},"geometry":{"type":"Point","coordinates":[139.5495853,35.7040865]}},
{"type":"Feature","properties":{"name":"花の通学路"},"geometry":{"type":"Point","coordinates":[139.5377626,35.705895]}},
{"type":"Feature","properties":{"name":"境五丁目ポケット広場"},"geometry":{"type":"Point","coordinates":[139.5340164,35.7027549]}},
{"type":"Feature","properties":{"name":"六中南公園"},"geometry":{"type":"Point","coordinates":[139.5463442,35.7067387]}},
{"type":"Feature","properties":{"name":"しろがね公園"},"geometry":{"type":"Point","coordinates":[139.5401548,35.7068435]}},
{"type":"Feature","properties":{"name":"第３しろがね公園"},"geometry":{"type":"Point","coordinates":[139.5405776,35.7065803]}},
{"type":"Feature","properties":{"name":"境山野公園"},"geometry":{"type":"Point","coordinates":[139.5416825,35.7081156]}},
{"type":"Feature","properties":{"name":"富士見通り公園"},"geometry":{"type":"Point","coordinates":[139.5416979,35.696554]}},
{"type":"Feature","properties":{"name":"境南町防災広場"},"geometry":{"type":"Point","coordinates":[139.5389598,35.6984681]}},
{"type":"Feature","properties":{"name":"むらさき公園"},"geometry":{"type":"Point","coordinates":[139.5673699,35.7015235]}},
{"type":"Feature","properties":{"name":"もくれん公園"},"geometry":{"type":"Point","coordinates":[139.5657146,35.7024742]}},
{"type":"Feature","properties":{"name":"はなみずき広場"},"geometry":{"type":"Point","coordinates":[139.5375035,35.7100637]}},
{"type":"Feature","properties":{"name":"第2浄水場公園"},"geometry":{"type":"Point","coordinates":[139.5360773,35.7094917]}},
{"type":"Feature","properties":{"name":"西久躍保丹ガーデン"},"geometry":{"type":"Point","coordinates":[139.5577831,35.7111942]}},
{"type":"Feature","properties":{"name":"花の小路ガーデン"},"geometry":{"type":"Point","coordinates":[139.5573684,35.7113541]}},
{"type":"Feature","properties":{"name":"城山通りガーデン"},"geometry":{"type":"Point","coordinates":[139.5608973,35.7098809]}},
{"type":"Feature","properties":{"name":"城山通りガーデン"},"geometry":{"type":"Point","coordinates":[139.5603927,35.7100379]}},
{"type":"Feature","properties":{"name":"西久保二丁目防災広場"},"geometry":{"type":"Point","coordinates":[139.5578469,35.7086914]}},
{"type":"Feature","properties":{"name":"西久保二丁目ポケット広場"},"geometry":{"type":"Point","coordinates":[139.5572535,35.7112762]}},
{"type":"Feature","properties":{"name":"横山公園"},"geometry":{"type":"Point","coordinates":[139.5560341,35.7097722]}},
{"type":"Feature","properties":{"name":"八丁通り公園"},"geometry":{"type":"Point","coordinates":[139.5633012,35.704581]}},
{"type":"Feature","properties":{"name":"親和ふれあい花壇"},"geometry":{"type":"Point","coordinates":[139.5555858,35.7200347]}},
{"type":"Feature","properties":{"name":"八幡町第２公園"},"geometry":{"type":"Point","coordinates":[139.5553016,35.7191251]}},
{"type":"Feature","properties":{"name":"はらっばむさしの"},"geometry":{"type":"Point","coordinates":[139.558092,35.7171263]}},
{"type":"Feature","properties":{"name":"関前三丁目ポケット広場"},"geometry":{"type":"Point","coordinates":[139.549039,35.7148813]}},
{"type":"Feature","properties":{"name":"吉祥寺東町ふれあい公園"},"geometry":{"type":"Point","coordinates":[139.5881227,35.7085525]}},
{"type":"Feature","properties":{"name":"こうしん橋公園"},"geometry":{"type":"Point","coordinates":[139.5698287,35.7203317]}},
{"type":"Feature","properties":{"name":"こうしん橋公園"},"geometry":{"type":"Point","coordinates":[139.5693409,35.7205005]}},
{"type":"Feature","properties":{"name":"むさしの自然観察園"},"geometry":{"type":"Point","coordinates":[139.5766205,35.7157762]}},
{"type":"Feature","properties":{"name":"武蔵境ぽっぽ公園"},"geometry":{"type":"Point","coordinates":[139.5347826,35.7018607]}},
{"type":"Feature","properties":{"name":"あけぼの公園"},"geometry":{"type":"Point","coordinates":[139.5427361,35.698707]}},
{"type":"Feature","properties":{"name":"犬むすびの松広場"},"geometry":{"type":"Point","coordinates":[139.5659941,35.7011198]}},
{"type":"Feature","properties":{"name":"はなもも公園"},"geometry":{"type":"Point","coordinates":[139.5279628,35.7101046]}},
{"type":"Feature","properties":{"name":"くぬぎ公園"},"geometry":{"type":"Point","coordinates":[139.533197,35.7105163]}},
{"type":"Feature","properties":{"name":"桜堤二丁目防災広場"},"geometry":{"type":"Point","coordinates":[139.5321927,35.710475]}},
{"type":"Feature","properties":{"name":"上水あけぼの橋公園"},"geometry":{"type":"Point","coordinates":[139.5327209,35.711732]}},
{"type":"Feature","properties":{"name":"西久保三丁目ポケット広場"},"geometry":{"type":"Point","coordinates":[139.5629832,35.7121547]}},
{"type":"Feature","properties":{"name":"城山仮設広場"},"geometry":{"type":"Point","coordinates":[139.5603461,35.7108602]}},
{"type":"Feature","properties":{"name":"中町二丁目ポケット広場"},"geometry":{"type":"Point","coordinates":[139.5641788,35.7059527]}},
{"type":"Feature","properties":{"name":"えのき公園"},"geometry":{"type":"Point","coordinates":[139.5591418,35.7154072]}},
{"type":"Feature","properties":{"name":"関前南遊歩道"},"geometry":{"type":"Point","coordinates":[139.5489808,35.7122115]}},
{"type":"Feature","properties":{"name":"五小前遊歩道"},"geometry":{"type":"Point","coordinates":[139.5571992,35.7129199]}},
{"type":"Feature","properties":{"name":"四中東遊歩道"},"geometry":{"type":"Point","coordinates":[139.5708985,35.718201]}},
{"type":"Feature","properties":{"name":"千川さんかく公園"},"geometry":{"type":"Point","coordinates":[139.5616131,35.7217133]}},
{"type":"Feature","properties":{"name":"中央通り東公園"},"geometry":{"type":"Point","coordinates":[139.5643267,35.7111288]}},
{"type":"Feature","properties":{"name":"仲通り遊歩道"},"geometry":{"type":"Point","coordinates":[139.5481881,35.7127376]}},
{"type":"Feature","properties":{"name":"北裏やまふく遊歩道"},"geometry":{"type":"Point","coordinates":[139.5695474,35.7167759]}},
{"type":"Feature","properties":{"name":"スポットパークしんめいだい１"},"geometry":{"type":"Point","coordinates":[139.5155583,35.6670396]}},
{"type":"Feature","properties":{"name":"スポットパークみなみはら１"},"geometry":{"type":"Point","coordinates":[139.4593041,35.6720642]}},
{"type":"Feature","properties":{"name":"スポットパークなかのせき２"},"geometry":{"type":"Point","coordinates":[139.502203,35.6776602]}},
{"type":"Feature","properties":{"name":"スポットパークしもがわら"},"geometry":{"type":"Point","coordinates":[139.4686567,35.6559424]}},
{"type":"Feature","properties":{"name":"スポットパークみなみはら２"},"geometry":{"type":"Point","coordinates":[139.4552873,35.6718093]}},
{"type":"Feature","properties":{"name":"スポットパークつるまき"},"geometry":{"type":"Point","coordinates":[139.4902305,35.6612797]}},
{"type":"Feature","properties":{"name":"スポットパークつるしろ１"},"geometry":{"type":"Point","coordinates":[139.5040821,35.6612081]}},
{"type":"Feature","properties":{"name":"スポットパークいっぽんぎ１"},"geometry":{"type":"Point","coordinates":[139.4915961,35.6797013]}},
{"type":"Feature","properties":{"name":"スポットパークいちかわ"},"geometry":{"type":"Point","coordinates":[139.4687068,35.6632826]}},
{"type":"Feature","properties":{"name":"スポットパークあけしろ"},"geometry":{"type":"Point","coordinates":[139.5011371,35.6737441]}},
{"type":"Feature","properties":{"name":"スポットパークたけのだい２"},"geometry":{"type":"Point","coordinates":[139.500689,35.6641421]}},
{"type":"Feature","properties":{"name":"スポットパークせんがんづか"},"geometry":{"type":"Point","coordinates":[139.5020743,35.6718092]}},
{"type":"Feature","properties":{"name":"スポットパークせんがんづか"},"geometry":{"type":"Point","coordinates":[139.5020577,35.6719299]}},
{"type":"Feature","properties":{"name":"スポットパークみなみどおり１"},"geometry":{"type":"Point","coordinates":[139.4463777,35.6605128]}},
{"type":"Feature","properties":{"name":"スポットパークみなみどおり２"},"geometry":{"type":"Point","coordinates":[139.4452473,35.6604312]}},
{"type":"Feature","properties":{"name":"スポットパークやざき"},"geometry":{"type":"Point","coordinates":[139.4809332,35.660201]}},
{"type":"Feature","properties":{"name":"スポットパークだいどうきた"},"geometry":{"type":"Point","coordinates":[139.4522239,35.6804536]}},
{"type":"Feature","properties":{"name":"スポットパークつるしろ２"},"geometry":{"type":"Point","coordinates":[139.5053479,35.6605997]}},
{"type":"Feature","properties":{"name":"スポットパークおののみや２"},"geometry":{"type":"Point","coordinates":[139.4603853,35.6616519]}},
{"type":"Feature","properties":{"name":"日吉町広場"},"geometry":{"type":"Point","coordinates":[139.492425,35.666255]}},
{"type":"Feature","properties":{"name":"多磨町広場"},"geometry":{"type":"Point","coordinates":[139.517972,35.683941]}},
{"type":"Feature","properties":{"name":"宮町広場"},"geometry":{"type":"Point","coordinates":[139.4827885,35.6715083]}},
{"type":"Feature","properties":{"name":"宮町第二広場"},"geometry":{"type":"Point","coordinates":[139.4832129,35.6714109]}},
{"type":"Feature","properties":{"name":"宮町三丁目広場"},"geometry":{"type":"Point","coordinates":[139.4803877,35.6665924]}},
{"type":"Feature","properties":{"name":"八幡町中央広場"},"geometry":{"type":"Point","coordinates":[139.4849997,35.6706181]}},
{"type":"Feature","properties":{"name":"是政広場"},"geometry":{"type":"Point","coordinates":[139.4817727,35.6603375]}},
{"type":"Feature","properties":{"name":"万作の木公園"},"geometry":{"type":"Point","coordinates":[139.4722681,35.6874995]}},
{"type":"Feature","properties":{"name":"スポットパークぬくいまえ２"},"geometry":{"type":"Point","coordinates":[139.4848927,35.6895238]}},
{"type":"Feature","properties":{"name":"市営第四栄町住宅内広場"},"geometry":{"type":"Point","coordinates":[139.470489,35.6872268]}},
{"type":"Feature","properties":{"name":"スポットパークこくぶんじまえ"},"geometry":{"type":"Point","coordinates":[139.4696653,35.6885021]}},
{"type":"Feature","properties":{"name":"スポットパークみやのまえ"},"geometry":{"type":"Point","coordinates":[139.5189516,35.6527138]}},
{"type":"Feature","properties":{"name":"スポットパークすわ"},"geometry":{"type":"Point","coordinates":[139.5150182,35.6595717]}},
{"type":"Feature","properties":{"name":"スポットパークすわ"},"geometry":{"type":"Point","coordinates":[139.514381,35.6596204]}},
{"type":"Feature","properties":{"name":"スポットパークみやひがし"},"geometry":{"type":"Point","coordinates":[139.4832026,35.6683891]}},
{"type":"Feature","properties":{"name":"市営第十三四谷住宅内広場"},"geometry":{"type":"Point","coordinates":[139.4417139,35.6630251]}},
{"type":"Feature","properties":{"name":"スポットパークみなみどおり３"},"geometry":{"type":"Point","coordinates":[139.4409071,35.66603]}},
{"type":"Feature","properties":{"name":"スポットパークなかがわら"},"geometry":{"type":"Point","coordinates":[139.4399273,35.6694233]}},
{"type":"Feature","properties":{"name":"なかのせき広場"},"geometry":{"type":"Point","coordinates":[139.5016685,35.6774029]}},
{"type":"Feature","properties":{"name":"上ノ関広場"},"geometry":{"type":"Point","coordinates":[139.5007767,35.6771054]}},
{"type":"Feature","properties":{"name":"スポットパークなかのせき１"},"geometry":{"type":"Point","coordinates":[139.5036917,35.6776644]}},
{"type":"Feature","properties":{"name":"若松町広場"},"geometry":{"type":"Point","coordinates":[139.5013967,35.6715689]}},
{"type":"Feature","properties":{"name":"スポットパーク寿"},"geometry":{"type":"Point","coordinates":[139.4742045,35.6754832]}},
{"type":"Feature","properties":{"name":"住吉町第四広場"},"geometry":{"type":"Point","coordinates":[139.455372,35.659123]}},
{"type":"Feature","properties":{"name":"住吉町第五広場"},"geometry":{"type":"Point","coordinates":[139.4537589,35.6569029]}},
{"type":"Feature","properties":{"name":"スポットパークおののみや１"},"geometry":{"type":"Point","coordinates":[139.4564778,35.6640665]}},
{"type":"Feature","properties":{"name":"住吉町第三広場"},"geometry":{"type":"Point","coordinates":[139.4505102,35.6638493]}},
{"type":"Feature","properties":{"name":"スポットパークたけのだい１"},"geometry":{"type":"Point","coordinates":[139.5045296,35.6666675]}},
{"type":"Feature","properties":{"name":"スポットパークやなぎはら"},"geometry":{"type":"Point","coordinates":[139.5045169,35.6552789]}},
{"type":"Feature","properties":{"name":"新町広場"},"geometry":{"type":"Point","coordinates":[139.4832162,35.6866079]}},
{"type":"Feature","properties":{"name":"スポットパークぬくいまえ１"},"geometry":{"type":"Point","coordinates":[139.488868,35.688336]}},
{"type":"Feature","properties":{"name":"市営第五是政住宅内広場"},"geometry":{"type":"Point","coordinates":[139.4848603,35.6564012]}},
{"type":"Feature","properties":{"name":"市営第二十是政住宅内広場"},"geometry":{"type":"Point","coordinates":[139.487722,35.6577002]}},
{"type":"Feature","properties":{"name":"スポットパークにしこうち"},"geometry":{"type":"Point","coordinates":[139.481745,35.6573924]}},
{"type":"Feature","properties":{"name":"スポットパークにしはら"},"geometry":{"type":"Point","coordinates":[139.4558011,35.6796476]}},
{"type":"Feature","properties":{"name":"スポットパークわりま"},"geometry":{"type":"Point","coordinates":[139.4568911,35.683925]}},
{"type":"Feature","properties":{"name":"市営第七西府町住宅内広場"},"geometry":{"type":"Point","coordinates":[139.4575927,35.6765261]}},
{"type":"Feature","properties":{"name":"スポットパークにしふ"},"geometry":{"type":"Point","coordinates":[139.4559036,35.6784568]}},
{"type":"Feature","properties":{"name":"西府町第二広場"},"geometry":{"type":"Point","coordinates":[139.4566129,35.6781786]}},
{"type":"Feature","properties":{"name":"西府町広場"},"geometry":{"type":"Point","coordinates":[139.4558728,35.6790033]}},
{"type":"Feature","properties":{"name":"スポットパークせんげんちょう１"},"geometry":{"type":"Point","coordinates":[139.5000595,35.685817]}},
{"type":"Feature","properties":{"name":"スポットパークせんげんちょう２"},"geometry":{"type":"Point","coordinates":[139.5011252,35.6853083]}},
{"type":"Feature","properties":{"name":"浅間町広場"},"geometry":{"type":"Point","coordinates":[139.5014435,35.6874119]}},
{"type":"Feature","properties":{"name":"浅間山北広場"},"geometry":{"type":"Point","coordinates":[139.5016908,35.6817826]}},
{"type":"Feature","properties":{"name":"多磨町第二広場"},"geometry":{"type":"Point","coordinates":[139.520516,35.6850491]}},
{"type":"Feature","properties":{"name":"スポットパークにしばたけ３"},"geometry":{"type":"Point","coordinates":[139.5186995,35.6818098]}},
{"type":"Feature","properties":{"name":"スポットパークにしばたけ１"},"geometry":{"type":"Point","coordinates":[139.5183434,35.6748059]}},
{"type":"Feature","properties":{"name":"スポットパークにしばたけ２"},"geometry":{"type":"Point","coordinates":[139.5184976,35.6749009]}},
{"type":"Feature","properties":{"name":"天神町広場"},"geometry":{"type":"Point","coordinates":[139.4931418,35.6818763]}},
{"type":"Feature","properties":{"name":"スポットパークいっぽんぎ２"},"geometry":{"type":"Point","coordinates":[139.4905069,35.6799547]}},
{"type":"Feature","properties":{"name":"スポットパークあまくぼ"},"geometry":{"type":"Point","coordinates":[139.4669609,35.6789396]}},
{"type":"Feature","properties":{"name":"スポットパーク芝間稲荷"},"geometry":{"type":"Point","coordinates":[139.4706789,35.6573399]}},
{"type":"Feature","properties":{"name":"市営第十南町住宅内広場"},"geometry":{"type":"Point","coordinates":[139.4649623,35.6604804]}},
{"type":"Feature","properties":{"name":"スポットパークなかじま"},"geometry":{"type":"Point","coordinates":[139.4613895,35.6572964]}},
{"type":"Feature","properties":{"name":"スポットパークなかじま"},"geometry":{"type":"Point","coordinates":[139.4611098,35.6573056]}},
{"type":"Feature","properties":{"name":"スポットパークわらびじま"},"geometry":{"type":"Point","coordinates":[139.4495996,35.6709438]}},
{"type":"Feature","properties":{"name":"スポットパークはちまんだい"},"geometry":{"type":"Point","coordinates":[139.5050095,35.6692055]}},
{"type":"Feature","properties":{"name":"スポットパークしんめいだい２"},"geometry":{"type":"Point","coordinates":[139.5188349,35.6660644]}},
{"type":"Feature","properties":{"name":"白糸台第三広場"},"geometry":{"type":"Point","coordinates":[139.5101363,35.6630578]}},
{"type":"Feature","properties":{"name":"スポットパークはちまん"},"geometry":{"type":"Point","coordinates":[139.5127049,35.6668468]}},
{"type":"Feature","properties":{"name":"市営第十一美好町住宅内広場"},"geometry":{"type":"Point","coordinates":[139.4672452,35.678898]}},
{"type":"Feature","properties":{"name":"栄町広場"},"geometry":{"type":"Point","coordinates":[139.4842588,35.6902212]}},
{"type":"Feature","properties":{"name":"スポットパークいなりぎ"},"geometry":{"type":"Point","coordinates":[139.4827206,35.6788683]}},
{"type":"Feature","properties":{"name":"やまぼうし広場"},"geometry":{"type":"Point","coordinates":[139.5046701,35.6744799]}},
{"type":"Feature","properties":{"name":"市営第六若松町住宅内広場"},"geometry":{"type":"Point","coordinates":[139.50617,35.6769157]}},
{"type":"Feature","properties":{"name":"市営第六若松町住宅内広場"},"geometry":{"type":"Point","coordinates":[139.5061107,35.6775234]}},
{"type":"Feature","properties":{"name":"千貫塚広場"},"geometry":{"type":"Point","coordinates":[139.5014468,35.672152]}},
{"type":"Feature","properties":{"name":"はなみずき広場"},"geometry":{"type":"Point","coordinates":[139.4969675,35.6634404]}},
{"type":"Feature","properties":{"name":"是政四丁目広場"},"geometry":{"type":"Point","coordinates":[139.4959938,35.6591905]}},
{"type":"Feature","properties":{"name":"是政東広場"},"geometry":{"type":"Point","coordinates":[139.4972358,35.66093]}},
{"type":"Feature","properties":{"name":"白糸台こもれび広場"},"geometry":{"type":"Point","coordinates":[139.5154787,35.6679314]}},
{"type":"Feature","properties":{"name":"市営第一武蔵台住宅内広場"},"geometry":{"type":"Point","coordinates":[139.4679172,35.6867977]}},
{"type":"Feature","properties":{"name":"かわごえどう広場"},"geometry":{"type":"Point","coordinates":[139.4658287,35.6929163]}},
{"type":"Feature","properties":{"name":"分梅町第三広場"},"geometry":{"type":"Point","coordinates":[139.464227,35.6668429]}},
{"type":"Feature","properties":{"name":"分梅町第三広場"},"geometry":{"type":"Point","coordinates":[139.4638237,35.6670114]}},
{"type":"Feature","properties":{"name":"分梅町広場"},"geometry":{"type":"Point","coordinates":[139.4664902,35.6678039]}},
{"type":"Feature","properties":{"name":"スポットパークほりごめ２"},"geometry":{"type":"Point","coordinates":[139.4630231,35.6765061]}},
{"type":"Feature","properties":{"name":"スポットパークほりごめ１"},"geometry":{"type":"Point","coordinates":[139.4632114,35.6782443]}},
{"type":"Feature","properties":{"name":"六所口広場"},"geometry":{"type":"Point","coordinates":[139.4777091,35.6680688]}},
{"type":"Feature","properties":{"name":"市営第三本町住宅内広場"},"geometry":{"type":"Point","coordinates":[139.4682582,35.6661563]}},
{"type":"Feature","properties":{"name":"市営第二矢崎町住宅内（北）広場"},"geometry":{"type":"Point","coordinates":[139.4768852,35.6619026]}},
{"type":"Feature","properties":{"name":"市営第二矢崎町住宅内（南）広場"},"geometry":{"type":"Point","coordinates":[139.4764074,35.661214]}},
{"type":"Feature","properties":{"name":"スポットパークさんぼんぎ"},"geometry":{"type":"Point","coordinates":[139.4874326,35.6755585]}},
{"type":"Feature","properties":{"name":"宮沢文化児童遊園"},"geometry":{"type":"Point","coordinates":[139.3735979,35.7147031]}},
{"type":"Feature","properties":{"name":"経塚下児童遊園"},"geometry":{"type":"Point","coordinates":[139.3643234,35.699804]}},
{"type":"Feature","properties":{"name":"諏訪神社児童遊園"},"geometry":{"type":"Point","coordinates":[139.3676955,35.7012538]}},
{"type":"Feature","properties":{"name":"東ノ岡児童遊園"},"geometry":{"type":"Point","coordinates":[139.3619038,35.7030319]}},
{"type":"Feature","properties":{"name":"東ノ岡北児童遊園"},"geometry":{"type":"Point","coordinates":[139.3615646,35.703761]}},
{"type":"Feature","properties":{"name":"郷地稲荷神社児童遊園"},"geometry":{"type":"Point","coordinates":[139.3864675,35.697679]}},
{"type":"Feature","properties":{"name":"郷地東児童遊園"},"geometry":{"type":"Point","coordinates":[139.3884708,35.6940739]}},
{"type":"Feature","properties":{"name":"大六天社児童遊園"},"geometry":{"type":"Point","coordinates":[139.3860061,35.6951094]}},
{"type":"Feature","properties":{"name":"玉川児童遊園"},"geometry":{"type":"Point","coordinates":[139.3762404,35.7028523]}},
{"type":"Feature","properties":{"name":"玉川町四丁目児童遊園"},"geometry":{"type":"Point","coordinates":[139.3800269,35.7046514]}},
{"type":"Feature","properties":{"name":"睦会児童遊園"},"geometry":{"type":"Point","coordinates":[139.3805806,35.7069867]}},
{"type":"Feature","properties":{"name":"松原町一丁目中児童遊園"},"geometry":{"type":"Point","coordinates":[139.355535,35.7148057]}},
{"type":"Feature","properties":{"name":"多摩大橋北児童遊園"},"geometry":{"type":"Point","coordinates":[139.3754182,35.6977398]}},
{"type":"Feature","properties":{"name":"小荷田児童遊園"},"geometry":{"type":"Point","coordinates":[139.3414133,35.7143039]}},
{"type":"Feature","properties":{"name":"昭和町一丁目児童遊園"},"geometry":{"type":"Point","coordinates":[139.363785,35.7117739]}},
{"type":"Feature","properties":{"name":"松原町一丁目児童遊園"},"geometry":{"type":"Point","coordinates":[139.3531532,35.7155638]}},
{"type":"Feature","properties":{"name":"松原町一丁目東児童遊園"},"geometry":{"type":"Point","coordinates":[139.3577251,35.7136495]}},
{"type":"Feature","properties":{"name":"松原児童遊園"},"geometry":{"type":"Point","coordinates":[139.3409263,35.717267]}},
{"type":"Feature","properties":{"name":"松原町三丁目児童遊園"},"geometry":{"type":"Point","coordinates":[139.345151,35.717487]}},
{"type":"Feature","properties":{"name":"上川原児童遊園"},"geometry":{"type":"Point","coordinates":[139.3604594,35.7072486]}},
{"type":"Feature","properties":{"name":"上川原日枝神社児童遊園"},"geometry":{"type":"Point","coordinates":[139.3578924,35.7104798]}},
{"type":"Feature","properties":{"name":"駒形神社児童遊園"},"geometry":{"type":"Point","coordinates":[139.3613614,35.6997458]}},
{"type":"Feature","properties":{"name":"大神町四丁目児童遊園"},"geometry":{"type":"Point","coordinates":[139.3593015,35.6973818]}},
{"type":"Feature","properties":{"name":"むさしの児童遊園"},"geometry":{"type":"Point","coordinates":[139.3834594,35.7179231]}},
{"type":"Feature","properties":{"name":"中神町二丁目児童遊園"},"geometry":{"type":"Point","coordinates":[139.3726468,35.6993104]}},
{"type":"Feature","properties":{"name":"朝日町五丁目児童遊園"},"geometry":{"type":"Point","coordinates":[139.3731725,35.7037371]}},
{"type":"Feature","properties":{"name":"田中町一丁目児童遊園"},"geometry":{"type":"Point","coordinates":[139.3524465,35.7078876]}},
{"type":"Feature","properties":{"name":"田中町三丁目児童遊園"},"geometry":{"type":"Point","coordinates":[139.3500137,35.7017299]}},
{"type":"Feature","properties":{"name":"東町一丁目児童遊園"},"geometry":{"type":"Point","coordinates":[139.3905266,35.7038945]}},
{"type":"Feature","properties":{"name":"東町児童遊園"},"geometry":{"type":"Point","coordinates":[139.3925114,35.701384]}},
{"type":"Feature","properties":{"name":"東町北部児童遊園"},"geometry":{"type":"Point","coordinates":[139.3890489,35.701589]}},
{"type":"Feature","properties":{"name":"拝島町四丁目南児童遊園"},"geometry":{"type":"Point","coordinates":[139.3470109,35.7000733]}},
{"type":"Feature","properties":{"name":"拝島町四丁目児童遊園"},"geometry":{"type":"Point","coordinates":[139.3453611,35.7027051]}},
{"type":"Feature","properties":{"name":"拝島天神社児童遊園"},"geometry":{"type":"Point","coordinates":[139.339326,35.709878]}},
{"type":"Feature","properties":{"name":"美堀児童遊園"},"geometry":{"type":"Point","coordinates":[139.3638842,35.7254229]}},
{"type":"Feature","properties":{"name":"美堀町一丁目児童遊園"},"geometry":{"type":"Point","coordinates":[139.3676736,35.7239479]}},
{"type":"Feature","properties":{"name":"武蔵野三丁目児童遊園"},"geometry":{"type":"Point","coordinates":[139.3753226,35.7180342]}},
{"type":"Feature","properties":{"name":"武蔵野三丁目西児童遊園"},"geometry":{"type":"Point","coordinates":[139.3743741,35.7190488]}},
{"type":"Feature","properties":{"name":"武蔵野二丁目児童遊園"},"geometry":{"type":"Point","coordinates":[139.3792792,35.7245015]}},
{"type":"Feature","properties":{"name":"武蔵野二丁目東児童遊園"},"geometry":{"type":"Point","coordinates":[139.3825184,35.7194529]}},
{"type":"Feature","properties":{"name":"武蔵野二丁目北児童遊園"},"geometry":{"type":"Point","coordinates":[139.3802995,35.7250308]}},
{"type":"Feature","properties":{"name":"富士見児童遊園"},"geometry":{"type":"Point","coordinates":[139.38496,35.7076586]}},
{"type":"Feature","properties":{"name":"福島神社児童遊園"},"geometry":{"type":"Point","coordinates":[139.3833738,35.6989767]}},
{"type":"Feature","properties":{"name":"みのり児童遊園"},"geometry":{"type":"Point","coordinates":[139.3822819,35.6932577]}},
{"type":"Feature","properties":{"name":"福島第五児童遊園"},"geometry":{"type":"Point","coordinates":[139.3779865,35.6937983]}},
{"type":"Feature","properties":{"name":"はじめ児童遊園"},"geometry":{"type":"Point","coordinates":[139.3778586,35.698912]}},
{"type":"Feature","properties":{"name":"緑ガ丘東児童遊園"},"geometry":{"type":"Point","coordinates":[139.351987,35.7111649]}},
{"type":"Feature","properties":{"name":"森ノ上児童遊園"},"geometry":{"type":"Point","coordinates":[139.3471525,35.7076916]}},
{"type":"Feature","properties":{"name":"緑町二丁目児童遊園"},"geometry":{"type":"Point","coordinates":[139.3487467,35.712752]}},
{"type":"Feature","properties":{"name":"本町田くじら山湧き水公園"},"geometry":{"type":"Point","coordinates":[139.4504781,35.5556204]}},
{"type":"Feature","properties":{"name":"三輪緑地"},"geometry":{"type":"Point","coordinates":[139.5005752,35.5710177]}},
{"type":"Feature","properties":{"name":"三ツ目山児童遊園"},"geometry":{"type":"Point","coordinates":[139.3518337,35.6039347]}},
{"type":"Feature","properties":{"name":"トキワ児童遊園"},"geometry":{"type":"Point","coordinates":[139.4043509,35.5843774]}},
{"type":"Feature","properties":{"name":"トキワ児童遊園"},"geometry":{"type":"Point","coordinates":[139.4042575,35.5847329]}},
{"type":"Feature","properties":{"name":"成瀬児童遊園"},"geometry":{"type":"Point","coordinates":[139.4780394,35.5415742]}},
{"type":"Feature","properties":{"name":"玉川学園４丁目緑地"},"geometry":{"type":"Point","coordinates":[139.4538131,35.5645636]}},
{"type":"Feature","properties":{"name":"金井５丁目遊び場"},"geometry":{"type":"Point","coordinates":[139.4614584,35.5796983]}},
{"type":"Feature","properties":{"name":"高ヶ坂フラワー広場"},"geometry":{"type":"Point","coordinates":[139.4596612,35.5366817]}},
{"type":"Feature","properties":{"name":"精進場橋こどもの遊び場"},"geometry":{"type":"Point","coordinates":[139.491092,35.5823777]}},
{"type":"Feature","properties":{"name":"沼中央広場"},"geometry":{"type":"Point","coordinates":[139.375316,35.5961027]}},
{"type":"Feature","properties":{"name":"沼中央広場"},"geometry":{"type":"Point","coordinates":[139.3764347,35.5964981]}},
{"type":"Feature","properties":{"name":"沼中央広場"},"geometry":{"type":"Point","coordinates":[139.3776483,35.5969273]}},
{"type":"Feature","properties":{"name":"下馬場広場"},"geometry":{"type":"Point","coordinates":[139.3891305,35.5882564]}},
{"type":"Feature","properties":{"name":"小山高橋広場"},"geometry":{"type":"Point","coordinates":[139.3867834,35.5887262]}},
{"type":"Feature","properties":{"name":"田端ふれあい広場"},"geometry":{"type":"Point","coordinates":[139.3579944,35.5989098]}},
{"type":"Feature","properties":{"name":"小山三ツ目広場"},"geometry":{"type":"Point","coordinates":[139.3487087,35.6017133]}},
{"type":"Feature","properties":{"name":"小山三ツ目広場"},"geometry":{"type":"Point","coordinates":[139.3479272,35.6019023]}},
{"type":"Feature","properties":{"name":"小山中村広場"},"geometry":{"type":"Point","coordinates":[139.3821045,35.5897843]}},
{"type":"Feature","properties":{"name":"小山中村広場"},"geometry":{"type":"Point","coordinates":[139.3809311,35.5902195]}},
{"type":"Feature","properties":{"name":"上中村子供広場"},"geometry":{"type":"Point","coordinates":[139.3784919,35.5911721]}},
{"type":"Feature","properties":{"name":"図師東広場"},"geometry":{"type":"Point","coordinates":[139.4287758,35.5844888]}},
{"type":"Feature","properties":{"name":"成瀬弁天橋公園脇広場"},"geometry":{"type":"Point","coordinates":[139.4709403,35.5428215]}},
{"type":"Feature","properties":{"name":"相原児童遊園"},"geometry":{"type":"Point","coordinates":[139.3383735,35.6063782]}},
{"type":"Feature","properties":{"name":"相原仲町子ども広場"},"geometry":{"type":"Point","coordinates":[139.3337844,35.6051527]}},
{"type":"Feature","properties":{"name":"相原ポケット公園"},"geometry":{"type":"Point","coordinates":[139.3344452,35.6069456]}},
{"type":"Feature","properties":{"name":"横浜水道緑道"},"geometry":{"type":"Point","coordinates":[139.4769194,35.5052579]}},
{"type":"Feature","properties":{"name":"横浜水道緑道"},"geometry":{"type":"Point","coordinates":[139.4758635,35.5056909]}},
{"type":"Feature","properties":{"name":"横浜水道緑道"},"geometry":{"type":"Point","coordinates":[139.4744447,35.5062936]}},
{"type":"Feature","properties":{"name":"横浜水道緑道"},"geometry":{"type":"Point","coordinates":[139.473675,35.5066043]}},
{"type":"Feature","properties":{"name":"横浜水道緑道"},"geometry":{"type":"Point","coordinates":[139.4713368,35.5075969]}},
{"type":"Feature","properties":{"name":"鶴間大ヶ谷戸広場"},"geometry":{"type":"Point","coordinates":[139.4735182,35.5040061]}},
{"type":"Feature","properties":{"name":"鶴川３号緑地"},"geometry":{"type":"Point","coordinates":[139.4760516,35.5875204]}},
{"type":"Feature","properties":{"name":"鶴川３号緑地"},"geometry":{"type":"Point","coordinates":[139.4767351,35.5882523]}},
{"type":"Feature","properties":{"name":"東玉川学園４丁目２号緑地"},"geometry":{"type":"Point","coordinates":[139.4676514,35.558297]}},
{"type":"Feature","properties":{"name":"南つくし野１号緑地"},"geometry":{"type":"Point","coordinates":[139.4758134,35.5197238]}},
{"type":"Feature","properties":{"name":"南つくし野２号緑地"},"geometry":{"type":"Point","coordinates":[139.4759542,35.5170476]}},
{"type":"Feature","properties":{"name":"イトーピア１号緑地"},"geometry":{"type":"Point","coordinates":[139.4932032,35.5890165]}},
{"type":"Feature","properties":{"name":"イトーピア４号緑地"},"geometry":{"type":"Point","coordinates":[139.4934303,35.5866914]}},
{"type":"Feature","properties":{"name":"イトーピア３号緑地"},"geometry":{"type":"Point","coordinates":[139.4929866,35.5865299]}},
{"type":"Feature","properties":{"name":"イトーピア２号緑地"},"geometry":{"type":"Point","coordinates":[139.4935632,35.5878901]}},
{"type":"Feature","properties":{"name":"野津田本村子どもの遊び場"},"geometry":{"type":"Point","coordinates":[139.4419509,35.5877461]}},
{"type":"Feature","properties":{"name":"野津田町小川の広場"},"geometry":{"type":"Point","coordinates":[139.4430817,35.5863605]}},
{"type":"Feature","properties":{"name":"本町田後田公園"},"geometry":{"type":"Point","coordinates":[139.4416842,35.5658729]}},
{"type":"Feature","properties":{"name":"小山田蓮田緑地"},"geometry":{"type":"Point","coordinates":[139.4138121,35.593254]}},
{"type":"Feature","properties":{"name":"金井三丁目２号緑地"},"geometry":{"type":"Point","coordinates":[139.4553731,35.5782369]}},
{"type":"Feature","properties":{"name":"小川一丁目ツツジ公園"},"geometry":{"type":"Point","coordinates":[139.4780078,35.5305115]}},
{"type":"Feature","properties":{"name":"忠生スポーツ公園"},"geometry":{"type":"Point","coordinates":[139.4071395,35.5872659]}},
{"type":"Feature","properties":{"name":"町田えびね苑"},"geometry":{"type":"Point","coordinates":[139.4481866,35.5734618]}},
{"type":"Feature","properties":{"name":"野津田丘陵ふるさとの森"},"geometry":{"type":"Point","coordinates":[139.4465456,35.5889535]}},
{"type":"Feature","properties":{"name":"本町田宿ふるさとの森"},"geometry":{"type":"Point","coordinates":[139.4485436,35.5651812]}},
{"type":"Feature","properties":{"name":"本町田宿ふるさとの森"},"geometry":{"type":"Point","coordinates":[139.4495217,35.5645711]}},
{"type":"Feature","properties":{"name":"三輪南谷ふるさとの森"},"geometry":{"type":"Point","coordinates":[139.4931888,35.5673843]}},
{"type":"Feature","properties":{"name":"三輪南谷ふるさとの森"},"geometry":{"type":"Point","coordinates":[139.4931552,35.5683941]}},
{"type":"Feature","properties":{"name":"三輪南谷ふるさとの森"},"geometry":{"type":"Point","coordinates":[139.4926542,35.5688134]}},
{"type":"Feature","properties":{"name":"日向山ふるさとの森"},"geometry":{"type":"Point","coordinates":[139.4480163,35.5665849]}},
{"type":"Feature","properties":{"name":"日向山ふるさとの森"},"geometry":{"type":"Point","coordinates":[139.447604,35.5669069]}},
{"type":"Feature","properties":{"name":"滝谷ふるさとの森"},"geometry":{"type":"Point","coordinates":[139.4250419,35.6054263]}},
{"type":"Feature","properties":{"name":"鶴間ふるさとの森"},"geometry":{"type":"Point","coordinates":[139.4671336,35.5164105]}},
{"type":"Feature","properties":{"name":"図師馬駈ふるさとの森"},"geometry":{"type":"Point","coordinates":[139.4143704,35.5825678]}},
{"type":"Feature","properties":{"name":"野津田暖沢前ふるさとの森"},"geometry":{"type":"Point","coordinates":[139.4492727,35.5812827]}},
{"type":"Feature","properties":{"name":"小野路ふるさとの森"},"geometry":{"type":"Point","coordinates":[139.4489004,35.5973649]}},
{"type":"Feature","properties":{"name":"成瀬ふるさとの森"},"geometry":{"type":"Point","coordinates":[139.4829407,35.5334739]}},
{"type":"Feature","properties":{"name":"成瀬ふるさとの森"},"geometry":{"type":"Point","coordinates":[139.483387,35.5338935]}},
{"type":"Feature","properties":{"name":"原町田ふるさとの森"},"geometry":{"type":"Point","coordinates":[139.4553727,35.5420215]}},
{"type":"Feature","properties":{"name":"原町田ふるさとの森"},"geometry":{"type":"Point","coordinates":[139.4562558,35.5420236]}},
{"type":"Feature","properties":{"name":"相原梅の丘ふるさとの森"},"geometry":{"type":"Point","coordinates":[139.3298756,35.6080791]}},
{"type":"Feature","properties":{"name":"相原梅の丘ふるさとの森"},"geometry":{"type":"Point","coordinates":[139.328987,35.608139]}},
{"type":"Feature","properties":{"name":"本町田真之山ふるさとの森"},"geometry":{"type":"Point","coordinates":[139.4522659,35.5664481]}},
{"type":"Feature","properties":{"name":"本町田真之山ふるさとの森"},"geometry":{"type":"Point","coordinates":[139.4527384,35.5672546]}},
{"type":"Feature","properties":{"name":"本町田真之山ふるさとの森"},"geometry":{"type":"Point","coordinates":[139.4533522,35.5669965]}},
{"type":"Feature","properties":{"name":"薬師池北ふるさとの森"},"geometry":{"type":"Point","coordinates":[139.4438473,35.5797594]}},
{"type":"Feature","properties":{"name":"新東光寺児童遊園"},"geometry":{"type":"Point","coordinates":[139.3872283,35.6852565]}},
{"type":"Feature","properties":{"name":"新坂下児童遊園"},"geometry":{"type":"Point","coordinates":[139.3866077,35.6794266]}},
{"type":"Feature","properties":{"name":"横町児童遊園"},"geometry":{"type":"Point","coordinates":[139.3920303,35.6771121]}},
{"type":"Feature","properties":{"name":"程久保運動広場"},"geometry":{"type":"Point","coordinates":[139.410356,35.6498033]}},
{"type":"Feature","properties":{"name":"第２武蔵台児童遊園"},"geometry":{"type":"Point","coordinates":[139.4102266,35.647408]}},
{"type":"Feature","properties":{"name":"東宮下こども広場"},"geometry":{"type":"Point","coordinates":[139.3772478,35.6539013]}},
{"type":"Feature","properties":{"name":"平山武蔵台児童遊園"},"geometry":{"type":"Point","coordinates":[139.3717452,35.6498072]}},
{"type":"Feature","properties":{"name":"小高田児童遊園"},"geometry":{"type":"Point","coordinates":[139.394415,35.665221]}},
{"type":"Feature","properties":{"name":"黒川こども広場"},"geometry":{"type":"Point","coordinates":[139.3891697,35.6673243]}},
{"type":"Feature","properties":{"name":"向川原こども広場"},"geometry":{"type":"Point","coordinates":[139.3968326,35.6607466]}},
{"type":"Feature","properties":{"name":"向島こども広場"},"geometry":{"type":"Point","coordinates":[139.4023501,35.6641493]}},
{"type":"Feature","properties":{"name":"田中こども広場"},"geometry":{"type":"Point","coordinates":[139.3935881,35.6512221]}},
{"type":"Feature","properties":{"name":"第２日野万児童遊園"},"geometry":{"type":"Point","coordinates":[139.4115395,35.6806453]}},
{"type":"Feature","properties":{"name":"広間地児童遊園"},"geometry":{"type":"Point","coordinates":[139.4020482,35.6748782]}},
{"type":"Feature","properties":{"name":"万願寺児童遊園"},"geometry":{"type":"Point","coordinates":[139.4167892,35.6759417]}},
{"type":"Feature","properties":{"name":"福祉センター前児童遊園"},"geometry":{"type":"Point","coordinates":[139.3995653,35.6791822]}},
{"type":"Feature","properties":{"name":"金子橋こども広場"},"geometry":{"type":"Point","coordinates":[139.3976643,35.6774936]}},
{"type":"Feature","properties":{"name":"山下児童遊園"},"geometry":{"type":"Point","coordinates":[139.3991482,35.6752187]}},
{"type":"Feature","properties":{"name":"百草台児童遊園"},"geometry":{"type":"Point","coordinates":[139.4183141,35.6527475]}},
{"type":"Feature","properties":{"name":"下村児童遊園"},"geometry":{"type":"Point","coordinates":[139.3861458,35.6481186]}},
{"type":"Feature","properties":{"name":"豊田児童グランド"},"geometry":{"type":"Point","coordinates":[139.3897328,35.6566843]}},
{"type":"Feature","properties":{"name":"第１日野万児童遊園"},"geometry":{"type":"Point","coordinates":[139.4138503,35.6746418]}},
{"type":"Feature","properties":{"name":"宮こども広場"},"geometry":{"type":"Point","coordinates":[139.4086751,35.6715195]}},
{"type":"Feature","properties":{"name":"ねんも公園"},"geometry":{"type":"Point","coordinates":[139.4187878,35.6612871]}},
{"type":"Feature","properties":{"name":"東大助緑地"},"geometry":{"type":"Point","coordinates":[139.3643916,35.6543126]}},
{"type":"Feature","properties":{"name":"苗間公園"},"geometry":{"type":"Point","coordinates":[139.3963748,35.6590106]}},
{"type":"Feature","properties":{"name":"倉沢岡公園"},"geometry":{"type":"Point","coordinates":[139.4219485,35.6463747]}},
{"type":"Feature","properties":{"name":"鹿島台ふれあい広場"},"geometry":{"type":"Point","coordinates":[139.4070025,35.6602015]}},
{"type":"Feature","properties":{"name":"向島緑地"},"geometry":{"type":"Point","coordinates":[139.4139891,35.6649588]}},
{"type":"Feature","properties":{"name":"程久保第一緑地"},"geometry":{"type":"Point","coordinates":[139.4099772,35.6535232]}},
{"type":"Feature","properties":{"name":"万蔵院台緑地"},"geometry":{"type":"Point","coordinates":[139.4303577,35.6462742]}},
{"type":"Feature","properties":{"name":"長久保緑地"},"geometry":{"type":"Point","coordinates":[139.4261807,35.6487103]}},
{"type":"Feature","properties":{"name":"七ッ塚公園用地"},"geometry":{"type":"Point","coordinates":[139.378466,35.6820325]}},
{"type":"Feature","properties":{"name":"山砂公園"},"geometry":{"type":"Point","coordinates":[139.3924668,35.6472057]}},
{"type":"Feature","properties":{"name":"つくれば山公園"},"geometry":{"type":"Point","coordinates":[139.4309554,35.6528859]}},
{"type":"Feature","properties":{"name":"仲田の森蚕糸公園"},"geometry":{"type":"Point","coordinates":[139.4015538,35.6819187]}},
{"type":"Feature","properties":{"name":"上宿の辻公園"},"geometry":{"type":"Point","coordinates":[139.3952635,35.6797274]}},
{"type":"Feature","properties":{"name":"南平二丁目35番2"},"geometry":{"type":"Point","coordinates":[139.3999242,35.6547721]}},
{"type":"Feature","properties":{"name":"平山ふれあい広場"},"geometry":{"type":"Point","coordinates":[139.3860756,35.6527087]}},
{"type":"Feature","properties":{"name":"まつばやし地区広場"},"geometry":{"type":"Point","coordinates":[139.4133255,35.6791473]}},
{"type":"Feature","properties":{"name":"おちかわ地区広場"},"geometry":{"type":"Point","coordinates":[139.4335182,35.661412]}},
{"type":"Feature","properties":{"name":"あずまちょう地区広場"},"geometry":{"type":"Point","coordinates":[139.4068739,35.6818586]}},
{"type":"Feature","properties":{"name":"やのやま地区広場"},"geometry":{"type":"Point","coordinates":[139.391732,35.6751446]}},
{"type":"Feature","properties":{"name":"かしまだい地区広場"},"geometry":{"type":"Point","coordinates":[139.4038238,35.6574518]}},
{"type":"Feature","properties":{"name":"もぐさ観音地区広場"},"geometry":{"type":"Point","coordinates":[139.4250574,35.6505475]}},
{"type":"Feature","properties":{"name":"ほどくぼ地区広場"},"geometry":{"type":"Point","coordinates":[139.4056817,35.6484112]}},
{"type":"Feature","properties":{"name":"やなかやま地区広場"},"geometry":{"type":"Point","coordinates":[139.4008354,35.670326]}},
{"type":"Feature","properties":{"name":"きたがわら地区広場"},"geometry":{"type":"Point","coordinates":[139.4238761,35.6718236]}},
{"type":"Feature","properties":{"name":"豊田児童グラウンド"},"geometry":{"type":"Point","coordinates":[139.389752,35.6566538]}},
{"type":"Feature","properties":{"name":"多摩川百草ふれあい広場"},"geometry":{"type":"Point","coordinates":[139.4382414,35.65856]}},
{"type":"Feature","properties":{"name":"久米川町2丁目第4仲よし広場"},"geometry":{"type":"Point","coordinates":[139.4809127,35.7657754]}},
{"type":"Feature","properties":{"name":"久米川町3丁目第4仲よし広場"},"geometry":{"type":"Point","coordinates":[139.4733837,35.7648436]}},
{"type":"Feature","properties":{"name":"久米川町3丁目第5仲よし広場"},"geometry":{"type":"Point","coordinates":[139.4739606,35.7632467]}},
{"type":"Feature","properties":{"name":"恩多町3丁目第2仲よし広場"},"geometry":{"type":"Point","coordinates":[139.48106,35.7528029]}},
{"type":"Feature","properties":{"name":"恩多町3丁目第3仲よし広場"},"geometry":{"type":"Point","coordinates":[139.4796587,35.7542084]}},
{"type":"Feature","properties":{"name":"恩多町4丁目第6仲よし広場"},"geometry":{"type":"Point","coordinates":[139.4804661,35.7572064]}},
{"type":"Feature","properties":{"name":"恩多町４丁目第7仲よし広場"},"geometry":{"type":"Point","coordinates":[139.4828955,35.75969]}},
{"type":"Feature","properties":{"name":"富士見町4丁目第3仲よし広場"},"geometry":{"type":"Point","coordinates":[139.4518569,35.7511065]}},
{"type":"Feature","properties":{"name":"栄町第二児童遊園"},"geometry":{"type":"Point","coordinates":[139.472433,35.7476394]}},
{"type":"Feature","properties":{"name":"恩多児童遊園"},"geometry":{"type":"Point","coordinates":[139.4856876,35.7593531]}},
{"type":"Feature","properties":{"name":"恩多稲荷児童遊園"},"geometry":{"type":"Point","coordinates":[139.4816217,35.7515623]}},
{"type":"Feature","properties":{"name":"廻田児童遊園"},"geometry":{"type":"Point","coordinates":[139.4474125,35.7573812]}},
{"type":"Feature","properties":{"name":"赤坂児童遊園"},"geometry":{"type":"Point","coordinates":[139.4446353,35.7567167]}},
{"type":"Feature","properties":{"name":"秋津第二児童遊園"},"geometry":{"type":"Point","coordinates":[139.4850875,35.7794466]}},
{"type":"Feature","properties":{"name":"諏訪児童遊園"},"geometry":{"type":"Point","coordinates":[139.4661431,35.7656747]}},
{"type":"Feature","properties":{"name":"青葉第三児童遊園"},"geometry":{"type":"Point","coordinates":[139.4928775,35.7663284]}},
{"type":"Feature","properties":{"name":"青葉第二児童遊園"},"geometry":{"type":"Point","coordinates":[139.4844714,35.7626586]}},
{"type":"Feature","properties":{"name":"栄町1丁目第2仲よし広場"},"geometry":{"type":"Point","coordinates":[139.4769157,35.7497846]}},
{"type":"Feature","properties":{"name":"栄町1丁目第1仲よし広場"},"geometry":{"type":"Point","coordinates":[139.477168,35.7510682]}},
{"type":"Feature","properties":{"name":"野火止広場"},"geometry":{"type":"Point","coordinates":[139.4696538,35.7463332]}},
{"type":"Feature","properties":{"name":"恩多町1丁目第7仲よし広場"},"geometry":{"type":"Point","coordinates":[139.4930603,35.7569725]}},
{"type":"Feature","properties":{"name":"恩多町1丁目第8仲よし広場"},"geometry":{"type":"Point","coordinates":[139.4880179,35.7538515]}},
{"type":"Feature","properties":{"name":"恩多町1丁目第3仲よし広場"},"geometry":{"type":"Point","coordinates":[139.4877027,35.7539124]}},
{"type":"Feature","properties":{"name":"恩多町1丁目第9仲よし広場"},"geometry":{"type":"Point","coordinates":[139.4890883,35.7527388]}},
{"type":"Feature","properties":{"name":"恩多町1丁目第1仲よし広場"},"geometry":{"type":"Point","coordinates":[139.4902259,35.7533811]}},
{"type":"Feature","properties":{"name":"恩多町1丁目第2仲よし広場"},"geometry":{"type":"Point","coordinates":[139.4881102,35.7526048]}},
{"type":"Feature","properties":{"name":"恩多町1丁目第10仲よし広場"},"geometry":{"type":"Point","coordinates":[139.4871516,35.7530901]}},
{"type":"Feature","properties":{"name":"恩多町1丁目第6仲よし広場"},"geometry":{"type":"Point","coordinates":[139.4865949,35.7522554]}},
{"type":"Feature","properties":{"name":"恩多町1丁目第4仲よし広場"},"geometry":{"type":"Point","coordinates":[139.4880033,35.7554886]}},
{"type":"Feature","properties":{"name":"恩多町1丁目第4仲よし広場"},"geometry":{"type":"Point","coordinates":[139.4877996,35.7555004]}},
{"type":"Feature","properties":{"name":"恩多町1丁目第5仲よし広場"},"geometry":{"type":"Point","coordinates":[139.4894193,35.7554489]}},
{"type":"Feature","properties":{"name":"恩多町5丁目第2仲よし広場"},"geometry":{"type":"Point","coordinates":[139.4852126,35.7583818]}},
{"type":"Feature","properties":{"name":"恩多町5丁目第5仲よし広場"},"geometry":{"type":"Point","coordinates":[139.4854714,35.761331]}},
{"type":"Feature","properties":{"name":"恩多町5丁目第4仲よし広場"},"geometry":{"type":"Point","coordinates":[139.4868892,35.75746]}},
{"type":"Feature","properties":{"name":"恩多町5丁目第1仲よし広場"},"geometry":{"type":"Point","coordinates":[139.4863339,35.7556857]}},
{"type":"Feature","properties":{"name":"恩多町5丁目第3仲よし広場"},"geometry":{"type":"Point","coordinates":[139.4845232,35.7547112]}},
{"type":"Feature","properties":{"name":"恩多町3丁目第1仲よし広場"},"geometry":{"type":"Point","coordinates":[139.4828773,35.7544054]}},
{"type":"Feature","properties":{"name":"野火止水車苑"},"geometry":{"type":"Point","coordinates":[139.4828814,35.7520332]}},
{"type":"Feature","properties":{"name":"恩多町4丁目第3仲よし広場"},"geometry":{"type":"Point","coordinates":[139.4787975,35.7577025]}},
{"type":"Feature","properties":{"name":"恩多町4丁目第4仲よし広場"},"geometry":{"type":"Point","coordinates":[139.4780251,35.7582875]}},
{"type":"Feature","properties":{"name":"恩多町4丁目第5仲よし広場"},"geometry":{"type":"Point","coordinates":[139.4810491,35.7590322]}},
{"type":"Feature","properties":{"name":"恩多町4丁目第1仲よし広場"},"geometry":{"type":"Point","coordinates":[139.475001,35.758694]}},
{"type":"Feature","properties":{"name":"恩多町4丁目第2仲よし広場"},"geometry":{"type":"Point","coordinates":[139.4759085,35.757037]}},
{"type":"Feature","properties":{"name":"恩多町2丁目第4仲よし広場"},"geometry":{"type":"Point","coordinates":[139.4852809,35.7526123]}},
{"type":"Feature","properties":{"name":"恩多町2丁目第3仲よし広場"},"geometry":{"type":"Point","coordinates":[139.4836872,35.7498676]}},
{"type":"Feature","properties":{"name":"恩多町2丁目第2仲よし広場"},"geometry":{"type":"Point","coordinates":[139.4839362,35.7480126]}},
{"type":"Feature","properties":{"name":"恩多町2丁目第1仲よし広場"},"geometry":{"type":"Point","coordinates":[139.4860323,35.749726]}},
{"type":"Feature","properties":{"name":"廻田町1丁目第1仲よし広場"},"geometry":{"type":"Point","coordinates":[139.4505421,35.7558504]}},
{"type":"Feature","properties":{"name":"廻田町1丁目第2仲よし広場"},"geometry":{"type":"Point","coordinates":[139.4554541,35.7572781]}},
{"type":"Feature","properties":{"name":"廻田町2丁目第1仲よし広場"},"geometry":{"type":"Point","coordinates":[139.4504072,35.7534989]}},
{"type":"Feature","properties":{"name":"廻田町2丁目第2仲よし広場"},"geometry":{"type":"Point","coordinates":[139.4493631,35.7559006]}},
{"type":"Feature","properties":{"name":"久米川町1丁目第2仲よし広場"},"geometry":{"type":"Point","coordinates":[139.4795516,35.7681996]}},
{"type":"Feature","properties":{"name":"久米川町1丁目第3仲よし広場"},"geometry":{"type":"Point","coordinates":[139.4837577,35.7668659]}},
{"type":"Feature","properties":{"name":"久米川緑地帯"},"geometry":{"type":"Point","coordinates":[139.4860811,35.7671088]}},
{"type":"Feature","properties":{"name":"久米川緑地帯"},"geometry":{"type":"Point","coordinates":[139.4865056,35.7671695]}},
{"type":"Feature","properties":{"name":"久米川町5丁目第1仲よし広場"},"geometry":{"type":"Point","coordinates":[139.4740898,35.7747088]}},
{"type":"Feature","properties":{"name":"久米川町3丁目第1仲よし広場"},"geometry":{"type":"Point","coordinates":[139.4735069,35.7644516]}},
{"type":"Feature","properties":{"name":"久米川町3丁目第2仲よし広場"},"geometry":{"type":"Point","coordinates":[139.4750605,35.7647592]}},
{"type":"Feature","properties":{"name":"久米川町3丁目第3仲よし広場"},"geometry":{"type":"Point","coordinates":[139.4730214,35.7646336]}},
{"type":"Feature","properties":{"name":"久米川町4丁目第3仲よし広場"},"geometry":{"type":"Point","coordinates":[139.4713102,35.7638141]}},
{"type":"Feature","properties":{"name":"久米川町4丁目第4仲よし広場"},"geometry":{"type":"Point","coordinates":[139.4702419,35.7672103]}},
{"type":"Feature","properties":{"name":"久米川南第2仲よし広場"},"geometry":{"type":"Point","coordinates":[139.4717405,35.7600697]}},
{"type":"Feature","properties":{"name":"久米川南第1仲よし広場"},"geometry":{"type":"Point","coordinates":[139.4729682,35.7602364]}},
{"type":"Feature","properties":{"name":"久米川町2丁目第2仲よし広場"},"geometry":{"type":"Point","coordinates":[139.4764149,35.7678973]}},
{"type":"Feature","properties":{"name":"久米川町2丁目第3仲よし広場"},"geometry":{"type":"Point","coordinates":[139.4825758,35.7621057]}},
{"type":"Feature","properties":{"name":"久米川町2丁目第1仲よし広場"},"geometry":{"type":"Point","coordinates":[139.4764799,35.7682711]}},
{"type":"Feature","properties":{"name":"秋津町5丁目第2仲よし広場"},"geometry":{"type":"Point","coordinates":[139.4930921,35.7792539]}},
{"type":"Feature","properties":{"name":"秋津町5丁目第1仲よし広場"},"geometry":{"type":"Point","coordinates":[139.4912721,35.7772847]}},
{"type":"Feature","properties":{"name":"秋津町3丁目第2仲よし広場"},"geometry":{"type":"Point","coordinates":[139.4809482,35.779858]}},
{"type":"Feature","properties":{"name":"秋津町3丁目第1仲よし広場"},"geometry":{"type":"Point","coordinates":[139.4812016,35.7761008]}},
{"type":"Feature","properties":{"name":"秋津町4丁目第3仲よし広場"},"geometry":{"type":"Point","coordinates":[139.482234,35.7773476]}},
{"type":"Feature","properties":{"name":"秋津町4丁目第4仲よし広場"},"geometry":{"type":"Point","coordinates":[139.4837187,35.7789593]}},
{"type":"Feature","properties":{"name":"秋津町4丁目第4仲よし広場"},"geometry":{"type":"Point","coordinates":[139.4836392,35.7792661]}},
{"type":"Feature","properties":{"name":"秋津町4丁目第4仲よし広場"},"geometry":{"type":"Point","coordinates":[139.4835655,35.7795433]}},
{"type":"Feature","properties":{"name":"秋津町4丁目第1仲よし広場"},"geometry":{"type":"Point","coordinates":[139.4891208,35.7767756]}},
{"type":"Feature","properties":{"name":"秋津町2丁目第1仲よし広場"},"geometry":{"type":"Point","coordinates":[139.4903256,35.7717006]}},
{"type":"Feature","properties":{"name":"諏訪町2丁目第1仲よし広場"},"geometry":{"type":"Point","coordinates":[139.4638677,35.7684324]}},
{"type":"Feature","properties":{"name":"青葉町3丁目第7仲よし広場"},"geometry":{"type":"Point","coordinates":[139.4916663,35.7657471]}},
{"type":"Feature","properties":{"name":"青葉町1丁目第7仲よし広場"},"geometry":{"type":"Point","coordinates":[139.4967481,35.760385]}},
{"type":"Feature","properties":{"name":"青葉町1丁目第6仲よし広場"},"geometry":{"type":"Point","coordinates":[139.4943095,35.7628712]}},
{"type":"Feature","properties":{"name":"青葉町1丁目第9仲よし広場"},"geometry":{"type":"Point","coordinates":[139.4984333,35.7614795]}},
{"type":"Feature","properties":{"name":"青葉町1丁目第5仲よし広場"},"geometry":{"type":"Point","coordinates":[139.499248,35.7620093]}},
{"type":"Feature","properties":{"name":"青葉町1丁目第10仲よし広場"},"geometry":{"type":"Point","coordinates":[139.5005369,35.7603821]}},
{"type":"Feature","properties":{"name":"青葉町1丁目第10仲よし広場"},"geometry":{"type":"Point","coordinates":[139.5007166,35.7604216]}},
{"type":"Feature","properties":{"name":"青葉町1丁目第3仲よし広場"},"geometry":{"type":"Point","coordinates":[139.5016048,35.7613712]}},
{"type":"Feature","properties":{"name":"青葉町1丁目第1仲よし広場"},"geometry":{"type":"Point","coordinates":[139.5027814,35.761272]}},
{"type":"Feature","properties":{"name":"青葉町1丁目第4仲よし広場"},"geometry":{"type":"Point","coordinates":[139.490198,35.7586934]}},
{"type":"Feature","properties":{"name":"青葉町1丁目第2仲よし広場"},"geometry":{"type":"Point","coordinates":[139.4939818,35.7585322]}},
{"type":"Feature","properties":{"name":"青葉町1丁目第8仲よし広場"},"geometry":{"type":"Point","coordinates":[139.4944487,35.759577]}},
{"type":"Feature","properties":{"name":"青葉町3丁目第6仲よし広場"},"geometry":{"type":"Point","coordinates":[139.4934278,35.7703559]}},
{"type":"Feature","properties":{"name":"青葉町3丁目第4仲よし広場"},"geometry":{"type":"Point","coordinates":[139.4946645,35.7681379]}},
{"type":"Feature","properties":{"name":"青葉町3丁目第5仲よし広場"},"geometry":{"type":"Point","coordinates":[139.4987836,35.7704373]}},
{"type":"Feature","properties":{"name":"青葉町3丁目第3仲よし広場"},"geometry":{"type":"Point","coordinates":[139.4989604,35.7700292]}},
{"type":"Feature","properties":{"name":"青葉町3丁目第2仲よし広場"},"geometry":{"type":"Point","coordinates":[139.49887,35.7720001]}},
{"type":"Feature","properties":{"name":"青葉町4丁目第1仲よし広場"},"geometry":{"type":"Point","coordinates":[139.5012979,35.7656731]}},
{"type":"Feature","properties":{"name":"青葉町2丁目第3仲よし広場"},"geometry":{"type":"Point","coordinates":[139.4888049,35.7616778]}},
{"type":"Feature","properties":{"name":"青葉町2丁目第1仲よし広場"},"geometry":{"type":"Point","coordinates":[139.4894272,35.7650746]}},
{"type":"Feature","properties":{"name":"多摩湖町1丁目第1仲よし広場"},"geometry":{"type":"Point","coordinates":[139.4470299,35.7631197]}},
{"type":"Feature","properties":{"name":"多摩湖町1丁目第2仲よし広場"},"geometry":{"type":"Point","coordinates":[139.4525659,35.762534]}},
{"type":"Feature","properties":{"name":"多摩湖町3丁目第2仲よし広場"},"geometry":{"type":"Point","coordinates":[139.4435593,35.7655506]}},
{"type":"Feature","properties":{"name":"多摩湖町3丁目第3仲よし広場"},"geometry":{"type":"Point","coordinates":[139.4449861,35.7652092]}},
{"type":"Feature","properties":{"name":"多摩湖町3丁目第1仲よし広場"},"geometry":{"type":"Point","coordinates":[139.4450626,35.7653367]}},
{"type":"Feature","properties":{"name":"多摩湖町4丁目第3仲よし広場"},"geometry":{"type":"Point","coordinates":[139.4463297,35.7644069]}},
{"type":"Feature","properties":{"name":"多摩湖町4丁目第1仲よし広場"},"geometry":{"type":"Point","coordinates":[139.4461716,35.7657455]}},
{"type":"Feature","properties":{"name":"多摩湖町4丁目第2仲よし広場"},"geometry":{"type":"Point","coordinates":[139.4494051,35.7669408]}},
{"type":"Feature","properties":{"name":"多摩湖町4丁目第4仲よし広場"},"geometry":{"type":"Point","coordinates":[139.4513226,35.767269]}},
{"type":"Feature","properties":{"name":"多摩湖町2丁目第1仲よし広場"},"geometry":{"type":"Point","coordinates":[139.4469531,35.762911]}},
{"type":"Feature","properties":{"name":"多摩湖町2丁目第2仲よし広場"},"geometry":{"type":"Point","coordinates":[139.4452126,35.7624337]}},
{"type":"Feature","properties":{"name":"萩山町1丁目第1仲よし広場"},"geometry":{"type":"Point","coordinates":[139.4859723,35.7373836]}},
{"type":"Feature","properties":{"name":"萩山町4丁目第1仲よし広場"},"geometry":{"type":"Point","coordinates":[139.4751519,35.7455247]}},
{"type":"Feature","properties":{"name":"萩山町2丁目第1仲よし広場"},"geometry":{"type":"Point","coordinates":[139.4793572,35.7426437]}},
{"type":"Feature","properties":{"name":"美住町1丁目第1仲よし広場"},"geometry":{"type":"Point","coordinates":[139.4600026,35.7504937]}},
{"type":"Feature","properties":{"name":"美住町1丁目第2仲よし広場"},"geometry":{"type":"Point","coordinates":[139.4592201,35.7496806]}},
{"type":"Feature","properties":{"name":"美住町1丁目第3仲よし広場"},"geometry":{"type":"Point","coordinates":[139.4636014,35.7515659]}},
{"type":"Feature","properties":{"name":"美住町1丁目第4仲よし広場"},"geometry":{"type":"Point","coordinates":[139.4641532,35.7500434]}},
{"type":"Feature","properties":{"name":"美住町1丁目第5仲よし広場"},"geometry":{"type":"Point","coordinates":[139.4650424,35.7470538]}},
{"type":"Feature","properties":{"name":"美住町2丁目第3仲よし広場"},"geometry":{"type":"Point","coordinates":[139.4535691,35.7530925]}},
{"type":"Feature","properties":{"name":"美住町2丁目第2仲よし広場"},"geometry":{"type":"Point","coordinates":[139.4650707,35.7532279]}},
{"type":"Feature","properties":{"name":"富士見町1丁目第2仲よし広場"},"geometry":{"type":"Point","coordinates":[139.455676,35.7390209]}},
{"type":"Feature","properties":{"name":"富士見町1丁目第5仲よし広場"},"geometry":{"type":"Point","coordinates":[139.4579661,35.7440668]}},
{"type":"Feature","properties":{"name":"富士見町1丁目第1仲よし広場"},"geometry":{"type":"Point","coordinates":[139.4585391,35.7446159]}},
{"type":"Feature","properties":{"name":"富士見町1丁目第4仲よし広場"},"geometry":{"type":"Point","coordinates":[139.4602954,35.7434425]}},
{"type":"Feature","properties":{"name":"富士見町3丁目第2仲よし広場"},"geometry":{"type":"Point","coordinates":[139.4537996,35.7462674]}},
{"type":"Feature","properties":{"name":"富士見町3丁目第4仲よし広場"},"geometry":{"type":"Point","coordinates":[139.4519133,35.7475562]}},
{"type":"Feature","properties":{"name":"富士見町3丁目第3仲よし広場"},"geometry":{"type":"Point","coordinates":[139.4505701,35.74876]}},
{"type":"Feature","properties":{"name":"富士見町3丁目第1仲よし広場"},"geometry":{"type":"Point","coordinates":[139.4535292,35.7494673]}},
{"type":"Feature","properties":{"name":"富士見町4丁目第2仲よし広場"},"geometry":{"type":"Point","coordinates":[139.4496408,35.7497754]}},
{"type":"Feature","properties":{"name":"富士見町2丁目第2仲よし広場"},"geometry":{"type":"Point","coordinates":[139.4535811,35.7386709]}},
{"type":"Feature","properties":{"name":"富士見町2丁目第1仲よし広場"},"geometry":{"type":"Point","coordinates":[139.4532721,35.7383098]}},
{"type":"Feature","properties":{"name":"本町1丁目第1仲よし広場"},"geometry":{"type":"Point","coordinates":[139.4679641,35.7568645]}},
{"type":"Feature","properties":{"name":"本町3丁目第2仲よし広場"},"geometry":{"type":"Point","coordinates":[139.4697714,35.7554197]}},
{"type":"Feature","properties":{"name":"本町2丁目第1仲よし広場"},"geometry":{"type":"Point","coordinates":[139.4664008,35.7597529]}},
{"type":"Feature","properties":{"name":"野口町3丁目第2仲よし広場"},"geometry":{"type":"Point","coordinates":[139.4570615,35.7636031]}},
{"type":"Feature","properties":{"name":"野口町3丁目第1仲よし広場"},"geometry":{"type":"Point","coordinates":[139.4528057,35.7660542]}},
{"type":"Feature","properties":{"name":"野口町2丁目第1仲よし広場"},"geometry":{"type":"Point","coordinates":[139.4565818,35.7594126]}},
{"type":"Feature","properties":{"name":"萩山第二児童遊園"},"geometry":{"type":"Point","coordinates":[139.4835129,35.7379463]}},
{"type":"Feature","properties":{"name":"萩山第一児童遊園"},"geometry":{"type":"Point","coordinates":[139.4791168,35.743099]}},
{"type":"Feature","properties":{"name":"富士見第四児童遊園"},"geometry":{"type":"Point","coordinates":[139.4627218,35.7425507]}},
{"type":"Feature","properties":{"name":"富士見第二児童遊園"},"geometry":{"type":"Point","coordinates":[139.4530036,35.7474806]}},
{"type":"Feature","properties":{"name":"富士見第一児童遊園"},"geometry":{"type":"Point","coordinates":[139.4484754,35.7499914]}},
{"type":"Feature","properties":{"name":"富士見第三児童遊園"},"geometry":{"type":"Point","coordinates":[139.4531274,35.7391823]}},
{"type":"Feature","properties":{"name":"谷っ田池児童遊園"},"geometry":{"type":"Point","coordinates":[139.4560122,35.7642053]}},
{"type":"Feature","properties":{"name":"弁天池児童遊園"},"geometry":{"type":"Point","coordinates":[139.4627464,35.7635934]}},
{"type":"Feature","properties":{"name":"松林庵児童遊園"},"geometry":{"type":"Point","coordinates":[139.4601002,35.7583505]}},
{"type":"Feature","properties":{"name":"本町3丁目第1仲よし広場"},"geometry":{"type":"Point","coordinates":[139.4725951,35.7577317]}},
{"type":"Feature","properties":{"name":"久米川の富士塚"},"geometry":{"type":"Point","coordinates":[139.4724749,35.7711465]}},
{"type":"Feature","properties":{"name":"秋津ゲートボール場"},"geometry":{"type":"Point","coordinates":[139.4807384,35.7749255]}},
{"type":"Feature","properties":{"name":"青葉ゲートボール場"},"geometry":{"type":"Point","coordinates":[139.4891045,35.7655179]}},
{"type":"Feature","properties":{"name":"萩山ゲートボール場"},"geometry":{"type":"Point","coordinates":[139.4758593,35.7421999]}},
{"type":"Feature","properties":{"name":"恩多ゲートボール場"},"geometry":{"type":"Point","coordinates":[139.4844619,35.753358]}},
{"type":"Feature","properties":{"name":"北川ゲートボール場"},"geometry":{"type":"Point","coordinates":[139.4704797,35.7730092]}},
{"type":"Feature","properties":{"name":"東村山市ゲートボール場公園"},"geometry":{"type":"Point","coordinates":[139.4525063,35.7557838]}},
{"type":"Feature","properties":{"name":"前川公園"},"geometry":{"type":"Point","coordinates":[139.4582448,35.7582147]}},
{"type":"Feature","properties":{"name":"西元町万葉公園"},"geometry":{"type":"Point","coordinates":[139.4749493,35.6915604]}},
{"type":"Feature","properties":{"name":"戸倉ささ公園"},"geometry":{"type":"Point","coordinates":[139.4564633,35.7068339]}},
{"type":"Feature","properties":{"name":"戸倉おひさま公園"},"geometry":{"type":"Point","coordinates":[139.4527246,35.70997]}},
{"type":"Feature","properties":{"name":"日吉町どんぐり公園"},"geometry":{"type":"Point","coordinates":[139.4570396,35.7024561]}},
{"type":"Feature","properties":{"name":"日吉町かものはし公園"},"geometry":{"type":"Point","coordinates":[139.4582881,35.7061739]}},
{"type":"Feature","properties":{"name":"新町ひばり公園"},"geometry":{"type":"Point","coordinates":[139.4478504,35.7106293]}},
{"type":"Feature","properties":{"name":"西町ほしぞら公園"},"geometry":{"type":"Point","coordinates":[139.433894,35.7016542]}},
{"type":"Feature","properties":{"name":"西町高台ツバキ公園"},"geometry":{"type":"Point","coordinates":[139.4357753,35.7142264]}},
{"type":"Feature","properties":{"name":"戸倉コアラ公園"},"geometry":{"type":"Point","coordinates":[139.4610219,35.7122818]}},
{"type":"Feature","properties":{"name":"戸倉富士見公園"},"geometry":{"type":"Point","coordinates":[139.4540051,35.7073957]}},
{"type":"Feature","properties":{"name":"戸倉なかよし公園"},"geometry":{"type":"Point","coordinates":[139.4518303,35.7094811]}},
{"type":"Feature","properties":{"name":"戸倉あおぞら公園"},"geometry":{"type":"Point","coordinates":[139.4565152,35.7110542]}},
{"type":"Feature","properties":{"name":"戸倉竹の子公園"},"geometry":{"type":"Point","coordinates":[139.4544777,35.7112754]}},
{"type":"Feature","properties":{"name":"戸倉公園"},"geometry":{"type":"Point","coordinates":[139.4574123,35.7095817]}},
{"type":"Feature","properties":{"name":"戸倉さつき公園"},"geometry":{"type":"Point","coordinates":[139.4539176,35.7058949]}},
{"type":"Feature","properties":{"name":"戸倉ふれあい公園"},"geometry":{"type":"Point","coordinates":[139.4597665,35.7081001]}},
{"type":"Feature","properties":{"name":"光町かしの木公園"},"geometry":{"type":"Point","coordinates":[139.4459702,35.7054907]}},
{"type":"Feature","properties":{"name":"光町もみじ公園"},"geometry":{"type":"Point","coordinates":[139.4453776,35.7059244]}},
{"type":"Feature","properties":{"name":"はけ通り樹林地"},"geometry":{"type":"Point","coordinates":[139.4485918,35.7011168]}},
{"type":"Feature","properties":{"name":"光町一丁目公園"},"geometry":{"type":"Point","coordinates":[139.4437285,35.7062565]}},
{"type":"Feature","properties":{"name":"平兵衛樹林地"},"geometry":{"type":"Point","coordinates":[139.4450853,35.7060768]}},
{"type":"Feature","properties":{"name":"わいわいひかり公園"},"geometry":{"type":"Point","coordinates":[139.4440219,35.7072929]}},
{"type":"Feature","properties":{"name":"光町なかよし公園"},"geometry":{"type":"Point","coordinates":[139.4404118,35.7065674]}},
{"type":"Feature","properties":{"name":"高木町動物公園"},"geometry":{"type":"Point","coordinates":[139.4403299,35.7154446]}},
{"type":"Feature","properties":{"name":"高木町つつじ公園"},"geometry":{"type":"Point","coordinates":[139.4376405,35.714929]}},
{"type":"Feature","properties":{"name":"高木町ぶらんこ公園"},"geometry":{"type":"Point","coordinates":[139.4380501,35.7101339]}},
{"type":"Feature","properties":{"name":"高木町なかよし公園"},"geometry":{"type":"Point","coordinates":[139.4386724,35.7102404]}},
{"type":"Feature","properties":{"name":"高木町中央公園"},"geometry":{"type":"Point","coordinates":[139.4408756,35.7121229]}},
{"type":"Feature","properties":{"name":"高木町ふれあい公園"},"geometry":{"type":"Point","coordinates":[139.4389845,35.7136849]}},
{"type":"Feature","properties":{"name":"高木町なごみ公園"},"geometry":{"type":"Point","coordinates":[139.4402491,35.7106192]}},
{"type":"Feature","properties":{"name":"西元町緑地"},"geometry":{"type":"Point","coordinates":[139.4688647,35.6954125]}},
{"type":"Feature","properties":{"name":"西町あおぞら公園"},"geometry":{"type":"Point","coordinates":[139.4343334,35.7018364]}},
{"type":"Feature","properties":{"name":"泉町かしの木公園"},"geometry":{"type":"Point","coordinates":[139.4727293,35.6987285]}},
{"type":"Feature","properties":{"name":"東元町ミニ緑地"},"geometry":{"type":"Point","coordinates":[139.4872003,35.693113]}},
{"type":"Feature","properties":{"name":"東恋ヶ窪でんしゃ公園"},"geometry":{"type":"Point","coordinates":[139.4701481,35.7041559]}},
{"type":"Feature","properties":{"name":"内藤ふじと公園"},"geometry":{"type":"Point","coordinates":[139.4555225,35.698629]}},
{"type":"Feature","properties":{"name":"南町ひだまり公園"},"geometry":{"type":"Point","coordinates":[139.485827,35.6996159]}},
{"type":"Feature","properties":{"name":"日吉町ひよし子公園"},"geometry":{"type":"Point","coordinates":[139.4639373,35.7078113]}},
{"type":"Feature","properties":{"name":"並木町あおぞら公園"},"geometry":{"type":"Point","coordinates":[139.4488661,35.7148724]}},
{"type":"Feature","properties":{"name":"北町はなみずき公園"},"geometry":{"type":"Point","coordinates":[139.4494198,35.7204831]}},
{"type":"Feature","properties":{"name":"本多きしゃぽっぽ公園"},"geometry":{"type":"Point","coordinates":[139.4791374,35.7109014]}},
{"type":"Feature","properties":{"name":"新町しいの木公園"},"geometry":{"type":"Point","coordinates":[139.4545904,35.7138664]}},
{"type":"Feature","properties":{"name":"新町ひつじ公園"},"geometry":{"type":"Point","coordinates":[139.4541864,35.7135249]}},
{"type":"Feature","properties":{"name":"新町もみじ公園"},"geometry":{"type":"Point","coordinates":[139.4479763,35.7126759]}},
{"type":"Feature","properties":{"name":"新町ぐるぐる公園"},"geometry":{"type":"Point","coordinates":[139.4501923,35.7116495]}},
{"type":"Feature","properties":{"name":"西元町つくし公園"},"geometry":{"type":"Point","coordinates":[139.473974,35.6892467]}},
{"type":"Feature","properties":{"name":"歴史公園"},"geometry":{"type":"Point","coordinates":[139.4719481,35.6917098]}},
{"type":"Feature","properties":{"name":"歴史公園"},"geometry":{"type":"Point","coordinates":[139.4675086,35.6909582]}},
{"type":"Feature","properties":{"name":"歴史公園"},"geometry":{"type":"Point","coordinates":[139.4716448,35.6922212]}},
{"type":"Feature","properties":{"name":"歴史公園"},"geometry":{"type":"Point","coordinates":[139.4728779,35.6936091]}},
{"type":"Feature","properties":{"name":"歴史公園"},"geometry":{"type":"Point","coordinates":[139.4737457,35.6946594]}},
{"type":"Feature","properties":{"name":"歴史公園"},"geometry":{"type":"Point","coordinates":[139.46905,35.6951367]}},
{"type":"Feature","properties":{"name":"西元町第三公園"},"geometry":{"type":"Point","coordinates":[139.4673918,35.6888719]}},
{"type":"Feature","properties":{"name":"西町なかよし公園"},"geometry":{"type":"Point","coordinates":[139.4373896,35.703976]}},
{"type":"Feature","properties":{"name":"西町サルスベリ公園"},"geometry":{"type":"Point","coordinates":[139.4320533,35.7176777]}},
{"type":"Feature","properties":{"name":"西町たいない堀緑地"},"geometry":{"type":"Point","coordinates":[139.434346,35.7161829]}},
{"type":"Feature","properties":{"name":"西町くれよん公園"},"geometry":{"type":"Point","coordinates":[139.4332649,35.714693]}},
{"type":"Feature","properties":{"name":"西町ふれあい公園"},"geometry":{"type":"Point","coordinates":[139.4316965,35.7154314]}},
{"type":"Feature","properties":{"name":"西町コアラ公園"},"geometry":{"type":"Point","coordinates":[139.4301349,35.7144181]}},
{"type":"Feature","properties":{"name":"西町弁天公園"},"geometry":{"type":"Point","coordinates":[139.4293747,35.7161424]}},
{"type":"Feature","properties":{"name":"西町しばざくら公園"},"geometry":{"type":"Point","coordinates":[139.4339053,35.71697]}},
{"type":"Feature","properties":{"name":"西町フラワー公園"},"geometry":{"type":"Point","coordinates":[139.4366083,35.7114876]}},
{"type":"Feature","properties":{"name":"西町公園"},"geometry":{"type":"Point","coordinates":[139.4359351,35.7115778]}},
{"type":"Feature","properties":{"name":"西町はなみずき公園"},"geometry":{"type":"Point","coordinates":[139.4331119,35.7099097]}},
{"type":"Feature","properties":{"name":"西町ミニ緑地"},"geometry":{"type":"Point","coordinates":[139.4374361,35.711762]}},
{"type":"Feature","properties":{"name":"西町ゴリラ公園"},"geometry":{"type":"Point","coordinates":[139.4376898,35.7108393]}},
{"type":"Feature","properties":{"name":"西町カメ公園"},"geometry":{"type":"Point","coordinates":[139.4336737,35.7139038]}},
{"type":"Feature","properties":{"name":"西町緑道"},"geometry":{"type":"Point","coordinates":[139.4354156,35.7131477]}},
{"type":"Feature","properties":{"name":"西町カエデ公園"},"geometry":{"type":"Point","coordinates":[139.437762,35.7063464]}},
{"type":"Feature","properties":{"name":"西町りゅうのひげ公園"},"geometry":{"type":"Point","coordinates":[139.4384693,35.7083135]}},
{"type":"Feature","properties":{"name":"西町つつじ公園"},"geometry":{"type":"Point","coordinates":[139.4385193,35.707514]}},
{"type":"Feature","properties":{"name":"西町わかたけ公園"},"geometry":{"type":"Point","coordinates":[139.4365062,35.704653]}},
{"type":"Feature","properties":{"name":"西町こじか公園"},"geometry":{"type":"Point","coordinates":[139.4365581,35.7058194]}},
{"type":"Feature","properties":{"name":"西町なしの木公園"},"geometry":{"type":"Point","coordinates":[139.4347157,35.7064914]}},
{"type":"Feature","properties":{"name":"西町ラクダ公園"},"geometry":{"type":"Point","coordinates":[139.4378546,35.7054372]}},
{"type":"Feature","properties":{"name":"西恋ヶ窪ミニ公園"},"geometry":{"type":"Point","coordinates":[139.467876,35.7055063]}},
{"type":"Feature","properties":{"name":"西恋ヶ窪白梅公園"},"geometry":{"type":"Point","coordinates":[139.4642325,35.7036094]}},
{"type":"Feature","properties":{"name":"西恋ヶ窪イルカ公園"},"geometry":{"type":"Point","coordinates":[139.4655185,35.7036266]}},
{"type":"Feature","properties":{"name":"西恋ヶ窪道成窪公園"},"geometry":{"type":"Point","coordinates":[139.4661365,35.7049629]}},
{"type":"Feature","properties":{"name":"西恋ヶ窪カルガモ公園"},"geometry":{"type":"Point","coordinates":[139.4632285,35.7058858]}},
{"type":"Feature","properties":{"name":"西恋ヶ窪梅の木公園"},"geometry":{"type":"Point","coordinates":[139.4646751,35.7029644]}},
{"type":"Feature","properties":{"name":"西恋ヶ窪こずえ公園"},"geometry":{"type":"Point","coordinates":[139.4624888,35.703679]}},
{"type":"Feature","properties":{"name":"西恋ヶ窪ユリノキ公園"},"geometry":{"type":"Point","coordinates":[139.4657432,35.7072894]}},
{"type":"Feature","properties":{"name":"西恋ヶ窪もみじ公園"},"geometry":{"type":"Point","coordinates":[139.4651062,35.7098045]}},
{"type":"Feature","properties":{"name":"西恋ヶ窪ゆうゆう公園"},"geometry":{"type":"Point","coordinates":[139.4670568,35.7057862]}},
{"type":"Feature","properties":{"name":"西恋ヶ窪うさぎ公園"},"geometry":{"type":"Point","coordinates":[139.4635556,35.7006248]}},
{"type":"Feature","properties":{"name":"西恋ヶ窪うさぎ公園"},"geometry":{"type":"Point","coordinates":[139.4630599,35.7007275]}},
{"type":"Feature","properties":{"name":"西恋ヶ窪ＳＬ公園"},"geometry":{"type":"Point","coordinates":[139.4641366,35.7015032]}},
{"type":"Feature","properties":{"name":"西恋ヶ窪あじさい公園"},"geometry":{"type":"Point","coordinates":[139.4627917,35.7011139]}},
{"type":"Feature","properties":{"name":"泉町多喜窪公園"},"geometry":{"type":"Point","coordinates":[139.4646288,35.6968847]}},
{"type":"Feature","properties":{"name":"東元町なかよし公園"},"geometry":{"type":"Point","coordinates":[139.4868259,35.695515]}},
{"type":"Feature","properties":{"name":"元町公園"},"geometry":{"type":"Point","coordinates":[139.4850624,35.6943666]}},
{"type":"Feature","properties":{"name":"東元町ちびっこ公園"},"geometry":{"type":"Point","coordinates":[139.4788184,35.6947602]}},
{"type":"Feature","properties":{"name":"東戸倉堀分ゆうやけ公園"},"geometry":{"type":"Point","coordinates":[139.466984,35.7150325]}},
{"type":"Feature","properties":{"name":"東戸倉もくせい公園"},"geometry":{"type":"Point","coordinates":[139.4689005,35.7148255]}},
{"type":"Feature","properties":{"name":"東戸倉ナラの木公園"},"geometry":{"type":"Point","coordinates":[139.4636508,35.7135246]}},
{"type":"Feature","properties":{"name":"東戸倉りんどう公園"},"geometry":{"type":"Point","coordinates":[139.4637793,35.713603]}},
{"type":"Feature","properties":{"name":"東戸倉やまぼうし公園"},"geometry":{"type":"Point","coordinates":[139.4648578,35.714942]}},
{"type":"Feature","properties":{"name":"東恋ヶ窪くぬぎ公園"},"geometry":{"type":"Point","coordinates":[139.4667934,35.708447]}},
{"type":"Feature","properties":{"name":"東恋ヶ窪やまがら公園"},"geometry":{"type":"Point","coordinates":[139.468967,35.7057673]}},
{"type":"Feature","properties":{"name":"東恋ヶ窪ライオン公園"},"geometry":{"type":"Point","coordinates":[139.4690072,35.7078941]}},
{"type":"Feature","properties":{"name":"東恋ヶ窪コスモス公園"},"geometry":{"type":"Point","coordinates":[139.468923,35.7069591]}},
{"type":"Feature","properties":{"name":"東恋ヶ窪かしの木公園"},"geometry":{"type":"Point","coordinates":[139.4719182,35.7137598]}},
{"type":"Feature","properties":{"name":"東恋ヶ窪ひまわり公園"},"geometry":{"type":"Point","coordinates":[139.470424,35.7142938]}},
{"type":"Feature","properties":{"name":"東恋ヶ窪さくら公園"},"geometry":{"type":"Point","coordinates":[139.4695034,35.7120186]}},
{"type":"Feature","properties":{"name":"内藤そよかぜ公園"},"geometry":{"type":"Point","coordinates":[139.4594313,35.6923118]}},
{"type":"Feature","properties":{"name":"内藤公園"},"geometry":{"type":"Point","coordinates":[139.4595383,35.697079]}},
{"type":"Feature","properties":{"name":"内藤橋公園"},"geometry":{"type":"Point","coordinates":[139.4596846,35.6981483]}},
{"type":"Feature","properties":{"name":"内藤たまらん坂公園"},"geometry":{"type":"Point","coordinates":[139.4574281,35.69358]}},
{"type":"Feature","properties":{"name":"内藤ぞう公園"},"geometry":{"type":"Point","coordinates":[139.4580966,35.6943253]}},
{"type":"Feature","properties":{"name":"内藤ちびっこ公園"},"geometry":{"type":"Point","coordinates":[139.4568833,35.694523]}},
{"type":"Feature","properties":{"name":"内藤第３公園"},"geometry":{"type":"Point","coordinates":[139.4569222,35.6951356]}},
{"type":"Feature","properties":{"name":"内藤つばき公園"},"geometry":{"type":"Point","coordinates":[139.4578156,35.6976747]}},
{"type":"Feature","properties":{"name":"内藤富士見公園"},"geometry":{"type":"Point","coordinates":[139.4559861,35.6948428]}},
{"type":"Feature","properties":{"name":"南町こぶし公園"},"geometry":{"type":"Point","coordinates":[139.4862586,35.6997313]}},
{"type":"Feature","properties":{"name":"南町野川公園"},"geometry":{"type":"Point","coordinates":[139.4909434,35.6974794]}},
{"type":"Feature","properties":{"name":"南町さんかく公園"},"geometry":{"type":"Point","coordinates":[139.4761294,35.6989084]}},
{"type":"Feature","properties":{"name":"日吉町パンダ公園"},"geometry":{"type":"Point","coordinates":[139.4613349,35.6999256]}},
{"type":"Feature","properties":{"name":"日吉町ミニ公園"},"geometry":{"type":"Point","coordinates":[139.4597887,35.7032893]}},
{"type":"Feature","properties":{"name":"日吉町開放樹林地"},"geometry":{"type":"Point","coordinates":[139.4584844,35.7018131]}},
{"type":"Feature","properties":{"name":"日吉町スワン公園"},"geometry":{"type":"Point","coordinates":[139.4581129,35.7020667]}},
{"type":"Feature","properties":{"name":"日吉町ぞう公園"},"geometry":{"type":"Point","coordinates":[139.4578385,35.6998016]}},
{"type":"Feature","properties":{"name":"日吉町つつじ公園"},"geometry":{"type":"Point","coordinates":[139.4616084,35.7019845]}},
{"type":"Feature","properties":{"name":"日吉町なかよし公園"},"geometry":{"type":"Point","coordinates":[139.4567927,35.7048563]}},
{"type":"Feature","properties":{"name":"日吉町ポプラ公園"},"geometry":{"type":"Point","coordinates":[139.4630821,35.7084047]}},
{"type":"Feature","properties":{"name":"富士本チビッ子公園"},"geometry":{"type":"Point","coordinates":[139.4494808,35.7054434]}},
{"type":"Feature","properties":{"name":"富士本けやき公園"},"geometry":{"type":"Point","coordinates":[139.4506622,35.706564]}},
{"type":"Feature","properties":{"name":"富士本第１公園"},"geometry":{"type":"Point","coordinates":[139.4469286,35.7107951]}},
{"type":"Feature","properties":{"name":"富士本動物公園"},"geometry":{"type":"Point","coordinates":[139.4462462,35.7102767]}},
{"type":"Feature","properties":{"name":"富士本90度公園"},"geometry":{"type":"Point","coordinates":[139.4450691,35.7102813]}},
{"type":"Feature","properties":{"name":"富士本ブタ公園"},"geometry":{"type":"Point","coordinates":[139.4449328,35.7126451]}},
{"type":"Feature","properties":{"name":"富士本ねむの木公園"},"geometry":{"type":"Point","coordinates":[139.4469591,35.7077598]}},
{"type":"Feature","properties":{"name":"並木町みずき公園"},"geometry":{"type":"Point","coordinates":[139.4565311,35.7141762]}},
{"type":"Feature","properties":{"name":"並木町やまもも公園"},"geometry":{"type":"Point","coordinates":[139.4566606,35.7160143]}},
{"type":"Feature","properties":{"name":"並木町こぶし公園"},"geometry":{"type":"Point","coordinates":[139.4610725,35.7164046]}},
{"type":"Feature","properties":{"name":"並木町クマ公園"},"geometry":{"type":"Point","coordinates":[139.4453064,35.7143217]}},
{"type":"Feature","properties":{"name":"並木町エル公園"},"geometry":{"type":"Point","coordinates":[139.4480609,35.7148632]}},
{"type":"Feature","properties":{"name":"並木町もみじ公園"},"geometry":{"type":"Point","coordinates":[139.4538654,35.7160217]}},
{"type":"Feature","properties":{"name":"並木町さつき公園"},"geometry":{"type":"Point","coordinates":[139.4503115,35.7145589]}},
{"type":"Feature","properties":{"name":"並木町さつき公園"},"geometry":{"type":"Point","coordinates":[139.4502204,35.7150028]}},
{"type":"Feature","properties":{"name":"北町神明公園"},"geometry":{"type":"Point","coordinates":[139.4571086,35.7169236]}},
{"type":"Feature","properties":{"name":"北町ミニ公園"},"geometry":{"type":"Point","coordinates":[139.4510312,35.7203419]}},
{"type":"Feature","properties":{"name":"北町シャクナゲ公園"},"geometry":{"type":"Point","coordinates":[139.4550489,35.7201064]}},
{"type":"Feature","properties":{"name":"北町たこ公園"},"geometry":{"type":"Point","coordinates":[139.4485042,35.7194297]}},
{"type":"Feature","properties":{"name":"北町かしの木公園"},"geometry":{"type":"Point","coordinates":[139.4465167,35.7194267]}},
{"type":"Feature","properties":{"name":"北町ゆきやなぎ公園"},"geometry":{"type":"Point","coordinates":[139.4476565,35.719432]}},
{"type":"Feature","properties":{"name":"北町しまうま公園"},"geometry":{"type":"Point","coordinates":[139.4477836,35.7209772]}},
{"type":"Feature","properties":{"name":"北町しまうま公園"},"geometry":{"type":"Point","coordinates":[139.4475632,35.7213154]}},
{"type":"Feature","properties":{"name":"北町パンダ公園"},"geometry":{"type":"Point","coordinates":[139.4472202,35.7218873]}},
{"type":"Feature","properties":{"name":"北町パンダ公園"},"geometry":{"type":"Point","coordinates":[139.4469538,35.7220609]}},
{"type":"Feature","properties":{"name":"北町カエデ公園"},"geometry":{"type":"Point","coordinates":[139.4467038,35.7224908]}},
{"type":"Feature","properties":{"name":"北町ちびっこ公園"},"geometry":{"type":"Point","coordinates":[139.4461354,35.7213782]}},
{"type":"Feature","properties":{"name":"北町ひのき公園"},"geometry":{"type":"Point","coordinates":[139.4539196,35.7175364]}},
{"type":"Feature","properties":{"name":"北町なかよし公園"},"geometry":{"type":"Point","coordinates":[139.4535216,35.718397]}},
{"type":"Feature","properties":{"name":"本多なかよし公園"},"geometry":{"type":"Point","coordinates":[139.4823739,35.7049485]}},
{"type":"Feature","properties":{"name":"本多モッコク公園"},"geometry":{"type":"Point","coordinates":[139.4846009,35.7073475]}},
{"type":"Feature","properties":{"name":"本多わかば公園"},"geometry":{"type":"Point","coordinates":[139.4841432,35.7080008]}},
{"type":"Feature","properties":{"name":"本多はだしっこ公園"},"geometry":{"type":"Point","coordinates":[139.4798028,35.7120628]}},
{"type":"Feature","properties":{"name":"本多もくれん公園"},"geometry":{"type":"Point","coordinates":[139.4797661,35.7095106]}},
{"type":"Feature","properties":{"name":"本多こでまり公園"},"geometry":{"type":"Point","coordinates":[139.4793166,35.7059861]}},
{"type":"Feature","properties":{"name":"本町四丁目公園"},"geometry":{"type":"Point","coordinates":[139.4771459,35.7015736]}},
{"type":"Feature","properties":{"name":"本町あおぞら公園"},"geometry":{"type":"Point","coordinates":[139.4818076,35.7030702]}},
{"type":"Feature","properties":{"name":"東元町一丁目東部児童遊園地（民間児童遊園）"},"geometry":{"type":"Point","coordinates":[139.4856321,35.696002]}},
{"type":"Feature","properties":{"name":"真福寺児童遊園地（民間児童遊園）"},"geometry":{"type":"Point","coordinates":[139.4780478,35.6950322]}},
{"type":"Feature","properties":{"name":"薬師児童遊園地（民間児童遊園）"},"geometry":{"type":"Point","coordinates":[139.4723428,35.6922013]}},
{"type":"Feature","properties":{"name":"本多八幡児童遊園地（民間児童遊園）"},"geometry":{"type":"Point","coordinates":[139.4810894,35.7073685]}},
{"type":"Feature","properties":{"name":"えんばん児童遊園地（民間児童遊園）"},"geometry":{"type":"Point","coordinates":[139.4360658,35.715245]}},
{"type":"Feature","properties":{"name":"くじゃく児童遊園地（民間児童遊園）"},"geometry":{"type":"Point","coordinates":[139.4371403,35.7138047]}},
{"type":"Feature","properties":{"name":"市営住宅の広場"},"geometry":{"type":"Point","coordinates":[139.4420529,35.7093486]}},
{"type":"Feature","properties":{"name":"鹿島こども広場"},"geometry":{"type":"Point","coordinates":[139.4139284,35.7588109]}},
{"type":"Feature","properties":{"name":"下立野林間こども広場"},"geometry":{"type":"Point","coordinates":[139.4146562,35.7487682]}},
{"type":"Feature","properties":{"name":"芋窪こども広場"},"geometry":{"type":"Point","coordinates":[139.4172396,35.7512678]}},
{"type":"Feature","properties":{"name":"中丸こども広場"},"geometry":{"type":"Point","coordinates":[139.413776,35.7542603]}},
{"type":"Feature","properties":{"name":"中丸西こども広場"},"geometry":{"type":"Point","coordinates":[139.4113355,35.7549302]}},
{"type":"Feature","properties":{"name":"用水北こども広場"},"geometry":{"type":"Point","coordinates":[139.4408284,35.7371469]}},
{"type":"Feature","properties":{"name":"桜が丘こども広場"},"geometry":{"type":"Point","coordinates":[139.4132606,35.7369712]}},
{"type":"Feature","properties":{"name":"下新堀こども広場"},"geometry":{"type":"Point","coordinates":[139.4510428,35.7406356]}},
{"type":"Feature","properties":{"name":"新堀こども広場"},"geometry":{"type":"Point","coordinates":[139.4467669,35.7389256]}},
{"type":"Feature","properties":{"name":"清水こども広場"},"geometry":{"type":"Point","coordinates":[139.448893,35.7467918]}},
{"type":"Feature","properties":{"name":"蔵敷東こども広場"},"geometry":{"type":"Point","coordinates":[139.4218416,35.7533772]}},
{"type":"Feature","properties":{"name":"蔵敷第二こども広場"},"geometry":{"type":"Point","coordinates":[139.4182298,35.7533798]}},
{"type":"Feature","properties":{"name":"中央こども広場"},"geometry":{"type":"Point","coordinates":[139.4324141,35.7447914]}},
{"type":"Feature","properties":{"name":"六小南こども広場"},"geometry":{"type":"Point","coordinates":[139.4444301,35.7434383]}},
{"type":"Feature","properties":{"name":"協和こども広場"},"geometry":{"type":"Point","coordinates":[139.4307352,35.7386879]}},
{"type":"Feature","properties":{"name":"栄こども広場"},"geometry":{"type":"Point","coordinates":[139.4305181,35.7359581]}},
{"type":"Feature","properties":{"name":"桜が丘南公園"},"geometry":{"type":"Point","coordinates":[139.4192757,35.7351287]}},
{"type":"Feature","properties":{"name":"清水立野窪公園"},"geometry":{"type":"Point","coordinates":[139.4483746,35.7476386]}},
{"type":"Feature","properties":{"name":"清原中央公園"},"geometry":{"type":"Point","coordinates":[139.4482945,35.7435758]}},
{"type":"Feature","properties":{"name":"清原中央公園"},"geometry":{"type":"Point","coordinates":[139.4473295,35.743665]}},
{"type":"Feature","properties":{"name":"清原中央公園"},"geometry":{"type":"Point","coordinates":[139.4498327,35.7446465]}},
{"type":"Feature","properties":{"name":"からぼり緑道公園"},"geometry":{"type":"Point","coordinates":[139.4247386,35.7486077]}},
{"type":"Feature","properties":{"name":"からぼり緑道公園"},"geometry":{"type":"Point","coordinates":[139.4307613,35.7497923]}},
{"type":"Feature","properties":{"name":"からぼり緑道公園"},"geometry":{"type":"Point","coordinates":[139.4320346,35.7487761]}},
{"type":"Feature","properties":{"name":"からぼり緑道公園"},"geometry":{"type":"Point","coordinates":[139.4291609,35.7487389]}},
{"type":"Feature","properties":{"name":"からぼり緑道公園"},"geometry":{"type":"Point","coordinates":[139.4279656,35.7480202]}},
{"type":"Feature","properties":{"name":"からぼり緑道公園"},"geometry":{"type":"Point","coordinates":[139.4264631,35.7479188]}},
{"type":"Feature","properties":{"name":"からぼり緑道公園"},"geometry":{"type":"Point","coordinates":[139.4237338,35.7483407]}},
{"type":"Feature","properties":{"name":"からぼり緑道公園"},"geometry":{"type":"Point","coordinates":[139.4296997,35.7498458]}},
{"type":"Feature","properties":{"name":"南町六丁目第１緑地"},"geometry":{"type":"Point","coordinates":[139.533235,35.724452]}},
{"type":"Feature","properties":{"name":"東町四丁目第３緑地"},"geometry":{"type":"Point","coordinates":[139.5682487,35.7413414]}},
{"type":"Feature","properties":{"name":"東町四丁目第４緑地"},"geometry":{"type":"Point","coordinates":[139.5682168,35.7409318]}},
{"type":"Feature","properties":{"name":"西原五丁目モミジバ公園"},"geometry":{"type":"Point","coordinates":[139.5336551,35.7394338]}},
{"type":"Feature","properties":{"name":"栄町三丁目第３緑地"},"geometry":{"type":"Point","coordinates":[139.552536,35.7542377]}},
{"type":"Feature","properties":{"name":"富士町六丁目第1公園"},"geometry":{"type":"Point","coordinates":[139.5579114,35.73172]}},
{"type":"Feature","properties":{"name":"芝久保五丁目第４公園"},"geometry":{"type":"Point","coordinates":[139.5250857,35.7327519]}},
{"type":"Feature","properties":{"name":"芝久保五丁目第５公園"},"geometry":{"type":"Point","coordinates":[139.5276836,35.7324015]}},
{"type":"Feature","properties":{"name":"向台四丁目第４公園"},"geometry":{"type":"Point","coordinates":[139.5334127,35.7192876]}},
{"type":"Feature","properties":{"name":"南町六丁目第２公園"},"geometry":{"type":"Point","coordinates":[139.5307745,35.7240103]}},
{"type":"Feature","properties":{"name":"ひばりが丘公園"},"geometry":{"type":"Point","coordinates":[139.543237,35.7519145]}},
{"type":"Feature","properties":{"name":"はなみずき公園"},"geometry":{"type":"Point","coordinates":[139.5404193,35.7478171]}},
{"type":"Feature","properties":{"name":"はなみずき公園"},"geometry":{"type":"Point","coordinates":[139.5411222,35.7486127]}},
{"type":"Feature","properties":{"name":"ひばりが丘北児童遊園"},"geometry":{"type":"Point","coordinates":[139.5497532,35.7522055]}},
{"type":"Feature","properties":{"name":"南入公園"},"geometry":{"type":"Point","coordinates":[139.5578843,35.7473663]}},
{"type":"Feature","properties":{"name":"栄町第１公園"},"geometry":{"type":"Point","coordinates":[139.5523303,35.7520828]}},
{"type":"Feature","properties":{"name":"下保谷第四児童遊園"},"geometry":{"type":"Point","coordinates":[139.5595923,35.7501399]}},
{"type":"Feature","properties":{"name":"下保谷第二児童遊園"},"geometry":{"type":"Point","coordinates":[139.5625495,35.7501908]}},
{"type":"Feature","properties":{"name":"下保谷第三ポケットパーク"},"geometry":{"type":"Point","coordinates":[139.5622516,35.7511448]}},
{"type":"Feature","properties":{"name":"下保谷第三児童遊園"},"geometry":{"type":"Point","coordinates":[139.5609697,35.7507686]}},
{"type":"Feature","properties":{"name":"下保谷五丁目緑地"},"geometry":{"type":"Point","coordinates":[139.5605595,35.751097]}},
{"type":"Feature","properties":{"name":"荒屋敷ポケットパーク"},"geometry":{"type":"Point","coordinates":[139.5660089,35.7511999]}},
{"type":"Feature","properties":{"name":"あらやしき公園"},"geometry":{"type":"Point","coordinates":[139.5669517,35.7502433]}},
{"type":"Feature","properties":{"name":"こまどり公園"},"geometry":{"type":"Point","coordinates":[139.5579238,35.7517797]}},
{"type":"Feature","properties":{"name":"下保谷第二ポケットパーク"},"geometry":{"type":"Point","coordinates":[139.5586435,35.7511001]}},
{"type":"Feature","properties":{"name":"下保谷第一ポケットパーク"},"geometry":{"type":"Point","coordinates":[139.5588675,35.751306]}},
{"type":"Feature","properties":{"name":"向台植物公園"},"geometry":{"type":"Point","coordinates":[139.5371661,35.7213461]}},
{"type":"Feature","properties":{"name":"向台三丁目第４公園"},"geometry":{"type":"Point","coordinates":[139.5380001,35.721166]}},
{"type":"Feature","properties":{"name":"向台こもれび公園"},"geometry":{"type":"Point","coordinates":[139.5389423,35.7200295]}},
{"type":"Feature","properties":{"name":"向台三丁目第１緑地"},"geometry":{"type":"Point","coordinates":[139.5384299,35.7207903]}},
{"type":"Feature","properties":{"name":"向台三丁目第２公園"},"geometry":{"type":"Point","coordinates":[139.5368174,35.7208542]}},
{"type":"Feature","properties":{"name":"向台三丁目第３公園"},"geometry":{"type":"Point","coordinates":[139.5366965,35.7192318]}},
{"type":"Feature","properties":{"name":"向台三丁目第１公園"},"geometry":{"type":"Point","coordinates":[139.5374132,35.7175796]}},
{"type":"Feature","properties":{"name":"向台四丁目第１公園"},"geometry":{"type":"Point","coordinates":[139.5329105,35.7196785]}},
{"type":"Feature","properties":{"name":"向台四丁目第３公園"},"geometry":{"type":"Point","coordinates":[139.5353661,35.7203586]}},
{"type":"Feature","properties":{"name":"向台四丁目第２公園"},"geometry":{"type":"Point","coordinates":[139.535657,35.719917]}},
{"type":"Feature","properties":{"name":"向台二丁目第５公園"},"geometry":{"type":"Point","coordinates":[139.5419598,35.7192356]}},
{"type":"Feature","properties":{"name":"向台二丁目第４公園"},"geometry":{"type":"Point","coordinates":[139.5419255,35.7182723]}},
{"type":"Feature","properties":{"name":"向台二丁目第３公園"},"geometry":{"type":"Point","coordinates":[139.540301,35.7172642]}},
{"type":"Feature","properties":{"name":"向台二丁目第１公園"},"geometry":{"type":"Point","coordinates":[139.5416416,35.7215047]}},
{"type":"Feature","properties":{"name":"向台二丁目第２公園"},"geometry":{"type":"Point","coordinates":[139.5404124,35.7214264]}},
{"type":"Feature","properties":{"name":"向台六丁目第１公園"},"geometry":{"type":"Point","coordinates":[139.526169,35.7196449]}},
{"type":"Feature","properties":{"name":"向台第四児童遊園"},"geometry":{"type":"Point","coordinates":[139.5257282,35.7223471]}},
{"type":"Feature","properties":{"name":"向台六丁目第２公園"},"geometry":{"type":"Point","coordinates":[139.52795,35.7205287]}},
{"type":"Feature","properties":{"name":"芝久保一丁目第４公園"},"geometry":{"type":"Point","coordinates":[139.5267249,35.7226924]}},
{"type":"Feature","properties":{"name":"芝久保一丁目第３公園"},"geometry":{"type":"Point","coordinates":[139.528637,35.7229179]}},
{"type":"Feature","properties":{"name":"芝久保第五児童遊園"},"geometry":{"type":"Point","coordinates":[139.5240023,35.7227852]}},
{"type":"Feature","properties":{"name":"芝久保一丁目第２公園"},"geometry":{"type":"Point","coordinates":[139.5228879,35.7251794]}},
{"type":"Feature","properties":{"name":"芝久保一丁目第１公園"},"geometry":{"type":"Point","coordinates":[139.525943,35.7252884]}},
{"type":"Feature","properties":{"name":"芝久保一丁目第１緑地"},"geometry":{"type":"Point","coordinates":[139.5295625,35.7261608]}},
{"type":"Feature","properties":{"name":"芝久保五丁目第２公園"},"geometry":{"type":"Point","coordinates":[139.5267777,35.7327855]}},
{"type":"Feature","properties":{"name":"芝久保五丁目第１公園"},"geometry":{"type":"Point","coordinates":[139.5268456,35.7341591]}},
{"type":"Feature","properties":{"name":"芝久保四丁目第１公園"},"geometry":{"type":"Point","coordinates":[139.5221249,35.7322422]}},
{"type":"Feature","properties":{"name":"芝久保四丁目第２公園"},"geometry":{"type":"Point","coordinates":[139.5215533,35.7311396]}},
{"type":"Feature","properties":{"name":"芝久保四丁目第３公園"},"geometry":{"type":"Point","coordinates":[139.5230997,35.7306516]}},
{"type":"Feature","properties":{"name":"芝久保四丁目第４公園"},"geometry":{"type":"Point","coordinates":[139.5248027,35.7302049]}},
{"type":"Feature","properties":{"name":"芝久保第四児童遊園"},"geometry":{"type":"Point","coordinates":[139.5259121,35.7306956]}},
{"type":"Feature","properties":{"name":"芝久保二丁目第１公園"},"geometry":{"type":"Point","coordinates":[139.5278891,35.7262044]}},
{"type":"Feature","properties":{"name":"住吉くすのき公園"},"geometry":{"type":"Point","coordinates":[139.5484208,35.7404976]}},
{"type":"Feature","properties":{"name":"住吉森林公園"},"geometry":{"type":"Point","coordinates":[139.5481214,35.7479357]}},
{"type":"Feature","properties":{"name":"住吉第一ポケットパーク"},"geometry":{"type":"Point","coordinates":[139.5485582,35.7468066]}},
{"type":"Feature","properties":{"name":"住吉第二ポケットパーク"},"geometry":{"type":"Point","coordinates":[139.5486453,35.7469615]}},
{"type":"Feature","properties":{"name":"住吉町第一児童遊園"},"geometry":{"type":"Point","coordinates":[139.5475814,35.7462213]}},
{"type":"Feature","properties":{"name":"やなぎばし公園"},"geometry":{"type":"Point","coordinates":[139.5448363,35.7162573]}},
{"type":"Feature","properties":{"name":"新町第二児童遊園"},"geometry":{"type":"Point","coordinates":[139.5367636,35.7150112]}},
{"type":"Feature","properties":{"name":"新町児童遊園"},"geometry":{"type":"Point","coordinates":[139.53611,35.7142408]}},
{"type":"Feature","properties":{"name":"新町緑道公園"},"geometry":{"type":"Point","coordinates":[139.5371572,35.7152037]}},
{"type":"Feature","properties":{"name":"新町第一公園"},"geometry":{"type":"Point","coordinates":[139.5297381,35.7136733]}},
{"type":"Feature","properties":{"name":"西原五丁目第２公園"},"geometry":{"type":"Point","coordinates":[139.534231,35.7387846]}},
{"type":"Feature","properties":{"name":"西原五丁目第１公園"},"geometry":{"type":"Point","coordinates":[139.5325566,35.7398219]}},
{"type":"Feature","properties":{"name":"西原三丁目第１公園"},"geometry":{"type":"Point","coordinates":[139.5303563,35.7347515]}},
{"type":"Feature","properties":{"name":"西原四丁目第２公園"},"geometry":{"type":"Point","coordinates":[139.5281088,35.738704]}},
{"type":"Feature","properties":{"name":"西原四丁目第１公園"},"geometry":{"type":"Point","coordinates":[139.5277863,35.7371562]}},
{"type":"Feature","properties":{"name":"西原四丁目第１緑地"},"geometry":{"type":"Point","coordinates":[139.5287221,35.7385437]}},
{"type":"Feature","properties":{"name":"西原第一児童遊園"},"geometry":{"type":"Point","coordinates":[139.5310915,35.7390181]}},
{"type":"Feature","properties":{"name":"西原二丁目第１公園"},"geometry":{"type":"Point","coordinates":[139.5348228,35.7345943]}},
{"type":"Feature","properties":{"name":"ひばりが丘二丁目第１緑地"},"geometry":{"type":"Point","coordinates":[139.5388242,35.7466078]}},
{"type":"Feature","properties":{"name":"ひばりが丘北一丁目第１緑地"},"geometry":{"type":"Point","coordinates":[139.5506987,35.7499527]}},
{"type":"Feature","properties":{"name":"ひばりが丘北一丁目第３緑地"},"geometry":{"type":"Point","coordinates":[139.550889,35.7504148]}},
{"type":"Feature","properties":{"name":"ひばりが丘北一丁目第２緑地"},"geometry":{"type":"Point","coordinates":[139.5504278,35.7527311]}},
{"type":"Feature","properties":{"name":"ひばりが丘北三丁目第１公園"},"geometry":{"type":"Point","coordinates":[139.5472708,35.7515573]}},
{"type":"Feature","properties":{"name":"栄町三丁目第２緑地"},"geometry":{"type":"Point","coordinates":[139.555107,35.752234]}},
{"type":"Feature","properties":{"name":"栄町三丁目第１緑地"},"geometry":{"type":"Point","coordinates":[139.5543621,35.7544566]}},
{"type":"Feature","properties":{"name":"栄町二丁目もりかぜ公園"},"geometry":{"type":"Point","coordinates":[139.5534261,35.7507076]}},
{"type":"Feature","properties":{"name":"栄町二丁目第１緑地"},"geometry":{"type":"Point","coordinates":[139.5512807,35.7517342]}},
{"type":"Feature","properties":{"name":"下保谷五丁目第２緑地"},"geometry":{"type":"Point","coordinates":[139.5635331,35.7500686]}},
{"type":"Feature","properties":{"name":"下保谷三丁目もみじ緑地"},"geometry":{"type":"Point","coordinates":[139.5671853,35.7516772]}},
{"type":"Feature","properties":{"name":"下保谷四丁目ふれあい緑地"},"geometry":{"type":"Point","coordinates":[139.5667261,35.7510543]}},
{"type":"Feature","properties":{"name":"向台二丁目第２緑地"},"geometry":{"type":"Point","coordinates":[139.5405979,35.7179753]}},
{"type":"Feature","properties":{"name":"向台六丁目第１緑地"},"geometry":{"type":"Point","coordinates":[139.5265727,35.7215557]}},
{"type":"Feature","properties":{"name":"向台一丁目やまぼうし緑地"},"geometry":{"type":"Point","coordinates":[139.5445293,35.7212202]}},
{"type":"Feature","properties":{"name":"向台五丁目すだじい緑地"},"geometry":{"type":"Point","coordinates":[139.5322721,35.7225625]}},
{"type":"Feature","properties":{"name":"向台五丁目おおでまり緑地"},"geometry":{"type":"Point","coordinates":[139.5321781,35.7220145]}},
{"type":"Feature","properties":{"name":"向台五丁目第１公園"},"geometry":{"type":"Point","coordinates":[139.5296373,35.719269]}},
{"type":"Feature","properties":{"name":"おおぞら北公園"},"geometry":{"type":"Point","coordinates":[139.5349001,35.7186585]}},
{"type":"Feature","properties":{"name":"向台四丁目ひだまり公園"},"geometry":{"type":"Point","coordinates":[139.5324529,35.718782]}},
{"type":"Feature","properties":{"name":"向台四丁目あおはだ緑地"},"geometry":{"type":"Point","coordinates":[139.5324196,35.7202333]}},
{"type":"Feature","properties":{"name":"向台四丁目第１緑地"},"geometry":{"type":"Point","coordinates":[139.5337237,35.7192423]}},
{"type":"Feature","properties":{"name":"向台四丁目第２緑地"},"geometry":{"type":"Point","coordinates":[139.5343472,35.7197028]}},
{"type":"Feature","properties":{"name":"向台二丁目第１緑地"},"geometry":{"type":"Point","coordinates":[139.5389338,35.7166807]}},
{"type":"Feature","properties":{"name":"芝久保三丁目しゃらのき緑地"},"geometry":{"type":"Point","coordinates":[139.5237,35.7280895]}},
{"type":"Feature","properties":{"name":"芝久保四丁目第２緑地"},"geometry":{"type":"Point","coordinates":[139.5232549,35.7306103]}},
{"type":"Feature","properties":{"name":"芝久保四丁目はなみずき緑地"},"geometry":{"type":"Point","coordinates":[139.5258151,35.7318008]}},
{"type":"Feature","properties":{"name":"芝久保五丁目第３公園"},"geometry":{"type":"Point","coordinates":[139.5214251,35.7341268]}},
{"type":"Feature","properties":{"name":"芝久保一丁目やすらぎ緑地"},"geometry":{"type":"Point","coordinates":[139.5297089,35.7241979]}},
{"type":"Feature","properties":{"name":"芝久保五丁目第１緑地"},"geometry":{"type":"Point","coordinates":[139.5283598,35.7312607]}},
{"type":"Feature","properties":{"name":"芝久保四丁目第１緑地"},"geometry":{"type":"Point","coordinates":[139.5219584,35.7311561]}},
{"type":"Feature","properties":{"name":"芝久保二丁目第1緑地"},"geometry":{"type":"Point","coordinates":[139.5278928,35.7264738]}},
{"type":"Feature","properties":{"name":"住吉町三丁目ひばり緑地"},"geometry":{"type":"Point","coordinates":[139.547931,35.7504476]}},
{"type":"Feature","properties":{"name":"住吉町一丁目第１緑地"},"geometry":{"type":"Point","coordinates":[139.5478624,35.7440308]}},
{"type":"Feature","properties":{"name":"住吉町三丁目第１緑地"},"geometry":{"type":"Point","coordinates":[139.5471771,35.7490932]}},
{"type":"Feature","properties":{"name":"新町五丁目くりの木公園"},"geometry":{"type":"Point","coordinates":[139.5343935,35.7139748]}},
{"type":"Feature","properties":{"name":"新町六丁目第２公園"},"geometry":{"type":"Point","coordinates":[139.5321641,35.7136647]}},
{"type":"Feature","properties":{"name":"新町六丁目第１公園"},"geometry":{"type":"Point","coordinates":[139.5312516,35.7162795]}},
{"type":"Feature","properties":{"name":"西原二丁目第1緑地"},"geometry":{"type":"Point","coordinates":[139.5340879,35.7356039]}},
{"type":"Feature","properties":{"name":"西原二丁目すずかぜ公園"},"geometry":{"type":"Point","coordinates":[139.5361831,35.7352741]}},
{"type":"Feature","properties":{"name":"泉町三丁目第１緑地"},"geometry":{"type":"Point","coordinates":[139.5551253,35.7404625]}},
{"type":"Feature","properties":{"name":"泉町三丁目第２緑地"},"geometry":{"type":"Point","coordinates":[139.5526568,35.739703]}},
{"type":"Feature","properties":{"name":"中町三丁目第１公園"},"geometry":{"type":"Point","coordinates":[139.5615586,35.7407946]}},
{"type":"Feature","properties":{"name":"中町五丁目第１緑地"},"geometry":{"type":"Point","coordinates":[139.5608476,35.7368638]}},
{"type":"Feature","properties":{"name":"中町五丁目第２緑地"},"geometry":{"type":"Point","coordinates":[139.5622027,35.7366737]}},
{"type":"Feature","properties":{"name":"中町四丁目第１公園"},"geometry":{"type":"Point","coordinates":[139.5646526,35.736352]}},
{"type":"Feature","properties":{"name":"東町四丁目第２緑地"},"geometry":{"type":"Point","coordinates":[139.566354,35.7418925]}},
{"type":"Feature","properties":{"name":"東町二丁目第１緑地"},"geometry":{"type":"Point","coordinates":[139.5604581,35.7467557]}},
{"type":"Feature","properties":{"name":"南町二丁目第１緑地"},"geometry":{"type":"Point","coordinates":[139.5489971,35.722725]}},
{"type":"Feature","properties":{"name":"南町四丁目こぶし緑地"},"geometry":{"type":"Point","coordinates":[139.5418328,35.7237749]}},
{"type":"Feature","properties":{"name":"南町二丁目わかば緑地"},"geometry":{"type":"Point","coordinates":[139.5488566,35.7219077]}},
{"type":"Feature","properties":{"name":"富士町四丁目第１緑地"},"geometry":{"type":"Point","coordinates":[139.5623953,35.731143]}},
{"type":"Feature","properties":{"name":"富士町一丁目第１緑地"},"geometry":{"type":"Point","coordinates":[139.5583421,35.7349944]}},
{"type":"Feature","properties":{"name":"富士町五丁目第１緑地"},"geometry":{"type":"Point","coordinates":[139.5604471,35.7292261]}},
{"type":"Feature","properties":{"name":"富士町二丁目第２緑地"},"geometry":{"type":"Point","coordinates":[139.5666667,35.7344406]}},
{"type":"Feature","properties":{"name":"富士町二丁目第３緑地"},"geometry":{"type":"Point","coordinates":[139.5666207,35.7342335]}},
{"type":"Feature","properties":{"name":"富士町二丁目第1緑地"},"geometry":{"type":"Point","coordinates":[139.5629049,35.7340548]}},
{"type":"Feature","properties":{"name":"保谷町ローズガーデン緑地"},"geometry":{"type":"Point","coordinates":[139.5473342,35.7356741]}},
{"type":"Feature","properties":{"name":"保谷四丁目第１公園"},"geometry":{"type":"Point","coordinates":[139.5486121,35.730718]}},
{"type":"Feature","properties":{"name":"北原三丁目けやき公園"},"geometry":{"type":"Point","coordinates":[139.5424392,35.7343674]}},
{"type":"Feature","properties":{"name":"北町一丁目第１緑地"},"geometry":{"type":"Point","coordinates":[139.5578702,35.7530871]}},
{"type":"Feature","properties":{"name":"北町三丁目第１緑地"},"geometry":{"type":"Point","coordinates":[139.559978,35.7566576]}},
{"type":"Feature","properties":{"name":"北町四丁目さくらの花公園"},"geometry":{"type":"Point","coordinates":[139.5644241,35.7592332]}},
{"type":"Feature","properties":{"name":"北町二丁目第２緑地"},"geometry":{"type":"Point","coordinates":[139.5580664,35.7550802]}},
{"type":"Feature","properties":{"name":"北町二丁目第３緑地"},"geometry":{"type":"Point","coordinates":[139.555362,35.7564749]}},
{"type":"Feature","properties":{"name":"北町二丁目第１緑地"},"geometry":{"type":"Point","coordinates":[139.5547903,35.7547101]}},
{"type":"Feature","properties":{"name":"柳沢五丁目第１公園"},"geometry":{"type":"Point","coordinates":[139.5501111,35.7218782]}},
{"type":"Feature","properties":{"name":"緑町二丁目けやき公園"},"geometry":{"type":"Point","coordinates":[139.5373454,35.7406119]}},
{"type":"Feature","properties":{"name":"緑町一丁目第１緑地"},"geometry":{"type":"Point","coordinates":[139.5384444,35.7335765]}},
{"type":"Feature","properties":{"name":"緑町一丁目第２緑地"},"geometry":{"type":"Point","coordinates":[139.540273,35.7333901]}},
{"type":"Feature","properties":{"name":"緑町二丁目第２緑地"},"geometry":{"type":"Point","coordinates":[139.5350363,35.7388082]}},
{"type":"Feature","properties":{"name":"泉町上宿公園"},"geometry":{"type":"Point","coordinates":[139.5479282,35.7368898]}},
{"type":"Feature","properties":{"name":"泉町第一児童遊園"},"geometry":{"type":"Point","coordinates":[139.5478832,35.7383587]}},
{"type":"Feature","properties":{"name":"泉町第二児童遊園"},"geometry":{"type":"Point","coordinates":[139.5521245,35.7388959]}},
{"type":"Feature","properties":{"name":"谷戸第四児童遊園"},"geometry":{"type":"Point","coordinates":[139.5447885,35.7393654]}},
{"type":"Feature","properties":{"name":"谷戸一丁目第１公園"},"geometry":{"type":"Point","coordinates":[139.5465719,35.7413471]}},
{"type":"Feature","properties":{"name":"谷戸一丁目第２公園"},"geometry":{"type":"Point","coordinates":[139.5434386,35.7440743]}},
{"type":"Feature","properties":{"name":"谷戸三丁目第１公園"},"geometry":{"type":"Point","coordinates":[139.5456867,35.7466755]}},
{"type":"Feature","properties":{"name":"谷戸三丁目第２緑地"},"geometry":{"type":"Point","coordinates":[139.5454761,35.7467841]}},
{"type":"Feature","properties":{"name":"谷戸三丁目第１緑地"},"geometry":{"type":"Point","coordinates":[139.5455912,35.7446395]}},
{"type":"Feature","properties":{"name":"谷戸三丁目第３緑地"},"geometry":{"type":"Point","coordinates":[139.5447189,35.7483552]}},
{"type":"Feature","properties":{"name":"谷戸ゲートパーク"},"geometry":{"type":"Point","coordinates":[139.5407685,35.7438798]}},
{"type":"Feature","properties":{"name":"谷戸二丁目第１公園"},"geometry":{"type":"Point","coordinates":[139.5416167,35.7454799]}},
{"type":"Feature","properties":{"name":"北原交差点緑地"},"geometry":{"type":"Point","coordinates":[139.542194,35.7316115]}},
{"type":"Feature","properties":{"name":"田無四丁目第１緑地"},"geometry":{"type":"Point","coordinates":[139.5348587,35.7280786]}},
{"type":"Feature","properties":{"name":"田無四丁目第２緑地"},"geometry":{"type":"Point","coordinates":[139.5346568,35.7272489]}},
{"type":"Feature","properties":{"name":"田無四丁目第３公園"},"geometry":{"type":"Point","coordinates":[139.5345363,35.7270031]}},
{"type":"Feature","properties":{"name":"田無四丁目第４公園"},"geometry":{"type":"Point","coordinates":[139.5352239,35.7280351]}},
{"type":"Feature","properties":{"name":"田無四丁目第１公園"},"geometry":{"type":"Point","coordinates":[139.537206,35.729717]}},
{"type":"Feature","properties":{"name":"田無四丁目第２公園"},"geometry":{"type":"Point","coordinates":[139.5377713,35.7295913]}},
{"type":"Feature","properties":{"name":"田無七丁目第２公園"},"geometry":{"type":"Point","coordinates":[139.5358528,35.7320449]}},
{"type":"Feature","properties":{"name":"田無七丁目第１公園"},"geometry":{"type":"Point","coordinates":[139.5314897,35.7305807]}},
{"type":"Feature","properties":{"name":"中西台公園"},"geometry":{"type":"Point","coordinates":[139.5680477,35.7383425]}},
{"type":"Feature","properties":{"name":"天神山公園"},"geometry":{"type":"Point","coordinates":[139.568021,35.7379274]}},
{"type":"Feature","properties":{"name":"けやき台児童遊園"},"geometry":{"type":"Point","coordinates":[139.5648126,35.7450352]}},
{"type":"Feature","properties":{"name":"東町四丁目緑地"},"geometry":{"type":"Point","coordinates":[139.5675766,35.7438471]}},
{"type":"Feature","properties":{"name":"東町四丁目児童遊園"},"geometry":{"type":"Point","coordinates":[139.5665233,35.7441763]}},
{"type":"Feature","properties":{"name":"みどり児童遊園"},"geometry":{"type":"Point","coordinates":[139.5647943,35.7418743]}},
{"type":"Feature","properties":{"name":"下野谷公園"},"geometry":{"type":"Point","coordinates":[139.5638553,35.7240758]}},
{"type":"Feature","properties":{"name":"下野谷広場"},"geometry":{"type":"Point","coordinates":[139.5629017,35.7245437]}},
{"type":"Feature","properties":{"name":"東伏見緑道公園"},"geometry":{"type":"Point","coordinates":[139.5588099,35.7266148]}},
{"type":"Feature","properties":{"name":"東伏見緑道公園"},"geometry":{"type":"Point","coordinates":[139.5586492,35.7269006]}},
{"type":"Feature","properties":{"name":"東伏見緑道公園"},"geometry":{"type":"Point","coordinates":[139.5596864,35.7275729]}},
{"type":"Feature","properties":{"name":"南町一丁目第１公園"},"geometry":{"type":"Point","coordinates":[139.545428,35.7272966]}},
{"type":"Feature","properties":{"name":"柳沢児童広場"},"geometry":{"type":"Point","coordinates":[139.5461899,35.7276794]}},
{"type":"Feature","properties":{"name":"南町第二児童遊園"},"geometry":{"type":"Point","coordinates":[139.546415,35.7272421]}},
{"type":"Feature","properties":{"name":"南町三丁目第１緑地"},"geometry":{"type":"Point","coordinates":[139.5436643,35.7243239]}},
{"type":"Feature","properties":{"name":"南町三丁目第１公園"},"geometry":{"type":"Point","coordinates":[139.5422392,35.7247847]}},
{"type":"Feature","properties":{"name":"南町三丁目第２緑地"},"geometry":{"type":"Point","coordinates":[139.5425137,35.724583]}},
{"type":"Feature","properties":{"name":"南町第四児童遊園"},"geometry":{"type":"Point","coordinates":[139.5390197,35.7244649]}},
{"type":"Feature","properties":{"name":"南町児童広場"},"geometry":{"type":"Point","coordinates":[139.5394974,35.7249321]}},
{"type":"Feature","properties":{"name":"南町第一児童遊園"},"geometry":{"type":"Point","coordinates":[139.5464918,35.7253745]}},
{"type":"Feature","properties":{"name":"南町六丁目第１公園"},"geometry":{"type":"Point","coordinates":[139.5322602,35.7258442]}},
{"type":"Feature","properties":{"name":"さくら公園"},"geometry":{"type":"Point","coordinates":[139.5601973,35.7348135]}},
{"type":"Feature","properties":{"name":"ふじ児童遊園"},"geometry":{"type":"Point","coordinates":[139.5623331,35.7345697]}},
{"type":"Feature","properties":{"name":"関道児童遊園"},"geometry":{"type":"Point","coordinates":[139.5592987,35.7352185]}},
{"type":"Feature","properties":{"name":"富士町第三児童遊園"},"geometry":{"type":"Point","coordinates":[139.5616395,35.7298718]}},
{"type":"Feature","properties":{"name":"富士町二丁目児童遊園"},"geometry":{"type":"Point","coordinates":[139.5630551,35.7349105]}},
{"type":"Feature","properties":{"name":"平松公園"},"geometry":{"type":"Point","coordinates":[139.5537784,35.7341719]}},
{"type":"Feature","properties":{"name":"さくら児童遊園"},"geometry":{"type":"Point","coordinates":[139.5566258,35.7343054]}},
{"type":"Feature","properties":{"name":"えのき児童遊園"},"geometry":{"type":"Point","coordinates":[139.5500091,35.7360488]}},
{"type":"Feature","properties":{"name":"保谷五丁目緑地"},"geometry":{"type":"Point","coordinates":[139.5505043,35.7344373]}},
{"type":"Feature","properties":{"name":"保谷五丁目緑地"},"geometry":{"type":"Point","coordinates":[139.5505884,35.7345584]}},
{"type":"Feature","properties":{"name":"保谷第三児童遊園"},"geometry":{"type":"Point","coordinates":[139.5529298,35.7303747]}},
{"type":"Feature","properties":{"name":"保谷二丁目児童遊園"},"geometry":{"type":"Point","coordinates":[139.5550775,35.7293354]}},
{"type":"Feature","properties":{"name":"北原一丁目第１緑地"},"geometry":{"type":"Point","coordinates":[139.5429881,35.7324217]}},
{"type":"Feature","properties":{"name":"北原一丁目第１公園"},"geometry":{"type":"Point","coordinates":[139.5464879,35.7337526]}},
{"type":"Feature","properties":{"name":"北原一丁目第２公園"},"geometry":{"type":"Point","coordinates":[139.5458017,35.7356468]}},
{"type":"Feature","properties":{"name":"北原第二児童遊園"},"geometry":{"type":"Point","coordinates":[139.5424992,35.7379493]}},
{"type":"Feature","properties":{"name":"北原三丁目第１公園"},"geometry":{"type":"Point","coordinates":[139.5430378,35.7355424]}},
{"type":"Feature","properties":{"name":"北原二丁目第１公園"},"geometry":{"type":"Point","coordinates":[139.54522,35.7353328]}},
{"type":"Feature","properties":{"name":"北町ふれあい広場"},"geometry":{"type":"Point","coordinates":[139.5566389,35.7537849]}},
{"type":"Feature","properties":{"name":"北町五丁目児童遊園"},"geometry":{"type":"Point","coordinates":[139.5619138,35.7554242]}},
{"type":"Feature","properties":{"name":"北町第二児童遊園"},"geometry":{"type":"Point","coordinates":[139.5629734,35.7539587]}},
{"type":"Feature","properties":{"name":"北町第五公園"},"geometry":{"type":"Point","coordinates":[139.5593177,35.7574902]}},
{"type":"Feature","properties":{"name":"北町第一児童遊園"},"geometry":{"type":"Point","coordinates":[139.5581819,35.7557882]}},
{"type":"Feature","properties":{"name":"しじゅうから第二公園"},"geometry":{"type":"Point","coordinates":[139.5541628,35.7265495]}},
{"type":"Feature","properties":{"name":"しじゅうから公園"},"geometry":{"type":"Point","coordinates":[139.5539726,35.7275239]}},
{"type":"Feature","properties":{"name":"柳沢第一児童遊園"},"geometry":{"type":"Point","coordinates":[139.5496645,35.7229359]}},
{"type":"Feature","properties":{"name":"柳沢第二児童遊園"},"geometry":{"type":"Point","coordinates":[139.5501624,35.7234013]}},
{"type":"Feature","properties":{"name":"柳沢第三児童遊園"},"geometry":{"type":"Point","coordinates":[139.5503647,35.7264876]}},
{"type":"Feature","properties":{"name":"柳沢第５公園"},"geometry":{"type":"Point","coordinates":[139.5515808,35.7198924]}},
{"type":"Feature","properties":{"name":"ひょうたん島公園"},"geometry":{"type":"Point","coordinates":[139.5548762,35.7219144]}},
{"type":"Feature","properties":{"name":"かりん公園"},"geometry":{"type":"Point","coordinates":[139.5558495,35.7241762]}},
{"type":"Feature","properties":{"name":"むくのき公園"},"geometry":{"type":"Point","coordinates":[139.5562795,35.7232321]}},
{"type":"Feature","properties":{"name":"柳沢せせらぎ公園"},"geometry":{"type":"Point","coordinates":[139.5520568,35.7273505]}},
{"type":"Feature","properties":{"name":"緑町一丁目第１公園"},"geometry":{"type":"Point","coordinates":[139.5373996,35.7352199]}},
{"type":"Feature","properties":{"name":"緑町三丁目第１公園"},"geometry":{"type":"Point","coordinates":[139.540695,35.7420034]}},
{"type":"Feature","properties":{"name":"緑町二丁目第４公園"},"geometry":{"type":"Point","coordinates":[139.5341236,35.7400546]}},
{"type":"Feature","properties":{"name":"緑町二丁目第２公園"},"geometry":{"type":"Point","coordinates":[139.535692,35.7407664]}},
{"type":"Feature","properties":{"name":"緑町二丁目第１公園"},"geometry":{"type":"Point","coordinates":[139.5364116,35.7405913]}},
{"type":"Feature","properties":{"name":"緑町二丁目第３公園"},"geometry":{"type":"Point","coordinates":[139.5353759,35.7417451]}},
{"type":"Feature","properties":{"name":"緑町二丁目第１緑地"},"geometry":{"type":"Point","coordinates":[139.5341905,35.740265]}},
{"type":"Feature","properties":{"name":"緑町二丁目第５公園"},"geometry":{"type":"Point","coordinates":[139.5371864,35.7407906]}},
{"type":"Feature","properties":{"name":"向台運動場"},"geometry":{"type":"Point","coordinates":[139.5298445,35.7219303]}},
{"type":"Feature","properties":{"name":"芝久保運動場"},"geometry":{"type":"Point","coordinates":[139.5247296,35.7230975]}},
{"type":"Feature","properties":{"name":"ひばりが丘総合運動場"},"geometry":{"type":"Point","coordinates":[139.5378482,35.7451264]}},
{"type":"Feature","properties":{"name":"健康広場"},"geometry":{"type":"Point","coordinates":[139.5552335,35.7490346]}},
{"type":"Feature","properties":{"name":"南氷川遊園地"},"geometry":{"type":"Point","coordinates":[139.0943676,35.8063408]}},
{"type":"Feature","properties":{"name":"奥多摩町登計原山村広場運動公園"},"geometry":{"type":"Point","coordinates":[139.0935593,35.8030699]}},
{"type":"Feature","properties":{"name":"奥多摩町登計原山村広場運動公園"},"geometry":{"type":"Point","coordinates":[139.0950541,35.8031157]}},
{"type":"Feature","properties":{"name":"成城五丁目猪俣庭園"},"geometry":{"type":"Point","coordinates":[139.5948,35.6420709]}},
{"type":"Feature","properties":{"name":"東品川屋上庭園"},"geometry":{"type":"Point","coordinates":[139.7496231,35.616698]}},
{"type":"Feature","properties":{"name":"府中多摩川かぜのみち"},"geometry":{"type":"Point","coordinates":[139.4879381,35.6545069]}},
{"type":"Feature","properties":{"name":"府中多摩川かぜのみち"},"geometry":{"type":"Point","coordinates":[139.4357136,35.6662464]}},
{"type":"Feature","properties":{"name":"西町シラカシ公園"},"geometry":{"type":"Point","coordinates":[139.4316471,35.7167813]}},
{"type":"Feature","properties":{"name":"協定公園"},"geometry":{"type":"Point","coordinates":[139.7439775,35.6681577]}},
{"type":"Feature","properties":{"name":"西田金山特別緑地"},"geometry":{"type":"Point","coordinates":[139.4560907,35.5234935]}},
{"type":"Feature","properties":{"name":"西田金山特別緑地"},"geometry":{"type":"Point","coordinates":[139.4563387,35.5238938]}},
{"type":"Feature","properties":{"name":"山崎特別緑地"},"geometry":{"type":"Point","coordinates":[139.4274765,35.5754719]}},
{"type":"Feature","properties":{"name":"つくし野殿山特別緑地"},"geometry":{"type":"Point","coordinates":[139.4803283,35.530596]}},
{"type":"Feature","properties":{"name":"森野特別緑地"},"geometry":{"type":"Point","coordinates":[139.4352264,35.5507387]}},
{"type":"Feature","properties":{"name":"境川山根特別緑地"},"geometry":{"type":"Point","coordinates":[139.409167,35.5755954]}},
{"type":"Feature","properties":{"name":"成瀬かしの木山特別緑地"},"geometry":{"type":"Point","coordinates":[139.4695001,35.5510751]}},
{"type":"Feature","properties":{"name":"成瀬かしの木山特別緑地"},"geometry":{"type":"Point","coordinates":[139.4695932,35.5516779]}},
{"type":"Feature","properties":{"name":"成瀬かしの木山特別緑地"},"geometry":{"type":"Point","coordinates":[139.4681958,35.5519362]}},
{"type":"Feature","properties":{"name":"金森防災市民いこいの広場"},"geometry":{"type":"Point","coordinates":[139.4554368,35.5313963]}},
{"type":"Feature","properties":{"name":"木曽森野防災市民いこいの広場"},"geometry":{"type":"Point","coordinates":[139.4332247,35.5550452]}},
{"type":"Feature","properties":{"name":"原町田青空ひろば"},"geometry":{"type":"Point","coordinates":[139.449219,35.5373087]}},
{"type":"Feature","properties":{"name":"金森天神山緑地"},"geometry":{"type":"Point","coordinates":[139.4595788,35.5287102]}},
{"type":"Feature","properties":{"name":"みずき山緑地"},"geometry":{"type":"Point","coordinates":[139.4678845,35.5295861]}},
{"type":"Feature","properties":{"name":"本町田緑地"},"geometry":{"type":"Point","coordinates":[139.4421954,35.5593365]}},
{"type":"Feature","properties":{"name":"本町田緑地"},"geometry":{"type":"Point","coordinates":[139.4433063,35.559888]}},
{"type":"Feature","properties":{"name":"町田かたかごの森"},"geometry":{"type":"Point","coordinates":[139.4280008,35.5734509]}},
{"type":"Feature","properties":{"name":"野津田緑地"},"geometry":{"type":"Point","coordinates":[139.4384706,35.5880219]}},
{"type":"Feature","properties":{"name":"野津田緑地"},"geometry":{"type":"Point","coordinates":[139.4399662,35.5892728]}},
{"type":"Feature","properties":{"name":"鎌倉街道小野路宿緑地"},"geometry":{"type":"Point","coordinates":[139.4386158,35.5995421]}},
{"type":"Feature","properties":{"name":"鎌倉街道小野路宿緑地"},"geometry":{"type":"Point","coordinates":[139.4392142,35.5998489]}},
{"type":"Feature","properties":{"name":"鎌倉街道小野路宿緑地"},"geometry":{"type":"Point","coordinates":[139.4381011,35.6016922]}},
{"type":"Feature","properties":{"name":"鎌倉街道小野路宿緑地"},"geometry":{"type":"Point","coordinates":[139.4405899,35.6021183]}},
{"type":"Feature","properties":{"name":"鎌倉街道小野路宿緑地"},"geometry":{"type":"Point","coordinates":[139.4379916,35.6021156]}},
{"type":"Feature","properties":{"name":"鎌倉街道小野路宿緑地"},"geometry":{"type":"Point","coordinates":[139.4414194,35.6016254]}},
{"type":"Feature","properties":{"name":"鎌倉街道小野路宿緑地"},"geometry":{"type":"Point","coordinates":[139.4408915,35.6024586]}},
{"type":"Feature","properties":{"name":"鎌倉街道小野路宿緑地"},"geometry":{"type":"Point","coordinates":[139.44077,35.6031908]}},
{"type":"Feature","properties":{"name":"鎌倉街道小野路宿緑地"},"geometry":{"type":"Point","coordinates":[139.4402848,35.6035185]}},
{"type":"Feature","properties":{"name":"鎌倉街道小野路宿緑地"},"geometry":{"type":"Point","coordinates":[139.4405742,35.603519]}},
{"type":"Feature","properties":{"name":"鎌倉街道小野路宿緑地"},"geometry":{"type":"Point","coordinates":[139.4399878,35.6037238]}},
{"type":"Feature","properties":{"name":"鎌倉街道小野路宿緑地"},"geometry":{"type":"Point","coordinates":[139.4399764,35.6032605]}},
{"type":"Feature","properties":{"name":"鎌倉街道小野路宿緑地"},"geometry":{"type":"Point","coordinates":[139.4397364,35.6053977]}},
{"type":"Feature","properties":{"name":"三輪白坂緑地"},"geometry":{"type":"Point","coordinates":[139.4934895,35.5795694]}},
{"type":"Feature","properties":{"name":"本町田恩田川緑地"},"geometry":{"type":"Point","coordinates":[139.4492498,35.5615938]}},
{"type":"Feature","properties":{"name":"成瀬三ツ又緑地"},"geometry":{"type":"Point","coordinates":[139.4711508,35.5511735]}},
{"type":"Feature","properties":{"name":"成瀬奈良谷戸２号緑地"},"geometry":{"type":"Point","coordinates":[139.47941,35.5457601]}},
{"type":"Feature","properties":{"name":"境川森野緑地"},"geometry":{"type":"Point","coordinates":[139.4300246,35.549901]}},
{"type":"Feature","properties":{"name":"境川森野緑地"},"geometry":{"type":"Point","coordinates":[139.4295811,35.550099]}},
{"type":"Feature","properties":{"name":"境川森野緑地"},"geometry":{"type":"Point","coordinates":[139.4300045,35.5500632]}},
{"type":"Feature","properties":{"name":"境川森野緑地"},"geometry":{"type":"Point","coordinates":[139.4297944,35.5501961]}},
{"type":"Feature","properties":{"name":"本町田滝の沢緑地"},"geometry":{"type":"Point","coordinates":[139.4316893,35.5598604]}},
{"type":"Feature","properties":{"name":"相原松ヶ谷戸緑地"},"geometry":{"type":"Point","coordinates":[139.3204164,35.6082137]}},
{"type":"Feature","properties":{"name":"相原松ヶ谷戸緑地"},"geometry":{"type":"Point","coordinates":[139.3201969,35.6081131]}},
{"type":"Feature","properties":{"name":"相原松ヶ谷戸緑地"},"geometry":{"type":"Point","coordinates":[139.320086,35.608655]}},
{"type":"Feature","properties":{"name":"相原松ヶ谷戸緑地"},"geometry":{"type":"Point","coordinates":[139.3197355,35.6085685]}},
{"type":"Feature","properties":{"name":"広袴東緑地"},"geometry":{"type":"Point","coordinates":[139.4764979,35.594312]}},
{"type":"Feature","properties":{"name":"図師緑地"},"geometry":{"type":"Point","coordinates":[139.4243783,35.5841913]}},
{"type":"Feature","properties":{"name":"山崎横峰緑地"},"geometry":{"type":"Point","coordinates":[139.433423,35.573852]}},
{"type":"Feature","properties":{"name":"山崎横峰緑地"},"geometry":{"type":"Point","coordinates":[139.4319456,35.574154]}},
{"type":"Feature","properties":{"name":"山崎横峰緑地"},"geometry":{"type":"Point","coordinates":[139.4326927,35.5737462]}},
{"type":"Feature","properties":{"name":"鶴間前谷戸緑地"},"geometry":{"type":"Point","coordinates":[139.478746,35.503427]}},
{"type":"Feature","properties":{"name":"野津田２号緑地"},"geometry":{"type":"Point","coordinates":[139.4395699,35.5881435]}},
{"type":"Feature","properties":{"name":"図師馬駈３号緑地"},"geometry":{"type":"Point","coordinates":[139.4131618,35.5820605]}},
{"type":"Feature","properties":{"name":"図師馬駈２号緑地"},"geometry":{"type":"Point","coordinates":[139.411816,35.58243]}},
{"type":"Feature","properties":{"name":"図師馬駈１号緑地"},"geometry":{"type":"Point","coordinates":[139.4114142,35.5839636]}},
{"type":"Feature","properties":{"name":"原町田緑地"},"geometry":{"type":"Point","coordinates":[139.4547856,35.5426174]}},
{"type":"Feature","properties":{"name":"野津田公園北緑地"},"geometry":{"type":"Point","coordinates":[139.4393853,35.5954526]}},
{"type":"Feature","properties":{"name":"野津田公園北緑地"},"geometry":{"type":"Point","coordinates":[139.4391017,35.5953647]}},
{"type":"Feature","properties":{"name":"尾根緑道中央緑地"},"geometry":{"type":"Point","coordinates":[139.3965943,35.5888593]}},
{"type":"Feature","properties":{"name":"尾根緑道南緑地"},"geometry":{"type":"Point","coordinates":[139.4021554,35.5859506]}},
{"type":"Feature","properties":{"name":"尾根緑道南緑地"},"geometry":{"type":"Point","coordinates":[139.4006796,35.586106]}},
{"type":"Feature","properties":{"name":"金森峯山特別緑地"},"geometry":{"type":"Point","coordinates":[139.462146,35.5232474]}},
{"type":"Feature","properties":{"name":"金森峯山特別緑地"},"geometry":{"type":"Point","coordinates":[139.4617413,35.5234879]}},
{"type":"Feature","properties":{"name":"相原特別緑地"},"geometry":{"type":"Point","coordinates":[139.3310204,35.610684]}},
{"type":"Feature","properties":{"name":"相原特別緑地"},"geometry":{"type":"Point","coordinates":[139.3308681,35.6111043]}},
{"type":"Feature","properties":{"name":"相原特別緑地"},"geometry":{"type":"Point","coordinates":[139.3288486,35.6116911]}},
{"type":"Feature","properties":{"name":"相原特別緑地"},"geometry":{"type":"Point","coordinates":[139.327868,35.6116628]}},
{"type":"Feature","properties":{"name":"相原特別緑地"},"geometry":{"type":"Point","coordinates":[139.32627,35.6116739]}},
{"type":"Feature","properties":{"name":"相原特別緑地"},"geometry":{"type":"Point","coordinates":[139.3226564,35.6117588]}},
{"type":"Feature","properties":{"name":"相原特別緑地"},"geometry":{"type":"Point","coordinates":[139.3288277,35.6121781]}},
{"type":"Feature","properties":{"name":"相原特別緑地"},"geometry":{"type":"Point","coordinates":[139.3279918,35.6121178]}},
{"type":"Feature","properties":{"name":"相原特別緑地"},"geometry":{"type":"Point","coordinates":[139.3231674,35.6122706]}},
{"type":"Feature","properties":{"name":"相原特別緑地"},"geometry":{"type":"Point","coordinates":[139.32431,35.6124071]}},
{"type":"Feature","properties":{"name":"相原特別緑地"},"geometry":{"type":"Point","coordinates":[139.3277206,35.6130474]}},
{"type":"Feature","properties":{"name":"相原特別緑地"},"geometry":{"type":"Point","coordinates":[139.3218052,35.6130075]}},
{"type":"Feature","properties":{"name":"相原特別緑地"},"geometry":{"type":"Point","coordinates":[139.329612,35.6128797]}},
{"type":"Feature","properties":{"name":"相原特別緑地"},"geometry":{"type":"Point","coordinates":[139.3224761,35.6135584]}},
{"type":"Feature","properties":{"name":"相原特別緑地"},"geometry":{"type":"Point","coordinates":[139.322833,35.6138783]}},
{"type":"Feature","properties":{"name":"相原特別緑地"},"geometry":{"type":"Point","coordinates":[139.3225941,35.6138787]}},
{"type":"Feature","properties":{"name":"相原特別緑地"},"geometry":{"type":"Point","coordinates":[139.3228498,35.6145566]}},
{"type":"Feature","properties":{"name":"相原特別緑地"},"geometry":{"type":"Point","coordinates":[139.3313003,35.6144681]}},
{"type":"Feature","properties":{"name":"相原特別緑地"},"geometry":{"type":"Point","coordinates":[139.3242328,35.6144055]}},
{"type":"Feature","properties":{"name":"相原特別緑地"},"geometry":{"type":"Point","coordinates":[139.3302185,35.6149513]}},
{"type":"Feature","properties":{"name":"相原特別緑地"},"geometry":{"type":"Point","coordinates":[139.3270055,35.6136734]}},
{"type":"Feature","properties":{"name":"相原特別緑地"},"geometry":{"type":"Point","coordinates":[139.3256314,35.6134372]}},
{"type":"Feature","properties":{"name":"相原特別緑地"},"geometry":{"type":"Point","coordinates":[139.325378,35.6151626]}},
{"type":"Feature","properties":{"name":"相原特別緑地"},"geometry":{"type":"Point","coordinates":[139.328035,35.614625]}},
{"type":"Feature","properties":{"name":"相原特別緑地"},"geometry":{"type":"Point","coordinates":[139.3305647,35.6150573]}},
{"type":"Feature","properties":{"name":"相原特別緑地"},"geometry":{"type":"Point","coordinates":[139.3295615,35.6150449]}},
{"type":"Feature","properties":{"name":"広袴神明特別緑地"},"geometry":{"type":"Point","coordinates":[139.4783304,35.5956264]}},
{"type":"Feature","properties":{"name":"広袴神明特別緑地"},"geometry":{"type":"Point","coordinates":[139.4781383,35.5974776]}},
{"type":"Feature","properties":{"name":"３−Ｐ緑地"},"geometry":{"type":"Point","coordinates":[139.4793323,35.6234606]}},
{"type":"Feature","properties":{"name":"とんぼ池ちびっ子広場"},"geometry":{"type":"Point","coordinates":[139.5176902,35.6438837]}},
{"type":"Feature","properties":{"name":"坂浜天満神社ちびっ子広場"},"geometry":{"type":"Point","coordinates":[139.4866964,35.6234132]}},
{"type":"Feature","properties":{"name":"坂浜中央ちびっ子広場"},"geometry":{"type":"Point","coordinates":[139.4851574,35.6267521]}},
{"type":"Feature","properties":{"name":"なかよしちびっ子広場"},"geometry":{"type":"Point","coordinates":[139.494831,35.6101345]}},
{"type":"Feature","properties":{"name":"於部屋八幡宮遊び場"},"geometry":{"type":"Point","coordinates":[139.4798403,35.6249425]}},
{"type":"Feature","properties":{"name":"相原中央公園北緑地"},"geometry":{"type":"Point","coordinates":[139.319906,35.6133886]}},
{"type":"Feature","properties":{"name":"図師坂下緑地"},"geometry":{"type":"Point","coordinates":[139.4172196,35.5878963]}},
{"type":"Feature","properties":{"name":"図師坂下緑地"},"geometry":{"type":"Point","coordinates":[139.4171329,35.5886902]}},
{"type":"Feature","properties":{"name":"能ヶ谷西緑地"},"geometry":{"type":"Point","coordinates":[139.4801074,35.5922071]}},
{"type":"Feature","properties":{"name":"今井谷戸緑地"},"geometry":{"type":"Point","coordinates":[139.4453402,35.5706682]}},
{"type":"Feature","properties":{"name":"金井代官山緑地"},"geometry":{"type":"Point","coordinates":[139.4676441,35.5765525]}},
{"type":"Feature","properties":{"name":"金井代官山緑地"},"geometry":{"type":"Point","coordinates":[139.4679404,35.5769589]}},
{"type":"Feature","properties":{"name":"成瀬山１号緑地"},"geometry":{"type":"Point","coordinates":[139.4731136,35.5545689]}},
{"type":"Feature","properties":{"name":"金森山緑地"},"geometry":{"type":"Point","coordinates":[139.4526986,35.5342906]}},
{"type":"Feature","properties":{"name":"金森山緑地"},"geometry":{"type":"Point","coordinates":[139.4517867,35.5343128]}},
{"type":"Feature","properties":{"name":"図師南特別緑地"},"geometry":{"type":"Point","coordinates":[139.4261575,35.5802349]}},
{"type":"Feature","properties":{"name":"図師南特別緑地"},"geometry":{"type":"Point","coordinates":[139.4237305,35.5808636]}},
{"type":"Feature","properties":{"name":"青空ひろば"},"geometry":{"type":"Point","coordinates":[139.4655987,35.5358817]}},
{"type":"Feature","properties":{"name":"成瀬奈良谷戸１号緑地"},"geometry":{"type":"Point","coordinates":[139.479337,35.5462064]}},
{"type":"Feature","properties":{"name":"小山上沼緑地"},"geometry":{"type":"Point","coordinates":[139.3783003,35.5982149]}},
{"type":"Feature","properties":{"name":"桑田記念児童遊園"},"geometry":{"type":"Point","coordinates":[139.7301997,35.6685082]}},
{"type":"Feature","properties":{"name":"薬師池北ふるさとの森"},"geometry":{"type":"Point","coordinates":[139.444502,35.5803431]}},
{"type":"Feature","properties":{"name":"薬師池北ふるさとの森"},"geometry":{"type":"Point","coordinates":[139.4451169,35.5811717]}},
{"type":"Feature","properties":{"name":"薬師池北ふるさとの森"},"geometry":{"type":"Point","coordinates":[139.4439931,35.5814369]}},
{"type":"Feature","properties":{"name":"薬師池北ふるさとの森"},"geometry":{"type":"Point","coordinates":[139.4429975,35.5799318]}},
{"type":"Feature","properties":{"name":"薬師池北ふるさとの森"},"geometry":{"type":"Point","coordinates":[139.4444793,35.5790835]}},
{"type":"Feature","properties":{"name":"薬師池北ふるさとの森"},"geometry":{"type":"Point","coordinates":[139.4450237,35.5793211]}},
{"type":"Feature","properties":{"name":"薬師池北ふるさとの森"},"geometry":{"type":"Point","coordinates":[139.4439809,35.5822822]}},
{"type":"Feature","properties":{"name":"成瀬山吹特別緑地"},"geometry":{"type":"Point","coordinates":[139.4830303,35.5390155]}},
{"type":"Feature","properties":{"name":"成瀬山吹特別緑地"},"geometry":{"type":"Point","coordinates":[139.4814986,35.5396059]}},
{"type":"Feature","properties":{"name":"成瀬山吹特別緑地"},"geometry":{"type":"Point","coordinates":[139.4806536,35.5403404]}},
{"type":"Feature","properties":{"name":"成瀬山吹特別緑地"},"geometry":{"type":"Point","coordinates":[139.4802598,35.5414545]}},
{"type":"Feature","properties":{"name":"曳舟なごみ広場"},"geometry":{"type":"Point","coordinates":[139.8178267,35.7162247]}},
{"type":"Feature","properties":{"name":"ひいらぎ広場"},"geometry":{"type":"Point","coordinates":[139.822229,35.7202118]}},
{"type":"Feature","properties":{"name":"多摩川田園調布緑地"},"geometry":{"type":"Point","coordinates":[139.6599209,35.5911008]}},
{"type":"Feature","properties":{"name":"ひばり児童遊園"},"geometry":{"type":"Point","coordinates":[139.7088709,35.585747]}},
{"type":"Feature","properties":{"name":"旭児童遊園"},"geometry":{"type":"Point","coordinates":[139.7445059,35.5562648]}},
{"type":"Feature","properties":{"name":"史跡通りプレイロット（民間児童遊園）"},"geometry":{"type":"Point","coordinates":[139.4655804,35.696325]}},
{"type":"Feature","properties":{"name":"麹町こどもの広場"},"geometry":{"type":"Point","coordinates":[139.7335576,35.6850501]}},
{"type":"Feature","properties":{"name":"飯田橋こどもの広場"},"geometry":{"type":"Point","coordinates":[139.7458676,35.7024641]}},
{"type":"Feature","properties":{"name":"秋葉原駅東口広場"},"geometry":{"type":"Point","coordinates":[139.7750292,35.6981969]}},
{"type":"Feature","properties":{"name":"高浜運河沿緑地"},"geometry":{"type":"Point","coordinates":[139.7457664,35.6239074]}},
{"type":"Feature","properties":{"name":"高浜運河沿緑地"},"geometry":{"type":"Point","coordinates":[139.7475651,35.6242111]}},
{"type":"Feature","properties":{"name":"高浜運河沿緑地"},"geometry":{"type":"Point","coordinates":[139.746287,35.6267657]}},
{"type":"Feature","properties":{"name":"高浜運河沿緑地"},"geometry":{"type":"Point","coordinates":[139.74559,35.6269493]}},
{"type":"Feature","properties":{"name":"高浜運河沿緑地"},"geometry":{"type":"Point","coordinates":[139.746498,35.6303944]}},
{"type":"Feature","properties":{"name":"高浜運河沿緑地"},"geometry":{"type":"Point","coordinates":[139.7457942,35.6302858]}},
{"type":"Feature","properties":{"name":"高浜運河沿緑地"},"geometry":{"type":"Point","coordinates":[139.7476189,35.6337219]}},
{"type":"Feature","properties":{"name":"高浜運河沿緑地"},"geometry":{"type":"Point","coordinates":[139.7476722,35.6338282]}},
{"type":"Feature","properties":{"name":"高浜運河沿緑地"},"geometry":{"type":"Point","coordinates":[139.7473297,35.6332388]}},
{"type":"Feature","properties":{"name":"高浜運河沿緑地"},"geometry":{"type":"Point","coordinates":[139.7467629,35.6335808]}},
{"type":"Feature","properties":{"name":"高浜運河沿緑地"},"geometry":{"type":"Point","coordinates":[139.7475742,35.6352005]}},
{"type":"Feature","properties":{"name":"南浜町児童遊園"},"geometry":{"type":"Point","coordinates":[139.7537146,35.6470095]}},
{"type":"Feature","properties":{"name":"麻布台一丁目緑地"},"geometry":{"type":"Point","coordinates":[139.7392411,35.6630859]}},
{"type":"Feature","properties":{"name":"元麻布三丁目第二緑地"},"geometry":{"type":"Point","coordinates":[139.7307901,35.6561387]}},
{"type":"Feature","properties":{"name":"妙正寺川公園"},"geometry":{"type":"Point","coordinates":[139.6748521,35.7208649]}},
{"type":"Feature","properties":{"name":"須賀町遊び場"},"geometry":{"type":"Point","coordinates":[139.7223661,35.6871686]}},
{"type":"Feature","properties":{"name":"筑土八幡町遊び場"},"geometry":{"type":"Point","coordinates":[139.7408349,35.7038418]}},
{"type":"Feature","properties":{"name":"聖母病院脇遊び場"},"geometry":{"type":"Point","coordinates":[139.6936292,35.7197406]}},
{"type":"Feature","properties":{"name":"よつや運動広場"},"geometry":{"type":"Point","coordinates":[139.7296465,35.684486]}},
{"type":"Feature","properties":{"name":"宮田橋遊び場"},"geometry":{"type":"Point","coordinates":[139.7003222,35.7149132]}},
{"type":"Feature","properties":{"name":"中根岸児童遊園"},"geometry":{"type":"Point","coordinates":[139.7833565,35.7235971]}},
{"type":"Feature","properties":{"name":"根岸二丁目児童遊園"},"geometry":{"type":"Point","coordinates":[139.7749853,35.7250203]}},
{"type":"Feature","properties":{"name":"根岸二丁目児童遊園"},"geometry":{"type":"Point","coordinates":[139.7752233,35.7250259]}},
{"type":"Feature","properties":{"name":"三ノ輪児童遊園"},"geometry":{"type":"Point","coordinates":[139.7932596,35.7293973]}},
{"type":"Feature","properties":{"name":"小島児童遊園"},"geometry":{"type":"Point","coordinates":[139.7846146,35.7033051]}},
{"type":"Feature","properties":{"name":"三筋二丁目児童遊園"},"geometry":{"type":"Point","coordinates":[139.7870906,35.7059078]}},
{"type":"Feature","properties":{"name":"寿児童遊園"},"geometry":{"type":"Point","coordinates":[139.7930676,35.7072674]}},
{"type":"Feature","properties":{"name":"寿三丁目児童遊園"},"geometry":{"type":"Point","coordinates":[139.7919677,35.7078187]}},
{"type":"Feature","properties":{"name":"小島二丁目児童遊園"},"geometry":{"type":"Point","coordinates":[139.7822022,35.706742]}},
{"type":"Feature","properties":{"name":"黒門児童遊園"},"geometry":{"type":"Point","coordinates":[139.772225,35.7065769]}},
{"type":"Feature","properties":{"name":"左衛門町児童遊園"},"geometry":{"type":"Point","coordinates":[139.7828871,35.6968416]}},
{"type":"Feature","properties":{"name":"向柳原児童遊園"},"geometry":{"type":"Point","coordinates":[139.7844965,35.7003178]}},
{"type":"Feature","properties":{"name":"三筋児童遊園"},"geometry":{"type":"Point","coordinates":[139.7881229,35.7045723]}},
{"type":"Feature","properties":{"name":"竹町児童遊園"},"geometry":{"type":"Point","coordinates":[139.778546,35.7033361]}},
{"type":"Feature","properties":{"name":"谷中児童遊園"},"geometry":{"type":"Point","coordinates":[139.7646737,35.7293173]}},
{"type":"Feature","properties":{"name":"初音児童遊園"},"geometry":{"type":"Point","coordinates":[139.7654693,35.7256713]}},
{"type":"Feature","properties":{"name":"初音児童遊園"},"geometry":{"type":"Point","coordinates":[139.7652209,35.7257132]}},
{"type":"Feature","properties":{"name":"七倉児童遊園"},"geometry":{"type":"Point","coordinates":[139.7663113,35.7151306]}},
{"type":"Feature","properties":{"name":"池之端児童遊園"},"geometry":{"type":"Point","coordinates":[139.7675273,35.7155791]}},
{"type":"Feature","properties":{"name":"東上野児童遊園"},"geometry":{"type":"Point","coordinates":[139.7823342,35.7149738]}},
{"type":"Feature","properties":{"name":"清島児童遊園"},"geometry":{"type":"Point","coordinates":[139.7835734,35.7133833]}},
{"type":"Feature","properties":{"name":"清島児童遊園"},"geometry":{"type":"Point","coordinates":[139.7832102,35.7137441]}},
{"type":"Feature","properties":{"name":"北上野児童遊園"},"geometry":{"type":"Point","coordinates":[139.7827842,35.7159469]}},
{"type":"Feature","properties":{"name":"新坂本児童遊園"},"geometry":{"type":"Point","coordinates":[139.7845329,35.7178961]}},
{"type":"Feature","properties":{"name":"竜泉児童遊園"},"geometry":{"type":"Point","coordinates":[139.7906616,35.7237207]}},
{"type":"Feature","properties":{"name":"駒形公園"},"geometry":{"type":"Point","coordinates":[139.7966477,35.7089469]}},
{"type":"Feature","properties":{"name":"蔵前公園"},"geometry":{"type":"Point","coordinates":[139.7917883,35.7028036]}},
{"type":"Feature","properties":{"name":"広徳公園"},"geometry":{"type":"Point","coordinates":[139.7806928,35.7124829]}},
{"type":"Feature","properties":{"name":"社会教育研修所前ポケットパーク"},"geometry":{"type":"Point","coordinates":[139.7742847,35.7201962]}},
{"type":"Feature","properties":{"name":"社会教育研修所前ポケットパーク"},"geometry":{"type":"Point","coordinates":[139.7741615,35.7203576]}},
{"type":"Feature","properties":{"name":"合羽橋道具街脇ポケットパーク"},"geometry":{"type":"Point","coordinates":[139.7887441,35.714354]}},
{"type":"Feature","properties":{"name":"三ノ輪ポケットパーク"},"geometry":{"type":"Point","coordinates":[139.7934118,35.7291187]}},
{"type":"Feature","properties":{"name":"雷門中部ポケットパーク"},"geometry":{"type":"Point","coordinates":[139.7956549,35.7095301]}},
{"type":"Feature","properties":{"name":"池之端ポケットパーク"},"geometry":{"type":"Point","coordinates":[139.7691256,35.7093269]}},
{"type":"Feature","properties":{"name":"入谷南ポケットパーク"},"geometry":{"type":"Point","coordinates":[139.78534,35.717029]}},
{"type":"Feature","properties":{"name":"根岸三丁目ポケットパーク"},"geometry":{"type":"Point","coordinates":[139.7802854,35.7229671]}},
{"type":"Feature","properties":{"name":"根岸四丁目ポケットパーク"},"geometry":{"type":"Point","coordinates":[139.7841959,35.7250158]}},
{"type":"Feature","properties":{"name":"駒形橋ポケットパーク"},"geometry":{"type":"Point","coordinates":[139.7968437,35.7088661]}},
{"type":"Feature","properties":{"name":"谷中ほたるさわポケットパーク"},"geometry":{"type":"Point","coordinates":[139.7666692,35.727221]}},
{"type":"Feature","properties":{"name":"国立博物館横ポケットパーク"},"geometry":{"type":"Point","coordinates":[139.7772632,35.7177727]}},
{"type":"Feature","properties":{"name":"国立博物館横ポケットパーク"},"geometry":{"type":"Point","coordinates":[139.7775455,35.7179921]}},
{"type":"Feature","properties":{"name":"国立博物館横ポケットパーク"},"geometry":{"type":"Point","coordinates":[139.7781267,35.7193129]}},
{"type":"Feature","properties":{"name":"防災広場「根岸の里」"},"geometry":{"type":"Point","coordinates":[139.7815257,35.7236511]}},
{"type":"Feature","properties":{"name":"防災広場「初音の森」"},"geometry":{"type":"Point","coordinates":[139.7666015,35.7253047]}},
{"type":"Feature","properties":{"name":"芋坂児童遊園"},"geometry":{"type":"Point","coordinates":[139.7726751,35.7260133]}},
{"type":"Feature","properties":{"name":"芋坂児童遊園"},"geometry":{"type":"Point","coordinates":[139.772868,35.7258933]}},
{"type":"Feature","properties":{"name":"谷中霊園入口ポケットパーク"},"geometry":{"type":"Point","coordinates":[139.7702174,35.7229683]}},
{"type":"Feature","properties":{"name":"下五児童遊園"},"geometry":{"type":"Point","coordinates":[139.7030901,35.6260572]}},
{"type":"Feature","properties":{"name":"不動前児童遊園"},"geometry":{"type":"Point","coordinates":[139.7106915,35.6286866]}},
{"type":"Feature","properties":{"name":"下二児童遊園"},"geometry":{"type":"Point","coordinates":[139.7124066,35.6307669]}},
{"type":"Feature","properties":{"name":"下六児童遊園"},"geometry":{"type":"Point","coordinates":[139.6982603,35.6289473]}},
{"type":"Feature","properties":{"name":"柿の木坂西児童遊園"},"geometry":{"type":"Point","coordinates":[139.6758512,35.6227798]}},
{"type":"Feature","properties":{"name":"曽根児童遊園"},"geometry":{"type":"Point","coordinates":[139.672715,35.6282615]}},
{"type":"Feature","properties":{"name":"第二曽根児童遊園"},"geometry":{"type":"Point","coordinates":[139.672902,35.6276637]}},
{"type":"Feature","properties":{"name":"柿の木坂児童遊園"},"geometry":{"type":"Point","coordinates":[139.6732728,35.6256149]}},
{"type":"Feature","properties":{"name":"駒場児童遊園"},"geometry":{"type":"Point","coordinates":[139.6856803,35.6572062]}},
{"type":"Feature","properties":{"name":"原町児童遊園"},"geometry":{"type":"Point","coordinates":[139.6921449,35.6163353]}},
{"type":"Feature","properties":{"name":"五本木児童遊園"},"geometry":{"type":"Point","coordinates":[139.6914579,35.6392387]}},
{"type":"Feature","properties":{"name":"三田西児童遊園"},"geometry":{"type":"Point","coordinates":[139.7112435,35.6412433]}},
{"type":"Feature","properties":{"name":"茶屋坂児童遊園"},"geometry":{"type":"Point","coordinates":[139.7099524,35.6407604]}},
{"type":"Feature","properties":{"name":"烏森児童遊園"},"geometry":{"type":"Point","coordinates":[139.6931198,35.6454188]}},
{"type":"Feature","properties":{"name":"上四児童遊園"},"geometry":{"type":"Point","coordinates":[139.6911659,35.6422461]}},
{"type":"Feature","properties":{"name":"目黒銀座児童遊園"},"geometry":{"type":"Point","coordinates":[139.6976828,35.6427519]}},
{"type":"Feature","properties":{"name":"日向児童遊園"},"geometry":{"type":"Point","coordinates":[139.6988142,35.6473785]}},
{"type":"Feature","properties":{"name":"大坂上児童遊園"},"geometry":{"type":"Point","coordinates":[139.691099,35.6539312]}},
{"type":"Feature","properties":{"name":"洗足二丁目児童遊園"},"geometry":{"type":"Point","coordinates":[139.6951437,35.6088642]}},
{"type":"Feature","properties":{"name":"大岡山児童遊園"},"geometry":{"type":"Point","coordinates":[139.6834476,35.6105357]}},
{"type":"Feature","properties":{"name":"氷川台児童遊園"},"geometry":{"type":"Point","coordinates":[139.6886125,35.6530372]}},
{"type":"Feature","properties":{"name":"宮下児童遊園"},"geometry":{"type":"Point","coordinates":[139.6866528,35.6526874]}},
{"type":"Feature","properties":{"name":"三谷児童遊園"},"geometry":{"type":"Point","coordinates":[139.6831308,35.6296715]}},
{"type":"Feature","properties":{"name":"鷹番児童遊園"},"geometry":{"type":"Point","coordinates":[139.6884366,35.6289617]}},
{"type":"Feature","properties":{"name":"中央町一丁目児童遊園"},"geometry":{"type":"Point","coordinates":[139.6915153,35.6292375]}},
{"type":"Feature","properties":{"name":"唐ヶ崎児童遊園"},"geometry":{"type":"Point","coordinates":[139.6915113,35.6306247]}},
{"type":"Feature","properties":{"name":"五本木東児童遊園"},"geometry":{"type":"Point","coordinates":[139.6886736,35.6320351]}},
{"type":"Feature","properties":{"name":"油面住区センター児童遊園"},"geometry":{"type":"Point","coordinates":[139.6999934,35.631218]}},
{"type":"Feature","properties":{"name":"中目黒一丁目児童遊園"},"geometry":{"type":"Point","coordinates":[139.7031926,35.6455749]}},
{"type":"Feature","properties":{"name":"別所坂児童遊園"},"geometry":{"type":"Point","coordinates":[139.7045668,35.643273]}},
{"type":"Feature","properties":{"name":"小川児童遊園"},"geometry":{"type":"Point","coordinates":[139.6932448,35.6465687]}},
{"type":"Feature","properties":{"name":"東山児童遊園"},"geometry":{"type":"Point","coordinates":[139.6856038,35.649715]}},
{"type":"Feature","properties":{"name":"東山中児童遊園"},"geometry":{"type":"Point","coordinates":[139.6904908,35.647778]}},
{"type":"Feature","properties":{"name":"八雲児童遊園"},"geometry":{"type":"Point","coordinates":[139.6740856,35.6195231]}},
{"type":"Feature","properties":{"name":"宮前児童遊園"},"geometry":{"type":"Point","coordinates":[139.6664253,35.6163787]}},
{"type":"Feature","properties":{"name":"碑文谷五丁目児童遊園"},"geometry":{"type":"Point","coordinates":[139.6803899,35.6239582]}},
{"type":"Feature","properties":{"name":"桜森児童遊園"},"geometry":{"type":"Point","coordinates":[139.6787485,35.6164038]}},
{"type":"Feature","properties":{"name":"平町児童遊園"},"geometry":{"type":"Point","coordinates":[139.6821362,35.6133339]}},
{"type":"Feature","properties":{"name":"目黒東児童遊園"},"geometry":{"type":"Point","coordinates":[139.711383,35.6360471]}},
{"type":"Feature","properties":{"name":"清水東児童遊園"},"geometry":{"type":"Point","coordinates":[139.6957628,35.6264391]}},
{"type":"Feature","properties":{"name":"東原児童遊園"},"geometry":{"type":"Point","coordinates":[139.698622,35.6191286]}},
{"type":"Feature","properties":{"name":"東町南児童遊園"},"geometry":{"type":"Point","coordinates":[139.6986872,35.6169316]}},
{"type":"Feature","properties":{"name":"月光町児童遊園"},"geometry":{"type":"Point","coordinates":[139.697642,35.6233695]}},
{"type":"Feature","properties":{"name":"清水町児童遊園"},"geometry":{"type":"Point","coordinates":[139.6939747,35.6252746]}},
{"type":"Feature","properties":{"name":"向原おもだか児童遊園"},"geometry":{"type":"Point","coordinates":[139.6949535,35.6182406]}},
{"type":"Feature","properties":{"name":"向原町児童遊園"},"geometry":{"type":"Point","coordinates":[139.6970792,35.6209074]}},
{"type":"Feature","properties":{"name":"上目黒住区センター児童遊園"},"geometry":{"type":"Point","coordinates":[139.6934075,35.6371927]}},
{"type":"Feature","properties":{"name":"緑が丘児童遊園"},"geometry":{"type":"Point","coordinates":[139.6776228,35.6093043]}},
{"type":"Feature","properties":{"name":"緑が丘西児童遊園"},"geometry":{"type":"Point","coordinates":[139.671941,35.6120068]}},
{"type":"Feature","properties":{"name":"オーパス夢ひろば"},"geometry":{"type":"Point","coordinates":[139.6878161,35.6507712]}},
{"type":"Feature","properties":{"name":"目黒川船入場"},"geometry":{"type":"Point","coordinates":[139.7019322,35.6417481]}},
{"type":"Feature","properties":{"name":"ふれあい橋"},"geometry":{"type":"Point","coordinates":[139.7085568,35.6358912]}},
{"type":"Feature","properties":{"name":"不動ふれあい広場"},"geometry":{"type":"Point","coordinates":[139.7076992,35.6262558]}},
{"type":"Feature","properties":{"name":"羅漢寺川ふれあい広場"},"geometry":{"type":"Point","coordinates":[139.7011033,35.6261735]}},
{"type":"Feature","properties":{"name":"西小山ニコニコ広場"},"geometry":{"type":"Point","coordinates":[139.696067,35.6169269]}},
{"type":"Feature","properties":{"name":"洗足駅前ふれあい広場"},"geometry":{"type":"Point","coordinates":[139.6946526,35.6107111]}},
{"type":"Feature","properties":{"name":"子の神ふれあい広場"},"geometry":{"type":"Point","coordinates":[139.6891558,35.6153462]}},
{"type":"Feature","properties":{"name":"駒場一丁目防災緑地"},"geometry":{"type":"Point","coordinates":[139.6872042,35.6569239]}},
{"type":"Feature","properties":{"name":"上一防災ひろば"},"geometry":{"type":"Point","coordinates":[139.698254,35.6457596]}},
{"type":"Feature","properties":{"name":"合流点遊び場"},"geometry":{"type":"Point","coordinates":[139.700168,35.6444789]}},
{"type":"Feature","properties":{"name":"上目黒四丁目防災ひろば"},"geometry":{"type":"Point","coordinates":[139.6910216,35.6404055]}},
{"type":"Feature","properties":{"name":"目黒不動防災ひろば"},"geometry":{"type":"Point","coordinates":[139.7100623,35.627028]}},
{"type":"Feature","properties":{"name":"ポケットオアシス清水"},"geometry":{"type":"Point","coordinates":[139.698289,35.6260734]}},
{"type":"Feature","properties":{"name":"碑文谷一丁目遊び場"},"geometry":{"type":"Point","coordinates":[139.6909879,35.6206184]}},
{"type":"Feature","properties":{"name":"碑文谷八幡宮児童遊び場"},"geometry":{"type":"Point","coordinates":[139.685627,35.6170356]}},
{"type":"Feature","properties":{"name":"熊野神社児童遊び場"},"geometry":{"type":"Point","coordinates":[139.6693432,35.6099765]}},
{"type":"Feature","properties":{"name":"都立大学駅高架下広場"},"geometry":{"type":"Point","coordinates":[139.6758388,35.6171646]}},
{"type":"Feature","properties":{"name":"めぐろ区民キャンパス広場"},"geometry":{"type":"Point","coordinates":[139.6737892,35.6207995]}},
{"type":"Feature","properties":{"name":"洗足北共栄ひろば"},"geometry":{"type":"Point","coordinates":[139.6939628,35.6150705]}},
{"type":"Feature","properties":{"name":"鷺宮児童遊園"},"geometry":{"type":"Point","coordinates":[139.6420527,35.7246072]}},
{"type":"Feature","properties":{"name":"若宮児童遊園"},"geometry":{"type":"Point","coordinates":[139.6408795,35.7201119]}},
{"type":"Feature","properties":{"name":"妙正寺川公園"},"geometry":{"type":"Point","coordinates":[139.6733783,35.7209175]}},
{"type":"Feature","properties":{"name":"妙正寺川公園"},"geometry":{"type":"Point","coordinates":[139.6741987,35.721246]}},
{"type":"Feature","properties":{"name":"えごたばしポケットパーク"},"geometry":{"type":"Point","coordinates":[139.6688205,35.7228401]}},
{"type":"Feature","properties":{"name":"かみさぎ児童遊園"},"geometry":{"type":"Point","coordinates":[139.631597,35.7344096]}},
{"type":"Feature","properties":{"name":"野方児童遊園"},"geometry":{"type":"Point","coordinates":[139.6604555,35.7107666]}},
{"type":"Feature","properties":{"name":"大和西児童遊園"},"geometry":{"type":"Point","coordinates":[139.646371,35.7143898]}},
{"type":"Feature","properties":{"name":"三角広場"},"geometry":{"type":"Point","coordinates":[139.6281819,35.7235977]}},
{"type":"Feature","properties":{"name":"若宮防災広場"},"geometry":{"type":"Point","coordinates":[139.6452833,35.7185073]}},
{"type":"Feature","properties":{"name":"上鷺宮緑地"},"geometry":{"type":"Point","coordinates":[139.6319657,35.7323399]}},
{"type":"Feature","properties":{"name":"新井東防災広場"},"geometry":{"type":"Point","coordinates":[139.6688103,35.711824]}},
{"type":"Feature","properties":{"name":"大和町三丁目防災広場"},"geometry":{"type":"Point","coordinates":[139.6475682,35.7116624]}},
{"type":"Feature","properties":{"name":"上町防災広場"},"geometry":{"type":"Point","coordinates":[139.6698451,35.700827]}},
{"type":"Feature","properties":{"name":"鍋横防災広場"},"geometry":{"type":"Point","coordinates":[139.6693435,35.698735]}},
{"type":"Feature","properties":{"name":"宮桃防災広場"},"geometry":{"type":"Point","coordinates":[139.6645632,35.7017949]}},
{"type":"Feature","properties":{"name":"多田防災広場"},"geometry":{"type":"Point","coordinates":[139.6677305,35.684626]}},
{"type":"Feature","properties":{"name":"新山通防災広場"},"geometry":{"type":"Point","coordinates":[139.6703548,35.681513]}},
{"type":"Feature","properties":{"name":"白鷺二丁目防災"},"geometry":{"type":"Point","coordinates":[139.6352681,35.7175366]}},
{"type":"Feature","properties":{"name":"なかしん広場"},"geometry":{"type":"Point","coordinates":[139.6746336,35.6932159]}},
{"type":"Feature","properties":{"name":"野方三丁目防災広場"},"geometry":{"type":"Point","coordinates":[139.6562942,35.7179494]}},
{"type":"Feature","properties":{"name":"弥生ポケットパーク"},"geometry":{"type":"Point","coordinates":[139.6742021,35.6928314]}},
{"type":"Feature","properties":{"name":"マロニエひろば"},"geometry":{"type":"Point","coordinates":[139.66546,35.6854748]}},
{"type":"Feature","properties":{"name":"西中野児童遊園"},"geometry":{"type":"Point","coordinates":[139.6303096,35.7222332]}},
{"type":"Feature","properties":{"name":"あいおいポケットパーク"},"geometry":{"type":"Point","coordinates":[139.6847448,35.6935505]}},
{"type":"Feature","properties":{"name":"宮の台児童遊園"},"geometry":{"type":"Point","coordinates":[139.6733831,35.6956482]}},
{"type":"Feature","properties":{"name":"宮の台児童遊園"},"geometry":{"type":"Point","coordinates":[139.6735023,35.6958126]}},
{"type":"Feature","properties":{"name":"あやめポケットパーク"},"geometry":{"type":"Point","coordinates":[139.6835111,35.6924167]}},
{"type":"Feature","properties":{"name":"なかのはしポケットパーク"},"geometry":{"type":"Point","coordinates":[139.6790978,35.6924031]}},
{"type":"Feature","properties":{"name":"上鷺宮四丁目の広場"},"geometry":{"type":"Point","coordinates":[139.6296711,35.7326043]}},
{"type":"Feature","properties":{"name":"馬橋児童遊園"},"geometry":{"type":"Point","coordinates":[139.640485,35.6994469]}},
{"type":"Feature","properties":{"name":"馬橋児童遊園"},"geometry":{"type":"Point","coordinates":[139.6388046,35.6994509]}},
{"type":"Feature","properties":{"name":"馬橋児童遊園"},"geometry":{"type":"Point","coordinates":[139.6425958,35.7001473]}},
{"type":"Feature","properties":{"name":"馬橋児童遊園"},"geometry":{"type":"Point","coordinates":[139.643361,35.7005904]}},
{"type":"Feature","properties":{"name":"馬橋児童遊園"},"geometry":{"type":"Point","coordinates":[139.6442897,35.7006618]}},
{"type":"Feature","properties":{"name":"馬橋児童遊園"},"geometry":{"type":"Point","coordinates":[139.645514,35.7021304]}},
{"type":"Feature","properties":{"name":"阿佐谷児童遊園"},"geometry":{"type":"Point","coordinates":[139.6376775,35.7003303]}},
{"type":"Feature","properties":{"name":"阿佐谷北児童遊園"},"geometry":{"type":"Point","coordinates":[139.6409653,35.7059957]}},
{"type":"Feature","properties":{"name":"お伊勢の森児童遊園"},"geometry":{"type":"Point","coordinates":[139.6398771,35.7108803]}},
{"type":"Feature","properties":{"name":"松山児童遊園"},"geometry":{"type":"Point","coordinates":[139.6325572,35.7113663]}},
{"type":"Feature","properties":{"name":"阿佐谷北第二児童遊園"},"geometry":{"type":"Point","coordinates":[139.6396823,35.7138791]}},
{"type":"Feature","properties":{"name":"荻窪第二児童遊園"},"geometry":{"type":"Point","coordinates":[139.620835,35.6987193]}},
{"type":"Feature","properties":{"name":"神戸町児童遊園"},"geometry":{"type":"Point","coordinates":[139.6153961,35.7238789]}},
{"type":"Feature","properties":{"name":"中瀬児童遊園"},"geometry":{"type":"Point","coordinates":[139.6188421,35.7201609]}},
{"type":"Feature","properties":{"name":"下高井戸児童遊園"},"geometry":{"type":"Point","coordinates":[139.635897,35.6719383]}},
{"type":"Feature","properties":{"name":"永泉寺坂児童遊園"},"geometry":{"type":"Point","coordinates":[139.6412666,35.6691493]}},
{"type":"Feature","properties":{"name":"久我山東児童遊園"},"geometry":{"type":"Point","coordinates":[139.6048486,35.6887996]}},
{"type":"Feature","properties":{"name":"久我山児童遊園"},"geometry":{"type":"Point","coordinates":[139.5929293,35.6924117]}},
{"type":"Feature","properties":{"name":"富士見丘児童遊園"},"geometry":{"type":"Point","coordinates":[139.6067785,35.683531]}},
{"type":"Feature","properties":{"name":"乙女橋児童遊園"},"geometry":{"type":"Point","coordinates":[139.6212518,35.6778549]}},
{"type":"Feature","properties":{"name":"高井戸東三丁目児童遊園"},"geometry":{"type":"Point","coordinates":[139.6191918,35.6832873]}},
{"type":"Feature","properties":{"name":"みどりケ丘児童遊園"},"geometry":{"type":"Point","coordinates":[139.6474186,35.7049597]}},
{"type":"Feature","properties":{"name":"高円寺北―児童遊園"},"geometry":{"type":"Point","coordinates":[139.6560632,35.708243]}},
{"type":"Feature","properties":{"name":"今川児童遊園"},"geometry":{"type":"Point","coordinates":[139.5995578,35.7146527]}},
{"type":"Feature","properties":{"name":"観泉寺児童遊園"},"geometry":{"type":"Point","coordinates":[139.60745,35.7162508]}},
{"type":"Feature","properties":{"name":"松ノ木児童遊園"},"geometry":{"type":"Point","coordinates":[139.646661,35.6949036]}},
{"type":"Feature","properties":{"name":"西高井戸児童遊園"},"geometry":{"type":"Point","coordinates":[139.5969869,35.7010855]}},
{"type":"Feature","properties":{"name":"どんぐり山児童遊園"},"geometry":{"type":"Point","coordinates":[139.6037247,35.7197046]}},
{"type":"Feature","properties":{"name":"上荻窪第二児童遊園"},"geometry":{"type":"Point","coordinates":[139.6080128,35.7085968]}},
{"type":"Feature","properties":{"name":"上荻窪児童遊園"},"geometry":{"type":"Point","coordinates":[139.6133393,35.7062695]}},
{"type":"Feature","properties":{"name":"上荻窪第三児童遊園"},"geometry":{"type":"Point","coordinates":[139.6112514,35.708917]}},
{"type":"Feature","properties":{"name":"上高井戸第二児童遊園"},"geometry":{"type":"Point","coordinates":[139.6148711,35.6765957]}},
{"type":"Feature","properties":{"name":"なりむね第二児童遊園"},"geometry":{"type":"Point","coordinates":[139.6311139,35.689145]}},
{"type":"Feature","properties":{"name":"大塚児童遊園"},"geometry":{"type":"Point","coordinates":[139.6231664,35.690393]}},
{"type":"Feature","properties":{"name":"日性寺児童遊園"},"geometry":{"type":"Point","coordinates":[139.6261048,35.6892887]}},
{"type":"Feature","properties":{"name":"なりむね児童遊園"},"geometry":{"type":"Point","coordinates":[139.6293012,35.6983428]}},
{"type":"Feature","properties":{"name":"白幡児童遊園"},"geometry":{"type":"Point","coordinates":[139.6345066,35.6925122]}},
{"type":"Feature","properties":{"name":"東二児童遊園"},"geometry":{"type":"Point","coordinates":[139.6376097,35.6925457]}},
{"type":"Feature","properties":{"name":"東田児童遊園"},"geometry":{"type":"Point","coordinates":[139.6357554,35.6957894]}},
{"type":"Feature","properties":{"name":"大宮前児童遊園"},"geometry":{"type":"Point","coordinates":[139.6009653,35.6973742]}},
{"type":"Feature","properties":{"name":"西荻窪平和児童遊園"},"geometry":{"type":"Point","coordinates":[139.6022356,35.7033847]}},
{"type":"Feature","properties":{"name":"さくら児童遊園"},"geometry":{"type":"Point","coordinates":[139.5943861,35.710997]}},
{"type":"Feature","properties":{"name":"天沼一丁目児童遊園"},"geometry":{"type":"Point","coordinates":[139.6292407,35.7055217]}},
{"type":"Feature","properties":{"name":"荻窪第一児童遊園"},"geometry":{"type":"Point","coordinates":[139.612531,35.6989067]}},
{"type":"Feature","properties":{"name":"梅里児童遊園"},"geometry":{"type":"Point","coordinates":[139.6513874,35.6962246]}},
{"type":"Feature","properties":{"name":"浜田山西児童遊園"},"geometry":{"type":"Point","coordinates":[139.6251249,35.686827]}},
{"type":"Feature","properties":{"name":"堂ノ下児童遊園"},"geometry":{"type":"Point","coordinates":[139.623841,35.6774271]}},
{"type":"Feature","properties":{"name":"あづま児童遊園"},"geometry":{"type":"Point","coordinates":[139.6620429,35.6783438]}},
{"type":"Feature","properties":{"name":"堀ノ内山谷児童遊園"},"geometry":{"type":"Point","coordinates":[139.6482703,35.6914651]}},
{"type":"Feature","properties":{"name":"熊野橋児童遊園"},"geometry":{"type":"Point","coordinates":[139.6505511,35.6870195]}},
{"type":"Feature","properties":{"name":"済美児童遊園"},"geometry":{"type":"Point","coordinates":[139.6519636,35.6859495]}},
{"type":"Feature","properties":{"name":"天沼児童遊園"},"geometry":{"type":"Point","coordinates":[139.6271501,35.7146024]}},
{"type":"Feature","properties":{"name":"和泉児童遊園"},"geometry":{"type":"Point","coordinates":[139.6502883,35.6792176]}},
{"type":"Feature","properties":{"name":"下高井戸運動場"},"geometry":{"type":"Point","coordinates":[139.6355281,35.672812]}},
{"type":"Feature","properties":{"name":"松ノ木運動場"},"geometry":{"type":"Point","coordinates":[139.6414916,35.6856723]}},
{"type":"Feature","properties":{"name":"上井草運動場"},"geometry":{"type":"Point","coordinates":[139.6015736,35.7231171]}},
{"type":"Feature","properties":{"name":"和田堀調節池壁打ち庭球練習場"},"geometry":{"type":"Point","coordinates":[139.6449661,35.6859004]}},
{"type":"Feature","properties":{"name":"駒込七丁目児童遊園"},"geometry":{"type":"Point","coordinates":[139.7401944,35.7402426]}},
{"type":"Feature","properties":{"name":"駒込七丁目第２児童遊園"},"geometry":{"type":"Point","coordinates":[139.7384276,35.740881]}},
{"type":"Feature","properties":{"name":"駒込二丁目児童遊園"},"geometry":{"type":"Point","coordinates":[139.7473715,35.7382228]}},
{"type":"Feature","properties":{"name":"そめいよしの児童遊園"},"geometry":{"type":"Point","coordinates":[139.7411504,35.7379305]}},
{"type":"Feature","properties":{"name":"駒込六丁目児童遊園"},"geometry":{"type":"Point","coordinates":[139.7434153,35.7401755]}},
{"type":"Feature","properties":{"name":"高松一丁目児童遊園"},"geometry":{"type":"Point","coordinates":[139.6977991,35.7350766]}},
{"type":"Feature","properties":{"name":"高松三丁目児童遊園"},"geometry":{"type":"Point","coordinates":[139.6979532,35.7407062]}},
{"type":"Feature","properties":{"name":"高松二丁目児童遊園"},"geometry":{"type":"Point","coordinates":[139.6994365,35.7377655]}},
{"type":"Feature","properties":{"name":"高田一丁目児童遊園"},"geometry":{"type":"Point","coordinates":[139.7171884,35.7148438]}},
{"type":"Feature","properties":{"name":"高田二丁目中央児童遊園"},"geometry":{"type":"Point","coordinates":[139.712751,35.7152208]}},
{"type":"Feature","properties":{"name":"雑司が谷二丁目四つ家児童遊園"},"geometry":{"type":"Point","coordinates":[139.7171323,35.7175328]}},
{"type":"Feature","properties":{"name":"上池袋一丁目児童遊園"},"geometry":{"type":"Point","coordinates":[139.7203442,35.7358738]}},
{"type":"Feature","properties":{"name":"上池袋一丁目ゆったり広場児童遊園"},"geometry":{"type":"Point","coordinates":[139.7223856,35.7369032]}},
{"type":"Feature","properties":{"name":"上池袋三丁目第３児童遊園"},"geometry":{"type":"Point","coordinates":[139.7170238,35.7399401]}},
{"type":"Feature","properties":{"name":"上池袋三丁目第２児童遊園"},"geometry":{"type":"Point","coordinates":[139.7189437,35.7392004]}},
{"type":"Feature","properties":{"name":"上池袋四丁目第２児童遊園"},"geometry":{"type":"Point","coordinates":[139.719208,35.7430356]}},
{"type":"Feature","properties":{"name":"上池袋四丁目児童遊園"},"geometry":{"type":"Point","coordinates":[139.7223963,35.7397666]}},
{"type":"Feature","properties":{"name":"上池袋二丁目児童遊園"},"geometry":{"type":"Point","coordinates":[139.7173768,35.7361802]}},
{"type":"Feature","properties":{"name":"西巣鴨四丁目児童遊園"},"geometry":{"type":"Point","coordinates":[139.7299744,35.7440535]}},
{"type":"Feature","properties":{"name":"千川二丁目中央児童遊園"},"geometry":{"type":"Point","coordinates":[139.6930171,35.7413496]}},
{"type":"Feature","properties":{"name":"千川二丁目児童遊園"},"geometry":{"type":"Point","coordinates":[139.6902904,35.7414677]}},
{"type":"Feature","properties":{"name":"千川二丁目第２児童遊園"},"geometry":{"type":"Point","coordinates":[139.6918308,35.740628]}},
{"type":"Feature","properties":{"name":"千早三丁目児童遊園"},"geometry":{"type":"Point","coordinates":[139.6863421,35.7343682]}},
{"type":"Feature","properties":{"name":"巣鴨一丁目児童遊園"},"geometry":{"type":"Point","coordinates":[139.7416836,35.7320722]}},
{"type":"Feature","properties":{"name":"巣鴨五丁目児童遊園"},"geometry":{"type":"Point","coordinates":[139.7343885,35.7399716]}},
{"type":"Feature","properties":{"name":"巣鴨四丁目折戸児童遊園"},"geometry":{"type":"Point","coordinates":[139.730253,35.737894]}},
{"type":"Feature","properties":{"name":"巣鴨四丁目児童遊園"},"geometry":{"type":"Point","coordinates":[139.7338571,35.7368738]}},
{"type":"Feature","properties":{"name":"巣鴨四丁目第２児童遊園"},"geometry":{"type":"Point","coordinates":[139.7310052,35.7391008]}},
{"type":"Feature","properties":{"name":"池袋一丁目児童遊園"},"geometry":{"type":"Point","coordinates":[139.713477,35.7368633]}},
{"type":"Feature","properties":{"name":"池袋本町一丁目児童遊園"},"geometry":{"type":"Point","coordinates":[139.7137984,35.7375977]}},
{"type":"Feature","properties":{"name":"池袋本町三丁目児童遊園"},"geometry":{"type":"Point","coordinates":[139.7111279,35.7432257]}},
{"type":"Feature","properties":{"name":"池袋本町三丁目チビッ子児童遊園"},"geometry":{"type":"Point","coordinates":[139.7129133,35.7437858]}},
{"type":"Feature","properties":{"name":"池袋本町三丁目第２児童遊園"},"geometry":{"type":"Point","coordinates":[139.7126854,35.7434997]}},
{"type":"Feature","properties":{"name":"池袋本町四丁目児童遊園"},"geometry":{"type":"Point","coordinates":[139.7155493,35.7428471]}},
{"type":"Feature","properties":{"name":"池袋本町二丁目児童遊園"},"geometry":{"type":"Point","coordinates":[139.7093507,35.7443524]}},
{"type":"Feature","properties":{"name":"長崎四丁目うめの木児童遊園"},"geometry":{"type":"Point","coordinates":[139.6853815,35.7292421]}},
{"type":"Feature","properties":{"name":"長崎四丁目児童遊園"},"geometry":{"type":"Point","coordinates":[139.6867773,35.7316582]}},
{"type":"Feature","properties":{"name":"長崎二丁目中央児童遊園"},"geometry":{"type":"Point","coordinates":[139.6915253,35.7299571]}},
{"type":"Feature","properties":{"name":"長崎二丁目児童遊園"},"geometry":{"type":"Point","coordinates":[139.6931339,35.7294747]}},
{"type":"Feature","properties":{"name":"長崎二丁目第２児童遊園"},"geometry":{"type":"Point","coordinates":[139.6919188,35.7276301]}},
{"type":"Feature","properties":{"name":"長崎六丁目児童遊園"},"geometry":{"type":"Point","coordinates":[139.6816748,35.7370447]}},
{"type":"Feature","properties":{"name":"長崎六丁目さつき児童遊園"},"geometry":{"type":"Point","coordinates":[139.6791479,35.7337291]}},
{"type":"Feature","properties":{"name":"東池袋五丁目第２児童遊園"},"geometry":{"type":"Point","coordinates":[139.7237895,35.7256988]}},
{"type":"Feature","properties":{"name":"東池袋五丁目児童遊園"},"geometry":{"type":"Point","coordinates":[139.7256169,35.7275773]}},
{"type":"Feature","properties":{"name":"東池袋二丁目あじさい児童遊園"},"geometry":{"type":"Point","coordinates":[139.7225607,35.7329438]}},
{"type":"Feature","properties":{"name":"東池袋二丁目第２児童遊園"},"geometry":{"type":"Point","coordinates":[139.7175069,35.733618]}},
{"type":"Feature","properties":{"name":"南大塚一丁目児童遊園"},"geometry":{"type":"Point","coordinates":[139.7342831,35.7275558]}},
{"type":"Feature","properties":{"name":"南大塚二丁目ポケット児童遊園"},"geometry":{"type":"Point","coordinates":[139.7331189,35.7265988]}},
{"type":"Feature","properties":{"name":"南大塚二丁目児童遊園"},"geometry":{"type":"Point","coordinates":[139.72998,35.728799]}},
{"type":"Feature","properties":{"name":"雑司が谷中央児童遊園"},"geometry":{"type":"Point","coordinates":[139.7173774,35.7207603]}},
{"type":"Feature","properties":{"name":"南長崎三丁目児童遊園"},"geometry":{"type":"Point","coordinates":[139.6877889,35.723489]}},
{"type":"Feature","properties":{"name":"南長崎二丁目児童遊園"},"geometry":{"type":"Point","coordinates":[139.6899396,35.7231247]}},
{"type":"Feature","properties":{"name":"南長崎六丁目児童遊園"},"geometry":{"type":"Point","coordinates":[139.6791126,35.7321201]}},
{"type":"Feature","properties":{"name":"目白五丁目児童遊園"},"geometry":{"type":"Point","coordinates":[139.6975333,35.7241279]}},
{"type":"Feature","properties":{"name":"目白四丁目児童遊園"},"geometry":{"type":"Point","coordinates":[139.6991954,35.7235553]}},
{"type":"Feature","properties":{"name":"目白四丁目旭出児童遊園"},"geometry":{"type":"Point","coordinates":[139.7018214,35.7247652]}},
{"type":"Feature","properties":{"name":"目白二丁目児童遊園"},"geometry":{"type":"Point","coordinates":[139.7105526,35.7217073]}},
{"type":"Feature","properties":{"name":"目白二丁目第２児童遊園"},"geometry":{"type":"Point","coordinates":[139.7118972,35.720829]}},
{"type":"Feature","properties":{"name":"要町一丁目児童遊園"},"geometry":{"type":"Point","coordinates":[139.6957924,35.7348702]}},
{"type":"Feature","properties":{"name":"千川児童遊園"},"geometry":{"type":"Point","coordinates":[139.68551,35.7367898]}},
{"type":"Feature","properties":{"name":"千川児童遊園"},"geometry":{"type":"Point","coordinates":[139.6869129,35.7386535]}},
{"type":"Feature","properties":{"name":"要町三丁目児童遊園"},"geometry":{"type":"Point","coordinates":[139.6874887,35.7370345]}},
{"type":"Feature","properties":{"name":"目白庭園"},"geometry":{"type":"Point","coordinates":[139.7055214,35.7245355]}},
{"type":"Feature","properties":{"name":"谷戸さんさん児童遊園"},"geometry":{"type":"Point","coordinates":[139.7393318,35.7434934]}},
{"type":"Feature","properties":{"name":"田端二丁目児童遊園"},"geometry":{"type":"Point","coordinates":[139.7589084,35.7347272]}},
{"type":"Feature","properties":{"name":"道音坂児童遊園"},"geometry":{"type":"Point","coordinates":[139.7354142,35.7451675]}},
{"type":"Feature","properties":{"name":"志茂二丁目児童遊園"},"geometry":{"type":"Point","coordinates":[139.7297565,35.7793407]}},
{"type":"Feature","properties":{"name":"いがしら児童遊園"},"geometry":{"type":"Point","coordinates":[139.7293386,35.7608715]}},
{"type":"Feature","properties":{"name":"栄町北児童遊園"},"geometry":{"type":"Point","coordinates":[139.7442872,35.7502153]}},
{"type":"Feature","properties":{"name":"栄町西児童遊園"},"geometry":{"type":"Point","coordinates":[139.7409574,35.7503834]}},
{"type":"Feature","properties":{"name":"栄町南児童遊園"},"geometry":{"type":"Point","coordinates":[139.745749,35.7487309]}},
{"type":"Feature","properties":{"name":"王子五丁目児童遊園"},"geometry":{"type":"Point","coordinates":[139.7344379,35.7655248]}},
{"type":"Feature","properties":{"name":"王子三丁目児童遊園"},"geometry":{"type":"Point","coordinates":[139.7384042,35.7629647]}},
{"type":"Feature","properties":{"name":"王子六丁目児童遊園"},"geometry":{"type":"Point","coordinates":[139.7399,35.7592366]}},
{"type":"Feature","properties":{"name":"ちんちん山児童遊園"},"geometry":{"type":"Point","coordinates":[139.7317027,35.7589191]}},
{"type":"Feature","properties":{"name":"岸町二丁目児童遊園"},"geometry":{"type":"Point","coordinates":[139.730679,35.7593937]}},
{"type":"Feature","properties":{"name":"志茂五丁目東児童遊園"},"geometry":{"type":"Point","coordinates":[139.7304625,35.7836747]}},
{"type":"Feature","properties":{"name":"志茂五丁目児童遊園"},"geometry":{"type":"Point","coordinates":[139.7258957,35.78514]}},
{"type":"Feature","properties":{"name":"志茂五丁目南児童遊園"},"geometry":{"type":"Point","coordinates":[139.7282193,35.7826051]}},
{"type":"Feature","properties":{"name":"志茂三丁目児童遊園"},"geometry":{"type":"Point","coordinates":[139.7345293,35.7784099]}},
{"type":"Feature","properties":{"name":"志茂四丁目児童遊園"},"geometry":{"type":"Point","coordinates":[139.7346406,35.7806356]}},
{"type":"Feature","properties":{"name":"十条仲原一丁目児童遊園"},"geometry":{"type":"Point","coordinates":[139.7199744,35.763846]}},
{"type":"Feature","properties":{"name":"十条仲原四丁目児童遊園"},"geometry":{"type":"Point","coordinates":[139.7185419,35.7677332]}},
{"type":"Feature","properties":{"name":"十条仲原二丁目児童遊園"},"geometry":{"type":"Point","coordinates":[139.7188262,35.7648652]}},
{"type":"Feature","properties":{"name":"昭和町児童遊園"},"geometry":{"type":"Point","coordinates":[139.7512198,35.7492591]}},
{"type":"Feature","properties":{"name":"上十条四丁目児童遊園"},"geometry":{"type":"Point","coordinates":[139.7141033,35.7625239]}},
{"type":"Feature","properties":{"name":"上中里一丁目児童遊園"},"geometry":{"type":"Point","coordinates":[139.747145,35.7457187]}},
{"type":"Feature","properties":{"name":"上中里三丁目児童遊園"},"geometry":{"type":"Point","coordinates":[139.7465778,35.7494601]}},
{"type":"Feature","properties":{"name":"上中里二丁目児童遊園"},"geometry":{"type":"Point","coordinates":[139.7519646,35.7454737]}},
{"type":"Feature","properties":{"name":"神谷一丁目児童遊園"},"geometry":{"type":"Point","coordinates":[139.7349306,35.7689744]}},
{"type":"Feature","properties":{"name":"宮堀児童遊園"},"geometry":{"type":"Point","coordinates":[139.7363206,35.769653]}},
{"type":"Feature","properties":{"name":"神谷三丁目児童遊園"},"geometry":{"type":"Point","coordinates":[139.7324371,35.7735529]}},
{"type":"Feature","properties":{"name":"神谷三丁目南児童遊園"},"geometry":{"type":"Point","coordinates":[139.7303598,35.7703119]}},
{"type":"Feature","properties":{"name":"西が丘一丁目児童遊園"},"geometry":{"type":"Point","coordinates":[139.711295,35.7702861]}},
{"type":"Feature","properties":{"name":"西が丘一丁目児童遊園"},"geometry":{"type":"Point","coordinates":[139.710977,35.7704111]}},
{"type":"Feature","properties":{"name":"西が丘二丁目児童遊園"},"geometry":{"type":"Point","coordinates":[139.7131864,35.7661363]}},
{"type":"Feature","properties":{"name":"西が丘南児童遊園"},"geometry":{"type":"Point","coordinates":[139.7124306,35.7667104]}},
{"type":"Feature","properties":{"name":"西が丘児童遊園"},"geometry":{"type":"Point","coordinates":[139.7135577,35.7680619]}},
{"type":"Feature","properties":{"name":"西ヶ原一丁目児童遊園"},"geometry":{"type":"Point","coordinates":[139.748264,35.7411159]}},
{"type":"Feature","properties":{"name":"西ヶ原三丁目児童遊園"},"geometry":{"type":"Point","coordinates":[139.7413137,35.7447918]}},
{"type":"Feature","properties":{"name":"西ヶ原二丁目児童遊園"},"geometry":{"type":"Point","coordinates":[139.7386186,35.7473172]}},
{"type":"Feature","properties":{"name":"赤羽三丁目児童遊園"},"geometry":{"type":"Point","coordinates":[139.7198035,35.7861667]}},
{"type":"Feature","properties":{"name":"赤羽三和児童遊園"},"geometry":{"type":"Point","coordinates":[139.7153747,35.7748587]}},
{"type":"Feature","properties":{"name":"鶴ヶ丘児童遊園"},"geometry":{"type":"Point","coordinates":[139.7175624,35.773856]}},
{"type":"Feature","properties":{"name":"赤羽西六丁目第二児童遊園"},"geometry":{"type":"Point","coordinates":[139.7071744,35.7703362]}},
{"type":"Feature","properties":{"name":"赤羽西六丁目児童遊園"},"geometry":{"type":"Point","coordinates":[139.7080072,35.7715547]}},
{"type":"Feature","properties":{"name":"赤羽西六丁目第三児童遊園"},"geometry":{"type":"Point","coordinates":[139.7074872,35.772646]}},
{"type":"Feature","properties":{"name":"赤羽台三丁目児童遊園"},"geometry":{"type":"Point","coordinates":[139.7138565,35.7804256]}},
{"type":"Feature","properties":{"name":"赤羽南二丁目児童遊園"},"geometry":{"type":"Point","coordinates":[139.7226919,35.7728198]}},
{"type":"Feature","properties":{"name":"赤羽南二丁目児童遊園"},"geometry":{"type":"Point","coordinates":[139.7225712,35.7731357]}},
{"type":"Feature","properties":{"name":"赤羽北一丁目児童遊園"},"geometry":{"type":"Point","coordinates":[139.7117378,35.7853331]}},
{"type":"Feature","properties":{"name":"赤羽北一丁目児童遊園"},"geometry":{"type":"Point","coordinates":[139.7121772,35.7854877]}},
{"type":"Feature","properties":{"name":"赤羽北児童遊園"},"geometry":{"type":"Point","coordinates":[139.7153096,35.7856443]}},
{"type":"Feature","properties":{"name":"赤羽北三丁目第１児童遊園"},"geometry":{"type":"Point","coordinates":[139.7049212,35.7806391]}},
{"type":"Feature","properties":{"name":"赤羽北三丁目児童遊園"},"geometry":{"type":"Point","coordinates":[139.705754,35.7801096]}},
{"type":"Feature","properties":{"name":"袋児童遊園"},"geometry":{"type":"Point","coordinates":[139.7051064,35.7850396]}},
{"type":"Feature","properties":{"name":"赤羽北二丁目児童遊園"},"geometry":{"type":"Point","coordinates":[139.7099194,35.7865699]}},
{"type":"Feature","properties":{"name":"大原児童遊園"},"geometry":{"type":"Point","coordinates":[139.7326531,35.7455137]}},
{"type":"Feature","properties":{"name":"八幡通り児童遊園"},"geometry":{"type":"Point","coordinates":[139.7271988,35.7462118]}},
{"type":"Feature","properties":{"name":"こはら児童遊園"},"geometry":{"type":"Point","coordinates":[139.727664,35.7451065]}},
{"type":"Feature","properties":{"name":"滝野川五丁目児童遊園"},"geometry":{"type":"Point","coordinates":[139.7237205,35.749282]}},
{"type":"Feature","properties":{"name":"四本木児童遊園"},"geometry":{"type":"Point","coordinates":[139.7291295,35.7498676]}},
{"type":"Feature","properties":{"name":"滝野川三丁目児童遊園"},"geometry":{"type":"Point","coordinates":[139.7294715,35.7509992]}},
{"type":"Feature","properties":{"name":"滝野川馬場児童遊園"},"geometry":{"type":"Point","coordinates":[139.7318958,35.7490236]}},
{"type":"Feature","properties":{"name":"滝野川菊谷児童遊園"},"geometry":{"type":"Point","coordinates":[139.7253856,35.7456379]}},
{"type":"Feature","properties":{"name":"中十条一丁目児童遊園"},"geometry":{"type":"Point","coordinates":[139.7262041,35.7600236]}},
{"type":"Feature","properties":{"name":"中十条三丁目児童遊園"},"geometry":{"type":"Point","coordinates":[139.7232256,35.7634162]}},
{"type":"Feature","properties":{"name":"中里三丁目児童遊園"},"geometry":{"type":"Point","coordinates":[139.754013,35.7416568]}},
{"type":"Feature","properties":{"name":"田端西台児童遊園"},"geometry":{"type":"Point","coordinates":[139.7556045,35.7392245]}},
{"type":"Feature","properties":{"name":"上田端児童遊園"},"geometry":{"type":"Point","coordinates":[139.7546768,35.7373977]}},
{"type":"Feature","properties":{"name":"田端新町一丁目児童遊園"},"geometry":{"type":"Point","coordinates":[139.7671158,35.7386325]}},
{"type":"Feature","properties":{"name":"東十条南児童遊園"},"geometry":{"type":"Point","coordinates":[139.7327177,35.7595174]}},
{"type":"Feature","properties":{"name":"東十条一丁目高架下児童遊園"},"geometry":{"type":"Point","coordinates":[139.7308403,35.7604813]}},
{"type":"Feature","properties":{"name":"東十条五丁目児童遊園"},"geometry":{"type":"Point","coordinates":[139.7245868,35.7687124]}},
{"type":"Feature","properties":{"name":"地蔵坂下児童遊園"},"geometry":{"type":"Point","coordinates":[139.7286137,35.7633646]}},
{"type":"Feature","properties":{"name":"東十条二丁目高架下児童遊園"},"geometry":{"type":"Point","coordinates":[139.7283646,35.7624338]}},
{"type":"Feature","properties":{"name":"東田端二丁目児童遊園"},"geometry":{"type":"Point","coordinates":[139.7604465,35.7422124]}},
{"type":"Feature","properties":{"name":"浮間一丁目児童遊園"},"geometry":{"type":"Point","coordinates":[139.7032437,35.7897705]}},
{"type":"Feature","properties":{"name":"北赤羽駅高架下児童遊園"},"geometry":{"type":"Point","coordinates":[139.7051676,35.7872797]}},
{"type":"Feature","properties":{"name":"浮間三丁目児童遊園"},"geometry":{"type":"Point","coordinates":[139.7018413,35.788454]}},
{"type":"Feature","properties":{"name":"浮間三丁目高架下児童遊園"},"geometry":{"type":"Point","coordinates":[139.7009834,35.7897871]}},
{"type":"Feature","properties":{"name":"浮間中央児童遊園"},"geometry":{"type":"Point","coordinates":[139.6992063,35.7896583]}},
{"type":"Feature","properties":{"name":"浮間四丁目高架下児童遊園"},"geometry":{"type":"Point","coordinates":[139.6981687,35.7903263]}},
{"type":"Feature","properties":{"name":"浮間二丁目西児童遊園"},"geometry":{"type":"Point","coordinates":[139.6946273,35.7917987]}},
{"type":"Feature","properties":{"name":"浮間二丁目東児童遊園"},"geometry":{"type":"Point","coordinates":[139.6992299,35.7933653]}},
{"type":"Feature","properties":{"name":"豊島四丁目南児童遊園"},"geometry":{"type":"Point","coordinates":[139.7489576,35.7616455]}},
{"type":"Feature","properties":{"name":"豊島四丁目児童遊園"},"geometry":{"type":"Point","coordinates":[139.7496809,35.7625074]}},
{"type":"Feature","properties":{"name":"豊島七丁目北児童遊園"},"geometry":{"type":"Point","coordinates":[139.7430522,35.7652674]}},
{"type":"Feature","properties":{"name":"豊島七丁目児童遊園"},"geometry":{"type":"Point","coordinates":[139.7440318,35.7665561]}},
{"type":"Feature","properties":{"name":"豊島七丁目南児童遊園"},"geometry":{"type":"Point","coordinates":[139.7450641,35.762271]}},
{"type":"Feature","properties":{"name":"豊島八幡児童遊園"},"geometry":{"type":"Point","coordinates":[139.7470812,35.7596682]}},
{"type":"Feature","properties":{"name":"豊島八丁目児童遊園"},"geometry":{"type":"Point","coordinates":[139.7410641,35.7680309]}},
{"type":"Feature","properties":{"name":"志茂四わかば児童遊園"},"geometry":{"type":"Point","coordinates":[139.7342382,35.7820933]}},
{"type":"Feature","properties":{"name":"昭和町ふれあい児童遊園"},"geometry":{"type":"Point","coordinates":[139.7570342,35.7464303]}},
{"type":"Feature","properties":{"name":"上一ふれあい児童遊園"},"geometry":{"type":"Point","coordinates":[139.7237793,35.7612217]}},
{"type":"Feature","properties":{"name":"北園児童遊園"},"geometry":{"type":"Point","coordinates":[139.707144,35.7827389]}},
{"type":"Feature","properties":{"name":"八幡山児童遊園"},"geometry":{"type":"Point","coordinates":[139.7230679,35.768745]}},
{"type":"Feature","properties":{"name":"堀船一丁目いこい児童遊園"},"geometry":{"type":"Point","coordinates":[139.7428756,35.7519465]}},
{"type":"Feature","properties":{"name":"堀船一丁目児童遊園"},"geometry":{"type":"Point","coordinates":[139.7412895,35.7524807]}},
{"type":"Feature","properties":{"name":"堀船三丁目西児童遊園"},"geometry":{"type":"Point","coordinates":[139.7479888,35.755101]}},
{"type":"Feature","properties":{"name":"堀船三丁目児童遊園"},"geometry":{"type":"Point","coordinates":[139.7465909,35.7581288]}},
{"type":"Feature","properties":{"name":"船方児童遊園"},"geometry":{"type":"Point","coordinates":[139.7574054,35.7540048]}},
{"type":"Feature","properties":{"name":"堀船四丁目児童遊園"},"geometry":{"type":"Point","coordinates":[139.7552366,35.7544122]}},
{"type":"Feature","properties":{"name":"堀船四丁目西児童遊園"},"geometry":{"type":"Point","coordinates":[139.7540421,35.7544365]}},
{"type":"Feature","properties":{"name":"堀船二丁目児童遊園"},"geometry":{"type":"Point","coordinates":[139.7478255,35.7561247]}},
{"type":"Feature","properties":{"name":"豊川児童遊園"},"geometry":{"type":"Point","coordinates":[139.7425364,35.7626879]}},
{"type":"Feature","properties":{"name":"旧古河庭園児童遊園"},"geometry":{"type":"Point","coordinates":[139.7466463,35.7413972]}},
{"type":"Feature","properties":{"name":"南千住浄水場遊戯広場"},"geometry":{"type":"Point","coordinates":[139.7938757,35.7387226]}},
{"type":"Feature","properties":{"name":"西日暮里六丁目遊び場"},"geometry":{"type":"Point","coordinates":[139.7703468,35.7374064]}},
{"type":"Feature","properties":{"name":"西日暮里一丁目広場"},"geometry":{"type":"Point","coordinates":[139.7765494,35.7332864]}},
{"type":"Feature","properties":{"name":"南千住七丁目緑地"},"geometry":{"type":"Point","coordinates":[139.8003643,35.7376789]}},
{"type":"Feature","properties":{"name":"西尾久八丁目緑地"},"geometry":{"type":"Point","coordinates":[139.7555404,35.7532971]}},
{"type":"Feature","properties":{"name":"南千住六丁目緑地"},"geometry":{"type":"Point","coordinates":[139.7920499,35.7404296]}},
{"type":"Feature","properties":{"name":"汐入せせらぎ広場"},"geometry":{"type":"Point","coordinates":[139.8083494,35.7343585]}},
{"type":"Feature","properties":{"name":"荒川一丁目広場"},"geometry":{"type":"Point","coordinates":[139.7862641,35.7368831]}},
{"type":"Feature","properties":{"name":"あいさつ広場"},"geometry":{"type":"Point","coordinates":[139.7832819,35.7396153]}},
{"type":"Feature","properties":{"name":"真土小思い出広場"},"geometry":{"type":"Point","coordinates":[139.7778963,35.7337908]}},
{"type":"Feature","properties":{"name":"町屋三丁目グリーンスポット"},"geometry":{"type":"Point","coordinates":[139.7819953,35.7457954]}},
{"type":"Feature","properties":{"name":"千住間道グリーンスポット"},"geometry":{"type":"Point","coordinates":[139.7902678,35.7357201]}},
{"type":"Feature","properties":{"name":"一本松グリーンスポット"},"geometry":{"type":"Point","coordinates":[139.7836809,35.7467006]}},
{"type":"Feature","properties":{"name":"荒川三丁目グリーンスポット"},"geometry":{"type":"Point","coordinates":[139.7822537,35.7346496]}},
{"type":"Feature","properties":{"name":"西尾久五丁目グリーンスポット"},"geometry":{"type":"Point","coordinates":[139.7581533,35.7499317]}},
{"type":"Feature","properties":{"name":"西尾久六丁目グリーンスポット"},"geometry":{"type":"Point","coordinates":[139.7607058,35.7529052]}},
{"type":"Feature","properties":{"name":"東尾久八丁目グリーンスポット"},"geometry":{"type":"Point","coordinates":[139.77164,35.7526895]}},
{"type":"Feature","properties":{"name":"町屋四丁目グリーンスポット"},"geometry":{"type":"Point","coordinates":[139.7789842,35.7456883]}},
{"type":"Feature","properties":{"name":"荒川六丁目西グリーンスポット"},"geometry":{"type":"Point","coordinates":[139.7756067,35.7428916]}},
{"type":"Feature","properties":{"name":"荒川六丁目グリーンスポット"},"geometry":{"type":"Point","coordinates":[139.7773791,35.7419749]}},
{"type":"Feature","properties":{"name":"荒川五丁目グリーンスポット"},"geometry":{"type":"Point","coordinates":[139.7769311,35.7404697]}},
{"type":"Feature","properties":{"name":"町屋四丁目北グリーンスポット"},"geometry":{"type":"Point","coordinates":[139.7802836,35.7494942]}},
{"type":"Feature","properties":{"name":"荒川五丁目西グリーンスポット"},"geometry":{"type":"Point","coordinates":[139.7746331,35.7388887]}},
{"type":"Feature","properties":{"name":"荒川二丁目グリーンスポット"},"geometry":{"type":"Point","coordinates":[139.7832653,35.7368113]}},
{"type":"Feature","properties":{"name":"荒川五丁目北グリーンスポット"},"geometry":{"type":"Point","coordinates":[139.7744735,35.7402628]}},
{"type":"Feature","properties":{"name":"町屋三丁目防災スポット"},"geometry":{"type":"Point","coordinates":[139.7809711,35.7488841]}},
{"type":"Feature","properties":{"name":"東尾久五丁目防災スポット"},"geometry":{"type":"Point","coordinates":[139.7674297,35.7467697]}},
{"type":"Feature","properties":{"name":"西尾久六丁目防災スポット"},"geometry":{"type":"Point","coordinates":[139.7593239,35.7520736]}},
{"type":"Feature","properties":{"name":"西尾久一丁目防災スポット"},"geometry":{"type":"Point","coordinates":[139.7637521,35.7466807]}},
{"type":"Feature","properties":{"name":"花の木防災スポット"},"geometry":{"type":"Point","coordinates":[139.7759394,35.7396926]}},
{"type":"Feature","properties":{"name":"町屋四丁目江川防災スポット"},"geometry":{"type":"Point","coordinates":[139.7795329,35.7477471]}},
{"type":"Feature","properties":{"name":"熊野前商店街防災スポット"},"geometry":{"type":"Point","coordinates":[139.7684456,35.7469064]}},
{"type":"Feature","properties":{"name":"六仲防災スポット"},"geometry":{"type":"Point","coordinates":[139.775053,35.7461233]}},
{"type":"Feature","properties":{"name":"豊島通り防災スポット"},"geometry":{"type":"Point","coordinates":[139.7804169,35.7478366]}},
{"type":"Feature","properties":{"name":"荒川二丁目防災スポット"},"geometry":{"type":"Point","coordinates":[139.7827111,35.7367255]}},
{"type":"Feature","properties":{"name":"町屋二丁目防災スポット"},"geometry":{"type":"Point","coordinates":[139.7784048,35.7450052]}},
{"type":"Feature","properties":{"name":"小台通り防災スポット"},"geometry":{"type":"Point","coordinates":[139.7630295,35.7466495]}},
{"type":"Feature","properties":{"name":"西尾久六丁目東防災スポット"},"geometry":{"type":"Point","coordinates":[139.7615716,35.7532973]}},
{"type":"Feature","properties":{"name":"東尾久一丁目西防災スポット"},"geometry":{"type":"Point","coordinates":[139.7707653,35.7405527]}},
{"type":"Feature","properties":{"name":"西尾久六丁目西防災スポット"},"geometry":{"type":"Point","coordinates":[139.7581052,35.752007]}},
{"type":"Feature","properties":{"name":"東尾久小沼防災スポット"},"geometry":{"type":"Point","coordinates":[139.7712717,35.7392696]}},
{"type":"Feature","properties":{"name":"旧小台通り防災スポット"},"geometry":{"type":"Point","coordinates":[139.7616276,35.7476309]}},
{"type":"Feature","properties":{"name":"東尾久三丁目児童遊園"},"geometry":{"type":"Point","coordinates":[139.7740325,35.7445594]}},
{"type":"Feature","properties":{"name":"東尾久一丁目防災スポット"},"geometry":{"type":"Point","coordinates":[139.7730175,35.7399536]}},
{"type":"Feature","properties":{"name":"町屋三丁目睦防災スポット"},"geometry":{"type":"Point","coordinates":[139.7807537,35.7474779]}},
{"type":"Feature","properties":{"name":"東尾久五丁目第二防災スポット"},"geometry":{"type":"Point","coordinates":[139.7676814,35.747467]}},
{"type":"Feature","properties":{"name":"荒川六丁目防災スポット"},"geometry":{"type":"Point","coordinates":[139.776201,35.7428004]}},
{"type":"Feature","properties":{"name":"町屋四丁目防災スポット"},"geometry":{"type":"Point","coordinates":[139.7789929,35.7472403]}},
{"type":"Feature","properties":{"name":"えごのみ児童遊園"},"geometry":{"type":"Point","coordinates":[139.6745075,35.7343104]}},
{"type":"Feature","properties":{"name":"旭町児童遊園"},"geometry":{"type":"Point","coordinates":[139.621871,35.7630441]}},
{"type":"Feature","properties":{"name":"もくば児童遊園"},"geometry":{"type":"Point","coordinates":[139.6247548,35.7640718]}},
{"type":"Feature","properties":{"name":"あさひ児童遊園"},"geometry":{"type":"Point","coordinates":[139.6219038,35.7653276]}},
{"type":"Feature","properties":{"name":"旭町かりん児童遊園"},"geometry":{"type":"Point","coordinates":[139.625939,35.7767472]}},
{"type":"Feature","properties":{"name":"羽沢児童遊園"},"geometry":{"type":"Point","coordinates":[139.6709971,35.7457125]}},
{"type":"Feature","properties":{"name":"はねざわ児童遊園"},"geometry":{"type":"Point","coordinates":[139.6700757,35.7461879]}},
{"type":"Feature","properties":{"name":"さかえ児童遊園"},"geometry":{"type":"Point","coordinates":[139.6667539,35.738657]}},
{"type":"Feature","properties":{"name":"さくら児童遊園"},"geometry":{"type":"Point","coordinates":[139.6714813,35.7394848]}},
{"type":"Feature","properties":{"name":"あざみ児童遊園"},"geometry":{"type":"Point","coordinates":[139.6013865,35.728358]}},
{"type":"Feature","properties":{"name":"下石神井千川児童遊園"},"geometry":{"type":"Point","coordinates":[139.6060165,35.7277362]}},
{"type":"Feature","properties":{"name":"上久保児童遊園"},"geometry":{"type":"Point","coordinates":[139.6048453,35.7326646]}},
{"type":"Feature","properties":{"name":"貫井五丁目児童遊園"},"geometry":{"type":"Point","coordinates":[139.6351833,35.7433839]}},
{"type":"Feature","properties":{"name":"貫井北児童遊園"},"geometry":{"type":"Point","coordinates":[139.6339201,35.7447285]}},
{"type":"Feature","properties":{"name":"貫井むくどり児童遊園"},"geometry":{"type":"Point","coordinates":[139.6269266,35.7374398]}},
{"type":"Feature","properties":{"name":"たじま児童遊園"},"geometry":{"type":"Point","coordinates":[139.6286315,35.7418035]}},
{"type":"Feature","properties":{"name":"日の出児童遊園"},"geometry":{"type":"Point","coordinates":[139.5856988,35.7248208]}},
{"type":"Feature","properties":{"name":"さわやか児童遊園"},"geometry":{"type":"Point","coordinates":[139.5851069,35.7261077]}},
{"type":"Feature","properties":{"name":"しもたけ児童遊園"},"geometry":{"type":"Point","coordinates":[139.5827126,35.7276864]}},
{"type":"Feature","properties":{"name":"青葉児童遊園"},"geometry":{"type":"Point","coordinates":[139.5942285,35.7197669]}},
{"type":"Feature","properties":{"name":"竹のこ児童遊園"},"geometry":{"type":"Point","coordinates":[139.5937875,35.7209927]}},
{"type":"Feature","properties":{"name":"関町南ぺんぎん児童遊園"},"geometry":{"type":"Point","coordinates":[139.5917583,35.7212329]}},
{"type":"Feature","properties":{"name":"わかくさ児童遊園"},"geometry":{"type":"Point","coordinates":[139.5811481,35.7223212]}},
{"type":"Feature","properties":{"name":"こどもの庭児童遊園"},"geometry":{"type":"Point","coordinates":[139.5780805,35.7221921]}},
{"type":"Feature","properties":{"name":"千川北児童遊園"},"geometry":{"type":"Point","coordinates":[139.5835777,35.7212492]}},
{"type":"Feature","properties":{"name":"さんかく児童遊園"},"geometry":{"type":"Point","coordinates":[139.5721752,35.721912]}},
{"type":"Feature","properties":{"name":"関町一丁目児童遊園"},"geometry":{"type":"Point","coordinates":[139.5860403,35.7145154]}},
{"type":"Feature","properties":{"name":"ちろりんむら児童遊園"},"geometry":{"type":"Point","coordinates":[139.5745199,35.7345564]}},
{"type":"Feature","properties":{"name":"若竹児童遊園"},"geometry":{"type":"Point","coordinates":[139.5732516,35.7342043]}},
{"type":"Feature","properties":{"name":"かわきた児童遊園"},"geometry":{"type":"Point","coordinates":[139.5751271,35.7318749]}},
{"type":"Feature","properties":{"name":"関町北児童遊園"},"geometry":{"type":"Point","coordinates":[139.5701152,35.7320675]}},
{"type":"Feature","properties":{"name":"かみたけ児童遊園"},"geometry":{"type":"Point","coordinates":[139.5703435,35.7241275]}},
{"type":"Feature","properties":{"name":"関北けやき児童遊園"},"geometry":{"type":"Point","coordinates":[139.5696086,35.7258645]}},
{"type":"Feature","properties":{"name":"大関児童遊園"},"geometry":{"type":"Point","coordinates":[139.5693534,35.7308997]}},
{"type":"Feature","properties":{"name":"関町北第二児童遊園"},"geometry":{"type":"Point","coordinates":[139.57641,35.7308686]}},
{"type":"Feature","properties":{"name":"にしき児童遊園"},"geometry":{"type":"Point","coordinates":[139.6693344,35.7602936]}},
{"type":"Feature","properties":{"name":"田柄川児童遊園"},"geometry":{"type":"Point","coordinates":[139.6681446,35.7605623]}},
{"type":"Feature","properties":{"name":"むかいはら児童遊園"},"geometry":{"type":"Point","coordinates":[139.6391733,35.7414206]}},
{"type":"Feature","properties":{"name":"こばと児童遊園"},"geometry":{"type":"Point","coordinates":[139.6419464,35.7394845]}},
{"type":"Feature","properties":{"name":"富士児童遊園"},"geometry":{"type":"Point","coordinates":[139.633565,35.7505377]}},
{"type":"Feature","properties":{"name":"西の台児童遊園"},"geometry":{"type":"Point","coordinates":[139.6208445,35.7542928]}},
{"type":"Feature","properties":{"name":"高松やまぶき児童遊園"},"geometry":{"type":"Point","coordinates":[139.6267446,35.7470482]}},
{"type":"Feature","properties":{"name":"わかみや児童遊園"},"geometry":{"type":"Point","coordinates":[139.6298682,35.7479955]}},
{"type":"Feature","properties":{"name":"高松二丁目児童遊園"},"geometry":{"type":"Point","coordinates":[139.6298935,35.7462295]}},
{"type":"Feature","properties":{"name":"高松六丁目児童遊園"},"geometry":{"type":"Point","coordinates":[139.614728,35.7565211]}},
{"type":"Feature","properties":{"name":"つくし児童遊園"},"geometry":{"type":"Point","coordinates":[139.6188916,35.7602328]}},
{"type":"Feature","properties":{"name":"高野台つつじ児童遊園"},"geometry":{"type":"Point","coordinates":[139.6189767,35.7445345]}},
{"type":"Feature","properties":{"name":"高野台三丁目児童遊園"},"geometry":{"type":"Point","coordinates":[139.6164259,35.7450509]}},
{"type":"Feature","properties":{"name":"なんごう児童遊園"},"geometry":{"type":"Point","coordinates":[139.6142057,35.7452437]}},
{"type":"Feature","properties":{"name":"なんごう児童遊園"},"geometry":{"type":"Point","coordinates":[139.6140617,35.745403]}},
{"type":"Feature","properties":{"name":"高野台児童遊園"},"geometry":{"type":"Point","coordinates":[139.6131407,35.7453884]}},
{"type":"Feature","properties":{"name":"高野台四丁目児童遊園"},"geometry":{"type":"Point","coordinates":[139.6144728,35.748974]}},
{"type":"Feature","properties":{"name":"中郷児童遊園"},"geometry":{"type":"Point","coordinates":[139.6160355,35.7467247]}},
{"type":"Feature","properties":{"name":"二之橋児童遊園"},"geometry":{"type":"Point","coordinates":[139.6202201,35.7450071]}},
{"type":"Feature","properties":{"name":"桜台児童遊園"},"geometry":{"type":"Point","coordinates":[139.6624252,35.7407203]}},
{"type":"Feature","properties":{"name":"杉の子児童遊園"},"geometry":{"type":"Point","coordinates":[139.6654951,35.7468363]}},
{"type":"Feature","properties":{"name":"北田中児童遊園"},"geometry":{"type":"Point","coordinates":[139.605738,35.7535012]}},
{"type":"Feature","properties":{"name":"三原台かるみあ児童遊園"},"geometry":{"type":"Point","coordinates":[139.6059582,35.7504803]}},
{"type":"Feature","properties":{"name":"三原台二丁目児童遊園"},"geometry":{"type":"Point","coordinates":[139.6036748,35.7568223]}},
{"type":"Feature","properties":{"name":"三原台にこにこ児童遊園"},"geometry":{"type":"Point","coordinates":[139.6039656,35.7563236]}},
{"type":"Feature","properties":{"name":"三原台はなもも児童遊園"},"geometry":{"type":"Point","coordinates":[139.6027259,35.7572578]}},
{"type":"Feature","properties":{"name":"びくに児童遊園"},"geometry":{"type":"Point","coordinates":[139.6017568,35.7564828]}},
{"type":"Feature","properties":{"name":"春日町ぐみのみ児童遊園"},"geometry":{"type":"Point","coordinates":[139.6381872,35.7464472]}},
{"type":"Feature","properties":{"name":"春日児童遊園"},"geometry":{"type":"Point","coordinates":[139.6412865,35.7487457]}},
{"type":"Feature","properties":{"name":"かすが中の宮児童遊園"},"geometry":{"type":"Point","coordinates":[139.6407271,35.7505251]}},
{"type":"Feature","properties":{"name":"春日町しゃらのき児童遊園"},"geometry":{"type":"Point","coordinates":[139.6445194,35.7581371]}},
{"type":"Feature","properties":{"name":"はぎのき児童遊園"},"geometry":{"type":"Point","coordinates":[139.6466872,35.7572368]}},
{"type":"Feature","properties":{"name":"小竹児童遊園"},"geometry":{"type":"Point","coordinates":[139.6767963,35.7414403]}},
{"type":"Feature","properties":{"name":"上石千川児童遊園"},"geometry":{"type":"Point","coordinates":[139.593299,35.7241638]}},
{"type":"Feature","properties":{"name":"上石もくれん児童遊園"},"geometry":{"type":"Point","coordinates":[139.5953681,35.7307599]}},
{"type":"Feature","properties":{"name":"上石神井児童遊園"},"geometry":{"type":"Point","coordinates":[139.5991529,35.733203]}},
{"type":"Feature","properties":{"name":"上石神井ちびっこ児童遊園"},"geometry":{"type":"Point","coordinates":[139.5870538,35.7269905]}},
{"type":"Feature","properties":{"name":"原久保児童遊園"},"geometry":{"type":"Point","coordinates":[139.5964345,35.7231918]}},
{"type":"Feature","properties":{"name":"あやめ児童遊園"},"geometry":{"type":"Point","coordinates":[139.5788618,35.7534296]}},
{"type":"Feature","properties":{"name":"のぞみ児童遊園"},"geometry":{"type":"Point","coordinates":[139.5698046,35.7535879]}},
{"type":"Feature","properties":{"name":"西大泉ふよう児童遊園"},"geometry":{"type":"Point","coordinates":[139.5712859,35.7598111]}},
{"type":"Feature","properties":{"name":"西大泉あさひ児童遊園"},"geometry":{"type":"Point","coordinates":[139.5685707,35.7589122]}},
{"type":"Feature","properties":{"name":"西大泉さくら児童遊園"},"geometry":{"type":"Point","coordinates":[139.5658033,35.7581226]}},
{"type":"Feature","properties":{"name":"西大泉さくら児童遊園"},"geometry":{"type":"Point","coordinates":[139.5661428,35.7581443]}},
{"type":"Feature","properties":{"name":"西大泉やまもも児童遊園"},"geometry":{"type":"Point","coordinates":[139.5657103,35.7598873]}},
{"type":"Feature","properties":{"name":"むさしの児童遊園"},"geometry":{"type":"Point","coordinates":[139.5651967,35.760434]}},
{"type":"Feature","properties":{"name":"西大泉五丁目児童遊園"},"geometry":{"type":"Point","coordinates":[139.570194,35.7601554]}},
{"type":"Feature","properties":{"name":"西大泉三丁目児童遊園"},"geometry":{"type":"Point","coordinates":[139.5838718,35.7551009]}},
{"type":"Feature","properties":{"name":"西大泉児童遊園"},"geometry":{"type":"Point","coordinates":[139.5750666,35.7620106]}},
{"type":"Feature","properties":{"name":"ききょう児童遊園"},"geometry":{"type":"Point","coordinates":[139.5780739,35.7647194]}},
{"type":"Feature","properties":{"name":"西泉児童遊園"},"geometry":{"type":"Point","coordinates":[139.5756518,35.7563453]}},
{"type":"Feature","properties":{"name":"おざく児童遊園"},"geometry":{"type":"Point","coordinates":[139.5668529,35.7621835]}},
{"type":"Feature","properties":{"name":"西大泉さかい児童遊園"},"geometry":{"type":"Point","coordinates":[139.5639319,35.7623916]}},
{"type":"Feature","properties":{"name":"あけぼの児童遊園"},"geometry":{"type":"Point","coordinates":[139.5861103,35.7365131]}},
{"type":"Feature","properties":{"name":"しいのき児童遊園"},"geometry":{"type":"Point","coordinates":[139.5881742,35.7374364]}},
{"type":"Feature","properties":{"name":"わんぱく児童遊園"},"geometry":{"type":"Point","coordinates":[139.5865027,35.7379434]}},
{"type":"Feature","properties":{"name":"新緑の森児童遊園"},"geometry":{"type":"Point","coordinates":[139.5939193,35.7426511]}},
{"type":"Feature","properties":{"name":"あさがお児童遊園"},"geometry":{"type":"Point","coordinates":[139.5898397,35.7328215]}},
{"type":"Feature","properties":{"name":"小関第二児童遊園"},"geometry":{"type":"Point","coordinates":[139.5792739,35.7320596]}},
{"type":"Feature","properties":{"name":"石神井台七丁目児童遊園"},"geometry":{"type":"Point","coordinates":[139.5799142,35.7330935]}},
{"type":"Feature","properties":{"name":"さざんか児童遊園"},"geometry":{"type":"Point","coordinates":[139.5794947,35.733842]}},
{"type":"Feature","properties":{"name":"小関児童遊園"},"geometry":{"type":"Point","coordinates":[139.5777351,35.7336727]}},
{"type":"Feature","properties":{"name":"石神井台八丁目児童遊園"},"geometry":{"type":"Point","coordinates":[139.5815922,35.735434]}},
{"type":"Feature","properties":{"name":"おはよう児童遊園"},"geometry":{"type":"Point","coordinates":[139.5874202,35.740272]}},
{"type":"Feature","properties":{"name":"ゆうやけ児童遊園"},"geometry":{"type":"Point","coordinates":[139.5850631,35.7407018]}},
{"type":"Feature","properties":{"name":"しゃくいち児童遊園"},"geometry":{"type":"Point","coordinates":[139.6085039,35.7424586]}},
{"type":"Feature","properties":{"name":"石神井町七丁目児童遊園"},"geometry":{"type":"Point","coordinates":[139.5999776,35.7449444]}},
{"type":"Feature","properties":{"name":"和田児童遊園"},"geometry":{"type":"Point","coordinates":[139.6062686,35.7479811]}},
{"type":"Feature","properties":{"name":"石神井つばめ児童遊園"},"geometry":{"type":"Point","coordinates":[139.6108442,35.7434762]}},
{"type":"Feature","properties":{"name":"石神井町八丁目児童遊園"},"geometry":{"type":"Point","coordinates":[139.602827,35.7462836]}},
{"type":"Feature","properties":{"name":"石神児童遊園"},"geometry":{"type":"Point","coordinates":[139.5985078,35.7460955]}},
{"type":"Feature","properties":{"name":"もちの木児童遊園"},"geometry":{"type":"Point","coordinates":[139.6002047,35.7418788]}},
{"type":"Feature","properties":{"name":"早一中央児童遊園"},"geometry":{"type":"Point","coordinates":[139.6609207,35.7518757]}},
{"type":"Feature","properties":{"name":"東早淵児童遊園"},"geometry":{"type":"Point","coordinates":[139.6597605,35.7506541]}},
{"type":"Feature","properties":{"name":"早宮一丁目児童遊園"},"geometry":{"type":"Point","coordinates":[139.6587526,35.7504529]}},
{"type":"Feature","properties":{"name":"早宮三丁目児童遊園"},"geometry":{"type":"Point","coordinates":[139.6523651,35.7482724]}},
{"type":"Feature","properties":{"name":"なかみや児童遊園"},"geometry":{"type":"Point","coordinates":[139.6520306,35.7494103]}},
{"type":"Feature","properties":{"name":"ふたば児童遊園"},"geometry":{"type":"Point","coordinates":[139.6503662,35.7482574]}},
{"type":"Feature","properties":{"name":"ゆりのき児童遊園"},"geometry":{"type":"Point","coordinates":[139.651833,35.7527066]}},
{"type":"Feature","properties":{"name":"北宮児童遊園"},"geometry":{"type":"Point","coordinates":[139.6509542,35.7496975]}},
{"type":"Feature","properties":{"name":"早宮ひよこ児童遊園"},"geometry":{"type":"Point","coordinates":[139.6491462,35.7516132]}},
{"type":"Feature","properties":{"name":"ながかいどう児童遊園"},"geometry":{"type":"Point","coordinates":[139.6568451,35.7553187]}},
{"type":"Feature","properties":{"name":"学園みどり児童遊園"},"geometry":{"type":"Point","coordinates":[139.5863232,35.7677534]}},
{"type":"Feature","properties":{"name":"はなのくぼ児童遊園"},"geometry":{"type":"Point","coordinates":[139.5793132,35.7662648]}},
{"type":"Feature","properties":{"name":"泉が丘児童遊園"},"geometry":{"type":"Point","coordinates":[139.5822354,35.7628364]}},
{"type":"Feature","properties":{"name":"学園さくら児童遊園"},"geometry":{"type":"Point","coordinates":[139.590368,35.7754697]}},
{"type":"Feature","properties":{"name":"むくのき児童遊園"},"geometry":{"type":"Point","coordinates":[139.5815737,35.7580775]}},
{"type":"Feature","properties":{"name":"影山後児童遊園"},"geometry":{"type":"Point","coordinates":[139.595211,35.7713494]}},
{"type":"Feature","properties":{"name":"学園児童遊園"},"geometry":{"type":"Point","coordinates":[139.5864874,35.769333]}},
{"type":"Feature","properties":{"name":"やまばと児童遊園"},"geometry":{"type":"Point","coordinates":[139.5810048,35.7709801]}},
{"type":"Feature","properties":{"name":"富士見ヶ丘児童遊園"},"geometry":{"type":"Point","coordinates":[139.6066452,35.7688501]}},
{"type":"Feature","properties":{"name":"北大泉児童遊園"},"geometry":{"type":"Point","coordinates":[139.5964628,35.7584874]}},
{"type":"Feature","properties":{"name":"大泉町三丁目児童遊園"},"geometry":{"type":"Point","coordinates":[139.5985392,35.7677462]}},
{"type":"Feature","properties":{"name":"北大泉第二児童遊園"},"geometry":{"type":"Point","coordinates":[139.6006757,35.7633512]}},
{"type":"Feature","properties":{"name":"大泉町かつら児童遊園"},"geometry":{"type":"Point","coordinates":[139.5955186,35.7674684]}},
{"type":"Feature","properties":{"name":"大泉町なかよし児童遊園"},"geometry":{"type":"Point","coordinates":[139.5965435,35.770028]}},
{"type":"Feature","properties":{"name":"影山児童遊園"},"geometry":{"type":"Point","coordinates":[139.5935349,35.7632963]}},
{"type":"Feature","properties":{"name":"関越下児童遊園"},"geometry":{"type":"Point","coordinates":[139.6006337,35.7572319]}},
{"type":"Feature","properties":{"name":"くりやばし児童遊園"},"geometry":{"type":"Point","coordinates":[139.5937823,35.7561556]}},
{"type":"Feature","properties":{"name":"あおぞら児童遊園"},"geometry":{"type":"Point","coordinates":[139.5911576,35.7565949]}},
{"type":"Feature","properties":{"name":"びくに西児童遊園"},"geometry":{"type":"Point","coordinates":[139.5966417,35.7567651]}},
{"type":"Feature","properties":{"name":"中の台児童遊園"},"geometry":{"type":"Point","coordinates":[139.6181175,35.7554734]}},
{"type":"Feature","properties":{"name":"そよかぜ児童遊園"},"geometry":{"type":"Point","coordinates":[139.6159671,35.7527682]}},
{"type":"Feature","properties":{"name":"北原児童遊園"},"geometry":{"type":"Point","coordinates":[139.6127727,35.7535629]}},
{"type":"Feature","properties":{"name":"ひまわり児童遊園"},"geometry":{"type":"Point","coordinates":[139.6160749,35.7501131]}},
{"type":"Feature","properties":{"name":"谷原あんず児童遊園"},"geometry":{"type":"Point","coordinates":[139.6114688,35.7560213]}},
{"type":"Feature","properties":{"name":"谷原児童遊園"},"geometry":{"type":"Point","coordinates":[139.6122388,35.7576409]}},
{"type":"Feature","properties":{"name":"中村児童遊園"},"geometry":{"type":"Point","coordinates":[139.6470224,35.7329873]}},
{"type":"Feature","properties":{"name":"中村富士児童遊園"},"geometry":{"type":"Point","coordinates":[139.6461022,35.7324656]}},
{"type":"Feature","properties":{"name":"ちどり児童遊園"},"geometry":{"type":"Point","coordinates":[139.6480488,35.7329423]}},
{"type":"Feature","properties":{"name":"中村第二児童遊園"},"geometry":{"type":"Point","coordinates":[139.6470104,35.7288732]}},
{"type":"Feature","properties":{"name":"田柄さつき児童遊園"},"geometry":{"type":"Point","coordinates":[139.6486563,35.7608502]}},
{"type":"Feature","properties":{"name":"上田柄児童遊園"},"geometry":{"type":"Point","coordinates":[139.6378394,35.7601589]}},
{"type":"Feature","properties":{"name":"田柄しゃらのき児童遊園"},"geometry":{"type":"Point","coordinates":[139.6408771,35.7633721]}},
{"type":"Feature","properties":{"name":"田柄もくせい児童遊園"},"geometry":{"type":"Point","coordinates":[139.6470103,35.7660504]}},
{"type":"Feature","properties":{"name":"田柄児童遊園"},"geometry":{"type":"Point","coordinates":[139.6461072,35.7637435]}},
{"type":"Feature","properties":{"name":"らいらっく児童遊園"},"geometry":{"type":"Point","coordinates":[139.6177309,35.7659315]}},
{"type":"Feature","properties":{"name":"つつじ山児童遊園"},"geometry":{"type":"Point","coordinates":[139.6149973,35.7653135]}},
{"type":"Feature","properties":{"name":"たわらくぼ児童遊園"},"geometry":{"type":"Point","coordinates":[139.6169745,35.7626653]}},
{"type":"Feature","properties":{"name":"すみれ児童遊園"},"geometry":{"type":"Point","coordinates":[139.6054891,35.7593575]}},
{"type":"Feature","properties":{"name":"八幡児童遊園"},"geometry":{"type":"Point","coordinates":[139.614223,35.7682475]}},
{"type":"Feature","properties":{"name":"どんぐり児童遊園"},"geometry":{"type":"Point","coordinates":[139.613821,35.7632159]}},
{"type":"Feature","properties":{"name":"東大泉児童遊園"},"geometry":{"type":"Point","coordinates":[139.5928685,35.7481192]}},
{"type":"Feature","properties":{"name":"東大泉はなみずき児童遊園"},"geometry":{"type":"Point","coordinates":[139.5959302,35.7479615]}},
{"type":"Feature","properties":{"name":"東大泉第二児童遊園"},"geometry":{"type":"Point","coordinates":[139.5943257,35.7468344]}},
{"type":"Feature","properties":{"name":"外山橋南児童遊園"},"geometry":{"type":"Point","coordinates":[139.5919958,35.7524823]}},
{"type":"Feature","properties":{"name":"しらゆり児童遊園"},"geometry":{"type":"Point","coordinates":[139.5799751,35.7452836]}},
{"type":"Feature","properties":{"name":"つくしの子児童遊園"},"geometry":{"type":"Point","coordinates":[139.5978711,35.753431]}},
{"type":"Feature","properties":{"name":"東映前児童遊園"},"geometry":{"type":"Point","coordinates":[139.5935212,35.7521423]}},
{"type":"Feature","properties":{"name":"東大泉もっこく児童遊園"},"geometry":{"type":"Point","coordinates":[139.5833664,35.747523]}},
{"type":"Feature","properties":{"name":"東大泉南児童遊園"},"geometry":{"type":"Point","coordinates":[139.5818509,35.7421469]}},
{"type":"Feature","properties":{"name":"南泉台児童遊園"},"geometry":{"type":"Point","coordinates":[139.5736291,35.7386486]}},
{"type":"Feature","properties":{"name":"梅の木児童遊園"},"geometry":{"type":"Point","coordinates":[139.5763853,35.7378959]}},
{"type":"Feature","properties":{"name":"くろまつ児童遊園"},"geometry":{"type":"Point","coordinates":[139.5743205,35.7519062]}},
{"type":"Feature","properties":{"name":"はないずみ児童遊園"},"geometry":{"type":"Point","coordinates":[139.5745042,35.7512541]}},
{"type":"Feature","properties":{"name":"南大泉まんさく児童遊園"},"geometry":{"type":"Point","coordinates":[139.5718031,35.7518241]}},
{"type":"Feature","properties":{"name":"南大泉五丁目児童遊園"},"geometry":{"type":"Point","coordinates":[139.5775386,35.7498755]}},
{"type":"Feature","properties":{"name":"南大泉かきのき児童遊園"},"geometry":{"type":"Point","coordinates":[139.5716293,35.7438055]}},
{"type":"Feature","properties":{"name":"大星児童遊園"},"geometry":{"type":"Point","coordinates":[139.568431,35.7420016]}},
{"type":"Feature","properties":{"name":"南大泉三丁目児童遊園"},"geometry":{"type":"Point","coordinates":[139.5683637,35.7428116]}},
{"type":"Feature","properties":{"name":"南大泉第二児童遊園"},"geometry":{"type":"Point","coordinates":[139.5722881,35.7404047]}},
{"type":"Feature","properties":{"name":"いずみ児童遊園"},"geometry":{"type":"Point","coordinates":[139.5683656,35.7469054]}},
{"type":"Feature","properties":{"name":"井頭西児童遊園"},"geometry":{"type":"Point","coordinates":[139.5720429,35.745597]}},
{"type":"Feature","properties":{"name":"南大泉四丁目児童遊園"},"geometry":{"type":"Point","coordinates":[139.574011,35.7455341]}},
{"type":"Feature","properties":{"name":"まつむし児童遊園"},"geometry":{"type":"Point","coordinates":[139.5704213,35.7381275]}},
{"type":"Feature","properties":{"name":"南大泉児童遊園"},"geometry":{"type":"Point","coordinates":[139.5709876,35.7353789]}},
{"type":"Feature","properties":{"name":"庄部児童遊園"},"geometry":{"type":"Point","coordinates":[139.5717986,35.7383566]}},
{"type":"Feature","properties":{"name":"前新田児童遊園"},"geometry":{"type":"Point","coordinates":[139.5689363,35.736037]}},
{"type":"Feature","properties":{"name":"前新田児童遊園"},"geometry":{"type":"Point","coordinates":[139.5692735,35.7361611]}},
{"type":"Feature","properties":{"name":"ひよどり児童遊園"},"geometry":{"type":"Point","coordinates":[139.5731474,35.7524078]}},
{"type":"Feature","properties":{"name":"あすなろ児童遊園"},"geometry":{"type":"Point","coordinates":[139.6178725,35.731567]}},
{"type":"Feature","properties":{"name":"かしのき児童遊園"},"geometry":{"type":"Point","coordinates":[139.6153728,35.7367562]}},
{"type":"Feature","properties":{"name":"やまびこ児童遊園"},"geometry":{"type":"Point","coordinates":[139.6116066,35.7336769]}},
{"type":"Feature","properties":{"name":"南田中児童遊園"},"geometry":{"type":"Point","coordinates":[139.6166454,35.7331707]}},
{"type":"Feature","properties":{"name":"ひばりが丘児童遊園"},"geometry":{"type":"Point","coordinates":[139.6662531,35.7539411]}},
{"type":"Feature","properties":{"name":"氷川児童遊園"},"geometry":{"type":"Point","coordinates":[139.6646564,35.7518128]}},
{"type":"Feature","properties":{"name":"氷川台四丁目児童遊園"},"geometry":{"type":"Point","coordinates":[139.6655368,35.7517946]}},
{"type":"Feature","properties":{"name":"千川児童遊園"},"geometry":{"type":"Point","coordinates":[139.6258818,35.732988]}},
{"type":"Feature","properties":{"name":"ふじいち児童遊園"},"geometry":{"type":"Point","coordinates":[139.6246898,35.7324316]}},
{"type":"Feature","properties":{"name":"ぞうさん児童遊園"},"geometry":{"type":"Point","coordinates":[139.623883,35.7409162]}},
{"type":"Feature","properties":{"name":"富士見台児童遊園"},"geometry":{"type":"Point","coordinates":[139.6233719,35.7378438]}},
{"type":"Feature","properties":{"name":"富士見台三丁目児童遊園"},"geometry":{"type":"Point","coordinates":[139.6251985,35.7369177]}},
{"type":"Feature","properties":{"name":"富士見台四丁目児童遊園"},"geometry":{"type":"Point","coordinates":[139.6241986,35.7449486]}},
{"type":"Feature","properties":{"name":"平和台ひまわり児童遊園"},"geometry":{"type":"Point","coordinates":[139.6618014,35.7548968]}},
{"type":"Feature","properties":{"name":"平和台えのき児童遊園"},"geometry":{"type":"Point","coordinates":[139.6557857,35.7579604]}},
{"type":"Feature","properties":{"name":"仲町西児童遊園"},"geometry":{"type":"Point","coordinates":[139.6605348,35.7605926]}},
{"type":"Feature","properties":{"name":"平和台なでしこ児童遊園"},"geometry":{"type":"Point","coordinates":[139.6597133,35.7599978]}},
{"type":"Feature","properties":{"name":"こもれび児童遊園"},"geometry":{"type":"Point","coordinates":[139.6492938,35.732259]}},
{"type":"Feature","properties":{"name":"豊玉北児童遊園"},"geometry":{"type":"Point","coordinates":[139.6614273,35.7328574]}},
{"type":"Feature","properties":{"name":"豊玉やまもも児童遊園"},"geometry":{"type":"Point","coordinates":[139.6646576,35.7313905]}},
{"type":"Feature","properties":{"name":"豊玉なかよし児童遊園"},"geometry":{"type":"Point","coordinates":[139.6618224,35.7303779]}},
{"type":"Feature","properties":{"name":"中新井川児童遊園"},"geometry":{"type":"Point","coordinates":[139.6498296,35.7278438]}},
{"type":"Feature","properties":{"name":"豊玉くすのき児童遊園"},"geometry":{"type":"Point","coordinates":[139.6679631,35.7315189]}},
{"type":"Feature","properties":{"name":"北五らいらっく児童遊園"},"geometry":{"type":"Point","coordinates":[139.6557138,35.7634315]}},
{"type":"Feature","properties":{"name":"北町三丁目児童遊園"},"geometry":{"type":"Point","coordinates":[139.6520585,35.7678166]}},
{"type":"Feature","properties":{"name":"北町わかば児童遊園"},"geometry":{"type":"Point","coordinates":[139.6594414,35.7671327]}},
{"type":"Feature","properties":{"name":"わらべ児童遊園"},"geometry":{"type":"Point","coordinates":[139.6544875,35.7599453]}},
{"type":"Feature","properties":{"name":"立野児童遊園"},"geometry":{"type":"Point","coordinates":[139.5811506,35.7161731]}},
{"type":"Feature","properties":{"name":"かわせみの森児童遊園"},"geometry":{"type":"Point","coordinates":[139.6084255,35.7366288]}},
{"type":"Feature","properties":{"name":"こぐれ児童遊園"},"geometry":{"type":"Point","coordinates":[139.5925039,35.7665002]}},
{"type":"Feature","properties":{"name":"谷原三丁目児童遊園"},"geometry":{"type":"Point","coordinates":[139.6190632,35.7527599]}},
{"type":"Feature","properties":{"name":"田柄一丁目児童遊園"},"geometry":{"type":"Point","coordinates":[139.6438177,35.759177]}},
{"type":"Feature","properties":{"name":"南が丘児童遊園"},"geometry":{"type":"Point","coordinates":[139.6128024,35.7328481]}},
{"type":"Feature","properties":{"name":"あゆみ児童遊園"},"geometry":{"type":"Point","coordinates":[139.6199232,35.7334394]}},
{"type":"Feature","properties":{"name":"くりやま児童遊園"},"geometry":{"type":"Point","coordinates":[139.655671,35.7425885]}},
{"type":"Feature","properties":{"name":"練馬ねむのき児童遊園"},"geometry":{"type":"Point","coordinates":[139.6540175,35.7436625]}},
{"type":"Feature","properties":{"name":"おくらやま憩いの森"},"geometry":{"type":"Point","coordinates":[139.6122812,35.7352777]}},
{"type":"Feature","properties":{"name":"南田中憩いの森"},"geometry":{"type":"Point","coordinates":[139.6125055,35.7386541]}},
{"type":"Feature","properties":{"name":"みのわ憩いの森"},"geometry":{"type":"Point","coordinates":[139.6205748,35.7507666]}},
{"type":"Feature","properties":{"name":"観音山憩いの森"},"geometry":{"type":"Point","coordinates":[139.5965982,35.7271858]}},
{"type":"Feature","properties":{"name":"中ノ宮竹林憩いの森"},"geometry":{"type":"Point","coordinates":[139.6331797,35.7525945]}},
{"type":"Feature","properties":{"name":"井頭こぶし憩いの森"},"geometry":{"type":"Point","coordinates":[139.5796798,35.7427564]}},
{"type":"Feature","properties":{"name":"井頭憩いの森"},"geometry":{"type":"Point","coordinates":[139.5785568,35.7430626]}},
{"type":"Feature","properties":{"name":"竹の子憩いの森"},"geometry":{"type":"Point","coordinates":[139.5749597,35.7550134]}},
{"type":"Feature","properties":{"name":"稲荷山憩いの森"},"geometry":{"type":"Point","coordinates":[139.6097488,35.76585]}},
{"type":"Feature","properties":{"name":"稲荷山憩いの森"},"geometry":{"type":"Point","coordinates":[139.6114324,35.7663898]}},
{"type":"Feature","properties":{"name":"羽根木憩いの森"},"geometry":{"type":"Point","coordinates":[139.6730322,35.7491863]}},
{"type":"Feature","properties":{"name":"羽根木憩いの森"},"geometry":{"type":"Point","coordinates":[139.6734289,35.7497221]}},
{"type":"Feature","properties":{"name":"長久保憩いの森"},"geometry":{"type":"Point","coordinates":[139.5975416,35.7740864]}},
{"type":"Feature","properties":{"name":"松山憩いの森"},"geometry":{"type":"Point","coordinates":[139.5818101,35.7358697]}},
{"type":"Feature","properties":{"name":"けやき憩いの森"},"geometry":{"type":"Point","coordinates":[139.5823496,35.737265]}},
{"type":"Feature","properties":{"name":"西本村憩いの森"},"geometry":{"type":"Point","coordinates":[139.5864079,35.7594792]}},
{"type":"Feature","properties":{"name":"関町北憩いの森"},"geometry":{"type":"Point","coordinates":[139.570688,35.7290502]}},
{"type":"Feature","properties":{"name":"上小榑憩いの森"},"geometry":{"type":"Point","coordinates":[139.5715924,35.7461149]}},
{"type":"Feature","properties":{"name":"新井憩いの森"},"geometry":{"type":"Point","coordinates":[139.5678744,35.7558514]}},
{"type":"Feature","properties":{"name":"綾瀬一丁目児童遊園"},"geometry":{"type":"Point","coordinates":[139.8209272,35.7589861]}},
{"type":"Feature","properties":{"name":"伊興五丁目第二児童遊園"},"geometry":{"type":"Point","coordinates":[139.782162,35.7980928]}},
{"type":"Feature","properties":{"name":"伊興五丁目児童遊園"},"geometry":{"type":"Point","coordinates":[139.7813001,35.7977894]}},
{"type":"Feature","properties":{"name":"伊興二丁目児童遊園"},"geometry":{"type":"Point","coordinates":[139.780932,35.7950353]}},
{"type":"Feature","properties":{"name":"伊興こもれび児童遊園"},"geometry":{"type":"Point","coordinates":[139.782181,35.7918536]}},
{"type":"Feature","properties":{"name":"伊興町前沼児童遊園"},"geometry":{"type":"Point","coordinates":[139.787537,35.7974617]}},
{"type":"Feature","properties":{"name":"伊興町前沼第二児童遊園"},"geometry":{"type":"Point","coordinates":[139.787433,35.7981763]}},
{"type":"Feature","properties":{"name":"加賀児童遊園"},"geometry":{"type":"Point","coordinates":[139.7579759,35.7911015]}},
{"type":"Feature","properties":{"name":"加賀二丁目児童遊園"},"geometry":{"type":"Point","coordinates":[139.7610322,35.792194]}},
{"type":"Feature","properties":{"name":"花畑八丁目児童遊園"},"geometry":{"type":"Point","coordinates":[139.8248055,35.8122233]}},
{"type":"Feature","properties":{"name":"桑袋北児童遊園"},"geometry":{"type":"Point","coordinates":[139.8243348,35.8127193]}},
{"type":"Feature","properties":{"name":"本木一丁目児童遊園"},"geometry":{"type":"Point","coordinates":[139.7886162,35.7642908]}},
{"type":"Feature","properties":{"name":"関原一丁目てのひら児童遊園"},"geometry":{"type":"Point","coordinates":[139.788772,35.7619772]}},
{"type":"Feature","properties":{"name":"関原二丁目第二児童遊園"},"geometry":{"type":"Point","coordinates":[139.7897058,35.7653189]}},
{"type":"Feature","properties":{"name":"関原二丁目児童遊園"},"geometry":{"type":"Point","coordinates":[139.7886372,35.7652596]}},
{"type":"Feature","properties":{"name":"関原南児童遊園"},"geometry":{"type":"Point","coordinates":[139.7882373,35.7663953]}},
{"type":"Feature","properties":{"name":"中曽根児童遊園"},"geometry":{"type":"Point","coordinates":[139.7865981,35.7663483]}},
{"type":"Feature","properties":{"name":"南宮城児童遊園"},"geometry":{"type":"Point","coordinates":[139.756212,35.7556954]}},
{"type":"Feature","properties":{"name":"興野児童遊園"},"geometry":{"type":"Point","coordinates":[139.7799225,35.7677178]}},
{"type":"Feature","properties":{"name":"興野二丁目児童遊園"},"geometry":{"type":"Point","coordinates":[139.7753181,35.7701356]}},
{"type":"Feature","properties":{"name":"栗原一丁目児童遊園"},"geometry":{"type":"Point","coordinates":[139.7877646,35.7814374]}},
{"type":"Feature","properties":{"name":"栗原三丁目児童遊園"},"geometry":{"type":"Point","coordinates":[139.782738,35.7786152]}},
{"type":"Feature","properties":{"name":"弘道一丁目ふれあい児童遊園"},"geometry":{"type":"Point","coordinates":[139.8103557,35.7688472]}},
{"type":"Feature","properties":{"name":"弘道二丁目児童遊園"},"geometry":{"type":"Point","coordinates":[139.8206722,35.7681784]}},
{"type":"Feature","properties":{"name":"高野三号緑地児童遊園"},"geometry":{"type":"Point","coordinates":[139.7683077,35.7672048]}},
{"type":"Feature","properties":{"name":"高野一号緑地児童遊園"},"geometry":{"type":"Point","coordinates":[139.7674567,35.7686206]}},
{"type":"Feature","properties":{"name":"高野二号緑地児童遊園"},"geometry":{"type":"Point","coordinates":[139.7674091,35.7678836]}},
{"type":"Feature","properties":{"name":"江北三丁目児童遊園"},"geometry":{"type":"Point","coordinates":[139.7602178,35.7740063]}},
{"type":"Feature","properties":{"name":"江北四丁目第二児童遊園"},"geometry":{"type":"Point","coordinates":[139.7678487,35.7754904]}},
{"type":"Feature","properties":{"name":"江北四丁目児童遊園"},"geometry":{"type":"Point","coordinates":[139.7688754,35.7738726]}},
{"type":"Feature","properties":{"name":"江北四丁目第三児童遊園"},"geometry":{"type":"Point","coordinates":[139.7700192,35.7736174]}},
{"type":"Feature","properties":{"name":"下沼田児童遊園"},"geometry":{"type":"Point","coordinates":[139.7653352,35.7695576]}},
{"type":"Feature","properties":{"name":"江北二丁目児童遊園"},"geometry":{"type":"Point","coordinates":[139.7640644,35.7680787]}},
{"type":"Feature","properties":{"name":"江北六丁目児童遊園"},"geometry":{"type":"Point","coordinates":[139.7684176,35.7815478]}},
{"type":"Feature","properties":{"name":"鹿浜二丁目児童遊園"},"geometry":{"type":"Point","coordinates":[139.749214,35.7800816]}},
{"type":"Feature","properties":{"name":"舎人一丁目児童遊園"},"geometry":{"type":"Point","coordinates":[139.7691777,35.80717]}},
{"type":"Feature","properties":{"name":"舎人児童遊園"},"geometry":{"type":"Point","coordinates":[139.7693187,35.8135809]}},
{"type":"Feature","properties":{"name":"舎人二丁目児童遊園"},"geometry":{"type":"Point","coordinates":[139.7734425,35.8108934]}},
{"type":"Feature","properties":{"name":"舎人第二児童遊園"},"geometry":{"type":"Point","coordinates":[139.7624625,35.8132011]}},
{"type":"Feature","properties":{"name":"小台一丁目児童遊園"},"geometry":{"type":"Point","coordinates":[139.7636875,35.7565645]}},
{"type":"Feature","properties":{"name":"新田二丁目児童遊園"},"geometry":{"type":"Point","coordinates":[139.7385924,35.7719014]}},
{"type":"Feature","properties":{"name":"神明はなみずき児童遊園"},"geometry":{"type":"Point","coordinates":[139.8308826,35.7920893]}},
{"type":"Feature","properties":{"name":"神明二丁目児童遊園"},"geometry":{"type":"Point","coordinates":[139.8334649,35.7932561]}},
{"type":"Feature","properties":{"name":"神明二丁目第二児童遊園"},"geometry":{"type":"Point","coordinates":[139.8340194,35.7946046]}},
{"type":"Feature","properties":{"name":"西綾瀬三丁目児童遊園"},"geometry":{"type":"Point","coordinates":[139.8171042,35.7652128]}},
{"type":"Feature","properties":{"name":"西綾瀬四丁目児童遊園"},"geometry":{"type":"Point","coordinates":[139.819765,35.7647069]}},
{"type":"Feature","properties":{"name":"西伊興児童遊園"},"geometry":{"type":"Point","coordinates":[139.7818853,35.8025681]}},
{"type":"Feature","properties":{"name":"西新井栄町一丁目児童遊園"},"geometry":{"type":"Point","coordinates":[139.7906523,35.7757088]}},
{"type":"Feature","properties":{"name":"西新井本町一丁目児童遊園"},"geometry":{"type":"Point","coordinates":[139.7804556,35.7769469]}},
{"type":"Feature","properties":{"name":"西新井本町一丁目にこにこ児童遊園"},"geometry":{"type":"Point","coordinates":[139.7802706,35.775958]}},
{"type":"Feature","properties":{"name":"西新井本町五丁目児童遊園"},"geometry":{"type":"Point","coordinates":[139.7825364,35.7718814]}},
{"type":"Feature","properties":{"name":"西新井第二児童遊園"},"geometry":{"type":"Point","coordinates":[139.7772579,35.7744887]}},
{"type":"Feature","properties":{"name":"西新井本町二丁目児童遊園"},"geometry":{"type":"Point","coordinates":[139.7730799,35.7772895]}},
{"type":"Feature","properties":{"name":"西保木間一丁目児童遊園"},"geometry":{"type":"Point","coordinates":[139.8010757,35.7969505]}},
{"type":"Feature","properties":{"name":"保木間児童遊園"},"geometry":{"type":"Point","coordinates":[139.7999348,35.8031191]}},
{"type":"Feature","properties":{"name":"西保木間二丁目児童遊園"},"geometry":{"type":"Point","coordinates":[139.7983501,35.7985994]}},
{"type":"Feature","properties":{"name":"青井一丁目児童遊園"},"geometry":{"type":"Point","coordinates":[139.8112314,35.7742089]}},
{"type":"Feature","properties":{"name":"二ツ家仲よし児童遊園"},"geometry":{"type":"Point","coordinates":[139.8168079,35.7755438]}},
{"type":"Feature","properties":{"name":"青和西児童遊園"},"geometry":{"type":"Point","coordinates":[139.8185829,35.7746213]}},
{"type":"Feature","properties":{"name":"青和東児童遊園"},"geometry":{"type":"Point","coordinates":[139.8219641,35.7747374]}},
{"type":"Feature","properties":{"name":"青井四丁目児童遊園"},"geometry":{"type":"Point","coordinates":[139.8214321,35.7759251]}},
{"type":"Feature","properties":{"name":"青井二丁目第二児童遊園"},"geometry":{"type":"Point","coordinates":[139.8150023,35.7737728]}},
{"type":"Feature","properties":{"name":"青井二丁目児童遊園"},"geometry":{"type":"Point","coordinates":[139.8124879,35.7709085]}},
{"type":"Feature","properties":{"name":"青井六丁目児童遊園"},"geometry":{"type":"Point","coordinates":[139.8134192,35.7761147]}},
{"type":"Feature","properties":{"name":"千住橋戸町児童遊園"},"geometry":{"type":"Point","coordinates":[139.7964544,35.7400687]}},
{"type":"Feature","properties":{"name":"千住元町児童遊園"},"geometry":{"type":"Point","coordinates":[139.7934526,35.7532735]}},
{"type":"Feature","properties":{"name":"千住寿町児童遊園"},"geometry":{"type":"Point","coordinates":[139.7987963,35.7528873]}},
{"type":"Feature","properties":{"name":"牛田児童遊園"},"geometry":{"type":"Point","coordinates":[139.8145622,35.7440735]}},
{"type":"Feature","properties":{"name":"牛田児童遊園"},"geometry":{"type":"Point","coordinates":[139.8151504,35.7443552]}},
{"type":"Feature","properties":{"name":"千住曙児童遊園"},"geometry":{"type":"Point","coordinates":[139.8109405,35.744308]}},
{"type":"Feature","properties":{"name":"曙町東児童遊園"},"geometry":{"type":"Point","coordinates":[139.816857,35.7418326]}},
{"type":"Feature","properties":{"name":"イトー児童遊園"},"geometry":{"type":"Point","coordinates":[139.7987032,35.7501379]}},
{"type":"Feature","properties":{"name":"千住東一丁目児童遊園"},"geometry":{"type":"Point","coordinates":[139.8033174,35.7440014]}},
{"type":"Feature","properties":{"name":"千住東町児童遊園"},"geometry":{"type":"Point","coordinates":[139.8078853,35.7451867]}},
{"type":"Feature","properties":{"name":"千住柳町児童遊園"},"geometry":{"type":"Point","coordinates":[139.7963544,35.7545764]}},
{"type":"Feature","properties":{"name":"千住緑町三丁目児童遊園"},"geometry":{"type":"Point","coordinates":[139.7905206,35.7476142]}},
{"type":"Feature","properties":{"name":"扇一丁目児童遊園"},"geometry":{"type":"Point","coordinates":[139.7734924,35.7610741]}},
{"type":"Feature","properties":{"name":"扇一丁目児童遊園"},"geometry":{"type":"Point","coordinates":[139.7734725,35.7612742]}},
{"type":"Feature","properties":{"name":"扇一丁目のびのび児童遊園"},"geometry":{"type":"Point","coordinates":[139.7746777,35.7618899]}},
{"type":"Feature","properties":{"name":"扇一丁目親栄児童遊園"},"geometry":{"type":"Point","coordinates":[139.7775114,35.7643728]}},
{"type":"Feature","properties":{"name":"足立一丁目児童遊園"},"geometry":{"type":"Point","coordinates":[139.8073906,35.7642859]}},
{"type":"Feature","properties":{"name":"たかさご友遊児童遊園"},"geometry":{"type":"Point","coordinates":[139.8065997,35.7625088]}},
{"type":"Feature","properties":{"name":"関原一丁目さんかく児童遊園"},"geometry":{"type":"Point","coordinates":[139.7891433,35.7639511]}},
{"type":"Feature","properties":{"name":"関原一丁目にこにこ児童遊園"},"geometry":{"type":"Point","coordinates":[139.789451,35.7627042]}},
{"type":"Feature","properties":{"name":"関原一丁目ほっと児童遊園"},"geometry":{"type":"Point","coordinates":[139.7904144,35.7628835]}},
{"type":"Feature","properties":{"name":"関三児童遊園"},"geometry":{"type":"Point","coordinates":[139.7878888,35.7706767]}},
{"type":"Feature","properties":{"name":"関三ひがし児童遊園"},"geometry":{"type":"Point","coordinates":[139.7902031,35.7708824]}},
{"type":"Feature","properties":{"name":"江北上沼田児童遊園"},"geometry":{"type":"Point","coordinates":[139.7629702,35.7738229]}},
{"type":"Feature","properties":{"name":"寺地児童遊園"},"geometry":{"type":"Point","coordinates":[139.7736783,35.7602543]}},
{"type":"Feature","properties":{"name":"扇二丁目児童遊園"},"geometry":{"type":"Point","coordinates":[139.7699217,35.7660513]}},
{"type":"Feature","properties":{"name":"ばんじん通り児童遊園"},"geometry":{"type":"Point","coordinates":[139.8092613,35.7621439]}},
{"type":"Feature","properties":{"name":"足立二丁目児童遊園"},"geometry":{"type":"Point","coordinates":[139.8123121,35.7605696]}},
{"type":"Feature","properties":{"name":"足立二丁目あかしあ児童遊園"},"geometry":{"type":"Point","coordinates":[139.8109743,35.7604596]}},
{"type":"Feature","properties":{"name":"日吉児童遊園"},"geometry":{"type":"Point","coordinates":[139.8126358,35.7593708]}},
{"type":"Feature","properties":{"name":"大谷田一丁目第三児童遊園"},"geometry":{"type":"Point","coordinates":[139.847256,35.7777276]}},
{"type":"Feature","properties":{"name":"大谷田一丁目児童遊園"},"geometry":{"type":"Point","coordinates":[139.8490171,35.7782742]}},
{"type":"Feature","properties":{"name":"大谷田一丁目第二児童遊園"},"geometry":{"type":"Point","coordinates":[139.8473267,35.7804808]}},
{"type":"Feature","properties":{"name":"大谷田三丁目児童遊園"},"geometry":{"type":"Point","coordinates":[139.8412646,35.7792281]}},
{"type":"Feature","properties":{"name":"大谷田二丁目第二児童遊園"},"geometry":{"type":"Point","coordinates":[139.8430351,35.7815607]}},
{"type":"Feature","properties":{"name":"大谷田二丁目児童遊園"},"geometry":{"type":"Point","coordinates":[139.8460497,35.7818206]}},
{"type":"Feature","properties":{"name":"辰沼二丁目児童遊園"},"geometry":{"type":"Point","coordinates":[139.8364379,35.7922978]}},
{"type":"Feature","properties":{"name":"竹の塚七丁目児童遊園"},"geometry":{"type":"Point","coordinates":[139.7970036,35.7986515]}},
{"type":"Feature","properties":{"name":"竹の塚六丁目児童遊園"},"geometry":{"type":"Point","coordinates":[139.7941887,35.7939009]}},
{"type":"Feature","properties":{"name":"やよい児童遊園"},"geometry":{"type":"Point","coordinates":[139.8045961,35.7717726]}},
{"type":"Feature","properties":{"name":"中央本町三丁目第二児童遊園"},"geometry":{"type":"Point","coordinates":[139.8085959,35.7719811]}},
{"type":"Feature","properties":{"name":"中央本町三丁目児童遊園"},"geometry":{"type":"Point","coordinates":[139.8088302,35.7723693]}},
{"type":"Feature","properties":{"name":"中央本町四丁目第二児童遊園"},"geometry":{"type":"Point","coordinates":[139.8093289,35.7737779]}},
{"type":"Feature","properties":{"name":"千住弥生東児童遊園"},"geometry":{"type":"Point","coordinates":[139.8059354,35.7691302]}},
{"type":"Feature","properties":{"name":"隅田あいあい児童遊園"},"geometry":{"type":"Point","coordinates":[139.8526123,35.7661458]}},
{"type":"Feature","properties":{"name":"長門はなの木児童遊園"},"geometry":{"type":"Point","coordinates":[139.8540584,35.7662324]}},
{"type":"Feature","properties":{"name":"中川一丁目児童遊園"},"geometry":{"type":"Point","coordinates":[139.8571368,35.7673014]}},
{"type":"Feature","properties":{"name":"中川四丁目児童遊園"},"geometry":{"type":"Point","coordinates":[139.84419,35.7748026]}},
{"type":"Feature","properties":{"name":"第六天児童遊園"},"geometry":{"type":"Point","coordinates":[139.8455695,35.769817]}},
{"type":"Feature","properties":{"name":"中川二丁目児童遊園"},"geometry":{"type":"Point","coordinates":[139.8563774,35.7688058]}},
{"type":"Feature","properties":{"name":"長門第一児童遊園"},"geometry":{"type":"Point","coordinates":[139.855446,35.7678349]}},
{"type":"Feature","properties":{"name":"島根四丁目児童遊園"},"geometry":{"type":"Point","coordinates":[139.7947923,35.7836563]}},
{"type":"Feature","properties":{"name":"島根二丁目児童遊園"},"geometry":{"type":"Point","coordinates":[139.8019599,35.7819064]}},
{"type":"Feature","properties":{"name":"中島根児童遊園"},"geometry":{"type":"Point","coordinates":[139.8022731,35.7846491]}},
{"type":"Feature","properties":{"name":"東和三丁目児童遊園"},"geometry":{"type":"Point","coordinates":[139.8392089,35.7708618]}},
{"type":"Feature","properties":{"name":"東和四丁目児童遊園"},"geometry":{"type":"Point","coordinates":[139.8426148,35.7749226]}},
{"type":"Feature","properties":{"name":"内匠本町児童遊園"},"geometry":{"type":"Point","coordinates":[139.8262025,35.7905831]}},
{"type":"Feature","properties":{"name":"南花畑二丁目児童遊園"},"geometry":{"type":"Point","coordinates":[139.8192755,35.792449]}},
{"type":"Feature","properties":{"name":"入谷東児童遊園"},"geometry":{"type":"Point","coordinates":[139.7714093,35.8043589]}},
{"type":"Feature","properties":{"name":"八千代児童遊園"},"geometry":{"type":"Point","coordinates":[139.8027793,35.7629099]}},
{"type":"Feature","properties":{"name":"梅田五丁目児童遊園"},"geometry":{"type":"Point","coordinates":[139.7943666,35.7689544]}},
{"type":"Feature","properties":{"name":"梅田五丁目第二児童遊園"},"geometry":{"type":"Point","coordinates":[139.7937059,35.7717404]}},
{"type":"Feature","properties":{"name":"梅田七丁目児童遊園"},"geometry":{"type":"Point","coordinates":[139.8013584,35.7699083]}},
{"type":"Feature","properties":{"name":"梅田二丁目児童遊園"},"geometry":{"type":"Point","coordinates":[139.8009252,35.7647971]}},
{"type":"Feature","properties":{"name":"梅田八丁目第一児童遊園"},"geometry":{"type":"Point","coordinates":[139.7945577,35.7720971]}},
{"type":"Feature","properties":{"name":"梅田八丁目第二児童遊園"},"geometry":{"type":"Point","coordinates":[139.7950865,35.7716558]}},
{"type":"Feature","properties":{"name":"梅島三丁目児童遊園"},"geometry":{"type":"Point","coordinates":[139.7918331,35.7763737]}},
{"type":"Feature","properties":{"name":"梅島三丁目第二児童遊園"},"geometry":{"type":"Point","coordinates":[139.7958819,35.7737588]}},
{"type":"Feature","properties":{"name":"平野二丁目児童遊園"},"geometry":{"type":"Point","coordinates":[139.8048764,35.781989]}},
{"type":"Feature","properties":{"name":"保木間五丁目児童遊園"},"geometry":{"type":"Point","coordinates":[139.8039437,35.8055924]}},
{"type":"Feature","properties":{"name":"保木間第七児童遊園"},"geometry":{"type":"Point","coordinates":[139.8028595,35.8025127]}},
{"type":"Feature","properties":{"name":"保木間四丁目児童遊園"},"geometry":{"type":"Point","coordinates":[139.8029895,35.8000305]}},
{"type":"Feature","properties":{"name":"本木西児童遊園"},"geometry":{"type":"Point","coordinates":[139.7805046,35.7624222]}},
{"type":"Feature","properties":{"name":"本木みどり児童遊園"},"geometry":{"type":"Point","coordinates":[139.779358,35.7632338]}},
{"type":"Feature","properties":{"name":"本木東児童遊園"},"geometry":{"type":"Point","coordinates":[139.7817218,35.7663755]}},
{"type":"Feature","properties":{"name":"本木南児童遊園"},"geometry":{"type":"Point","coordinates":[139.7818913,35.7630101]}},
{"type":"Feature","properties":{"name":"本木二丁目ことり児童遊園"},"geometry":{"type":"Point","coordinates":[139.7856715,35.764525]}},
{"type":"Feature","properties":{"name":"本木北児童遊園"},"geometry":{"type":"Point","coordinates":[139.7788597,35.7650672]}},
{"type":"Feature","properties":{"name":"柳原南児童遊園"},"geometry":{"type":"Point","coordinates":[139.8111276,35.7458331]}},
{"type":"Feature","properties":{"name":"柳原一丁目児童遊園"},"geometry":{"type":"Point","coordinates":[139.8124845,35.7463725]}},
{"type":"Feature","properties":{"name":"柳原東児童遊園"},"geometry":{"type":"Point","coordinates":[139.8159924,35.7446632]}},
{"type":"Feature","properties":{"name":"柳原東児童遊園"},"geometry":{"type":"Point","coordinates":[139.8163726,35.7447859]}},
{"type":"Feature","properties":{"name":"柳原二丁目児童遊園"},"geometry":{"type":"Point","coordinates":[139.8129981,35.749073]}},
{"type":"Feature","properties":{"name":"六月第六児童遊園"},"geometry":{"type":"Point","coordinates":[139.7937502,35.7863635]}},
{"type":"Feature","properties":{"name":"六月第五児童遊園"},"geometry":{"type":"Point","coordinates":[139.7946642,35.786274]}},
{"type":"Feature","properties":{"name":"六月第七児童遊園"},"geometry":{"type":"Point","coordinates":[139.794494,35.7851871]}},
{"type":"Feature","properties":{"name":"あおいプチテラス"},"geometry":{"type":"Point","coordinates":[139.8212003,35.7766485]}},
{"type":"Feature","properties":{"name":"足立三丁目プチテラス"},"geometry":{"type":"Point","coordinates":[139.8112079,35.7624869]}},
{"type":"Feature","properties":{"name":"足立二丁目プチテラス"},"geometry":{"type":"Point","coordinates":[139.8082046,35.7613908]}},
{"type":"Feature","properties":{"name":"足立四丁目ふれあいプチテラス"},"geometry":{"type":"Point","coordinates":[139.8076459,35.7651848]}},
{"type":"Feature","properties":{"name":"足立東プチテラス"},"geometry":{"type":"Point","coordinates":[139.8109789,35.7609892]}},
{"type":"Feature","properties":{"name":"綾瀬二丁目プチテラス"},"geometry":{"type":"Point","coordinates":[139.8288968,35.7622874]}},
{"type":"Feature","properties":{"name":"綾瀬四丁目プチテラス"},"geometry":{"type":"Point","coordinates":[139.821026,35.7638215]}},
{"type":"Feature","properties":{"name":"稲荷神社前プチテラス"},"geometry":{"type":"Point","coordinates":[139.7383948,35.7754277]}},
{"type":"Feature","properties":{"name":"梅田上町プチテラス"},"geometry":{"type":"Point","coordinates":[139.7912995,35.7634783]}},
{"type":"Feature","properties":{"name":"梅田三丁目プチテラス"},"geometry":{"type":"Point","coordinates":[139.7979153,35.7633246]}},
{"type":"Feature","properties":{"name":"梅田ほのぼのプチテラス"},"geometry":{"type":"Point","coordinates":[139.7932811,35.7709486]}},
{"type":"Feature","properties":{"name":"おうぎプチテラス"},"geometry":{"type":"Point","coordinates":[139.7776589,35.7607896]}},
{"type":"Feature","properties":{"name":"扇一丁目中央プチテラス"},"geometry":{"type":"Point","coordinates":[139.7745557,35.7629807]}},
{"type":"Feature","properties":{"name":"興野西庚申堂プチテラス"},"geometry":{"type":"Point","coordinates":[139.7755874,35.7695361]}},
{"type":"Feature","properties":{"name":"おきもとプチテラス"},"geometry":{"type":"Point","coordinates":[139.7827878,35.7681573]}},
{"type":"Feature","properties":{"name":"奥野邑プチテラス"},"geometry":{"type":"Point","coordinates":[139.7759335,35.7708141]}},
{"type":"Feature","properties":{"name":"掃部宿憩いのプチテラス"},"geometry":{"type":"Point","coordinates":[139.8001712,35.7448282]}},
{"type":"Feature","properties":{"name":"栗原三丁目プチテラス"},"geometry":{"type":"Point","coordinates":[139.7859842,35.7795532]}},
{"type":"Feature","properties":{"name":"江北四丁目プチテラス"},"geometry":{"type":"Point","coordinates":[139.7689872,35.7723948]}},
{"type":"Feature","properties":{"name":"小右衛門防災プチテラス"},"geometry":{"type":"Point","coordinates":[139.8063115,35.7773465]}},
{"type":"Feature","properties":{"name":"五反野プチテラス"},"geometry":{"type":"Point","coordinates":[139.8093097,35.7646613]}},
{"type":"Feature","properties":{"name":"五反野桂の木プチテラス"},"geometry":{"type":"Point","coordinates":[139.8090597,35.7603205]}},
{"type":"Feature","properties":{"name":"五反野南プチテラス"},"geometry":{"type":"Point","coordinates":[139.8088599,35.7605141]}},
{"type":"Feature","properties":{"name":"古千谷本町一丁目プチテラス"},"geometry":{"type":"Point","coordinates":[139.7738942,35.8014365]}},
{"type":"Feature","properties":{"name":"西門寺前プチテラス"},"geometry":{"type":"Point","coordinates":[139.7734592,35.8091547]}},
{"type":"Feature","properties":{"name":"神明一丁目プチテラス"},"geometry":{"type":"Point","coordinates":[139.8293233,35.7936599]}},
{"type":"Feature","properties":{"name":"関原一丁目こぶしの広場プチテラス"},"geometry":{"type":"Point","coordinates":[139.7901026,35.7643108]}},
{"type":"Feature","properties":{"name":"関原一丁目ゴンタプチテラス"},"geometry":{"type":"Point","coordinates":[139.7882595,35.7646161]}},
{"type":"Feature","properties":{"name":"関原一丁目西プチテラス"},"geometry":{"type":"Point","coordinates":[139.7883259,35.7629018]}},
{"type":"Feature","properties":{"name":"関原通りフラワープチテラス"},"geometry":{"type":"Point","coordinates":[139.7882568,35.7649448]}},
{"type":"Feature","properties":{"name":"関屋の里プチテラス"},"geometry":{"type":"Point","coordinates":[139.8111162,35.744343]}},
{"type":"Feature","properties":{"name":"千住あづまプチテラス"},"geometry":{"type":"Point","coordinates":[139.80683,35.7452278]}},
{"type":"Feature","properties":{"name":"千住宿奥の細道プチテラス"},"geometry":{"type":"Point","coordinates":[139.7985488,35.7412443]}},
{"type":"Feature","properties":{"name":"千住宿歴史プチテラス"},"geometry":{"type":"Point","coordinates":[139.7990148,35.7428439]}},
{"type":"Feature","properties":{"name":"千住仲町うさぎとかめのプチテラス"},"geometry":{"type":"Point","coordinates":[139.8032341,35.7460009]}},
{"type":"Feature","properties":{"name":"大乗院参道プチテラス"},"geometry":{"type":"Point","coordinates":[139.8006537,35.8004234]}},
{"type":"Feature","properties":{"name":"東和はなみずきプチテラス"},"geometry":{"type":"Point","coordinates":[139.8396675,35.7703002]}},
{"type":"Feature","properties":{"name":"舎人一丁目プチテラス"},"geometry":{"type":"Point","coordinates":[139.7722872,35.8061562]}},
{"type":"Feature","properties":{"name":"舎人五空プチテラス"},"geometry":{"type":"Point","coordinates":[139.7668782,35.8101003]}},
{"type":"Feature","properties":{"name":"舎人五丁目プチテラス"},"geometry":{"type":"Point","coordinates":[139.7658757,35.8093388]}},
{"type":"Feature","properties":{"name":"舎人二ツ橋プチテラス"},"geometry":{"type":"Point","coordinates":[139.7708739,35.8140024]}},
{"type":"Feature","properties":{"name":"仲町東プチテラス"},"geometry":{"type":"Point","coordinates":[139.8025693,35.7456753]}},
{"type":"Feature","properties":{"name":"流山街道名地プチテラス"},"geometry":{"type":"Point","coordinates":[139.8039411,35.7984681]}},
{"type":"Feature","properties":{"name":"西新井一丁目まちかどプチテラス"},"geometry":{"type":"Point","coordinates":[139.7832528,35.7820258]}},
{"type":"Feature","properties":{"name":"西新井大師前駅前プチテラス"},"geometry":{"type":"Point","coordinates":[139.7818505,35.7786059]}},
{"type":"Feature","properties":{"name":"西伊興一丁目梅の木プチテラス"},"geometry":{"type":"Point","coordinates":[139.7712599,35.7926162]}},
{"type":"Feature","properties":{"name":"西伊興三丁目プチテラス"},"geometry":{"type":"Point","coordinates":[139.7783974,35.8008195]}},
{"type":"Feature","properties":{"name":"狭間道プチテラス"},"geometry":{"type":"Point","coordinates":[139.7897009,35.8022538]}},
{"type":"Feature","properties":{"name":"はらプチテラス"},"geometry":{"type":"Point","coordinates":[139.8043788,35.802036]}},
{"type":"Feature","properties":{"name":"番神ひだまりプチテラス"},"geometry":{"type":"Point","coordinates":[139.80768,35.7618304]}},
{"type":"Feature","properties":{"name":"ばんじんまちかど広場プチテラス"},"geometry":{"type":"Point","coordinates":[139.8068708,35.7618226]}},
{"type":"Feature","properties":{"name":"はんの木橋プチテラス"},"geometry":{"type":"Point","coordinates":[139.778708,35.8044806]}},
{"type":"Feature","properties":{"name":"東六月プチテラス"},"geometry":{"type":"Point","coordinates":[139.8056617,35.7867297]}},
{"type":"Feature","properties":{"name":"東六月町コミュニティプチテラス"},"geometry":{"type":"Point","coordinates":[139.8080406,35.7888845]}},
{"type":"Feature","properties":{"name":"東六月みどりプチテラス"},"geometry":{"type":"Point","coordinates":[139.8036865,35.7879084]}},
{"type":"Feature","properties":{"name":"日吉東プチテラス"},"geometry":{"type":"Point","coordinates":[139.8126451,35.7581261]}},
{"type":"Feature","properties":{"name":"保木間五丁目プチテラス"},"geometry":{"type":"Point","coordinates":[139.8034365,35.802276]}},
{"type":"Feature","properties":{"name":"星谷・親友プチテラス"},"geometry":{"type":"Point","coordinates":[139.7756882,35.7637599]}},
{"type":"Feature","properties":{"name":"保塚町プチテラス"},"geometry":{"type":"Point","coordinates":[139.8161996,35.7846355]}},
{"type":"Feature","properties":{"name":"堀之内一丁目プチテラス"},"geometry":{"type":"Point","coordinates":[139.7568455,35.7746628]}},
{"type":"Feature","properties":{"name":"ミリオン憩いのプチテラス"},"geometry":{"type":"Point","coordinates":[139.8016561,35.7454246]}},
{"type":"Feature","properties":{"name":"もといち南リバーサイドプチテラス"},"geometry":{"type":"Point","coordinates":[139.7830735,35.7609495]}},
{"type":"Feature","properties":{"name":"本木一丁目プチテラス"},"geometry":{"type":"Point","coordinates":[139.7844642,35.7628692]}},
{"type":"Feature","properties":{"name":"本木北プチテラス"},"geometry":{"type":"Point","coordinates":[139.780732,35.7661271]}},
{"type":"Feature","properties":{"name":"本木小学校前プチテラス"},"geometry":{"type":"Point","coordinates":[139.7810868,35.765059]}},
{"type":"Feature","properties":{"name":"本木二丁目プチテラス"},"geometry":{"type":"Point","coordinates":[139.7847521,35.7647896]}},
{"type":"Feature","properties":{"name":"ゆめろーどプチテラス"},"geometry":{"type":"Point","coordinates":[139.7996136,35.7646006]}},
{"type":"Feature","properties":{"name":"六月二丁目プチテラス"},"geometry":{"type":"Point","coordinates":[139.7966554,35.7853891]}},
{"type":"Feature","properties":{"name":"竹の塚五丁目広場"},"geometry":{"type":"Point","coordinates":[139.7969977,35.797615]}},
{"type":"Feature","properties":{"name":"中央本町三丁目のびのび広場"},"geometry":{"type":"Point","coordinates":[139.8074724,35.7729095]}},
{"type":"Feature","properties":{"name":"千住龍田町防災ひろば"},"geometry":{"type":"Point","coordinates":[139.7961888,35.7515627]}},
{"type":"Feature","properties":{"name":"梅田七丁目プチテラス"},"geometry":{"type":"Point","coordinates":[139.8033819,35.7692383]}},
{"type":"Feature","properties":{"name":"荒川河川敷運動公園"},"geometry":{"type":"Point","coordinates":[139.8008786,35.7581136]}},
{"type":"Feature","properties":{"name":"鹿骨スポーツ広場"},"geometry":{"type":"Point","coordinates":[139.8973126,35.7058661]}},
{"type":"Feature","properties":{"name":"左近川親水緑道"},"geometry":{"type":"Point","coordinates":[139.8675246,35.6545884]}},
{"type":"Feature","properties":{"name":"左近川親水緑道"},"geometry":{"type":"Point","coordinates":[139.870168,35.6554432]}},
{"type":"Feature","properties":{"name":"左近川親水緑道"},"geometry":{"type":"Point","coordinates":[139.8784845,35.652634]}},
{"type":"Feature","properties":{"name":"左近川親水緑道"},"geometry":{"type":"Point","coordinates":[139.8730898,35.6561685]}},
{"type":"Feature","properties":{"name":"仲井堀親水緑道"},"geometry":{"type":"Point","coordinates":[139.8840033,35.6906878]}},
{"type":"Feature","properties":{"name":"葛西親水四季の道"},"geometry":{"type":"Point","coordinates":[139.8614412,35.6597319]}},
{"type":"Feature","properties":{"name":"葛西親水四季の道"},"geometry":{"type":"Point","coordinates":[139.8633609,35.6629475]}},
{"type":"Feature","properties":{"name":"葛西親水四季の道"},"geometry":{"type":"Point","coordinates":[139.8648797,35.6645937]}},
{"type":"Feature","properties":{"name":"葛西親水四季の道"},"geometry":{"type":"Point","coordinates":[139.8685317,35.6659844]}},
{"type":"Feature","properties":{"name":"葛西親水四季の道"},"geometry":{"type":"Point","coordinates":[139.8726423,35.6667195]}},
{"type":"Feature","properties":{"name":"葛西親水四季の道"},"geometry":{"type":"Point","coordinates":[139.8739013,35.6672812]}},
{"type":"Feature","properties":{"name":"葛西親水四季の道"},"geometry":{"type":"Point","coordinates":[139.875677,35.6680425]}},
{"type":"Feature","properties":{"name":"下小岩親水緑道"},"geometry":{"type":"Point","coordinates":[139.8796584,35.7236246]}},
{"type":"Feature","properties":{"name":"下小岩親水緑道"},"geometry":{"type":"Point","coordinates":[139.8853979,35.7275546]}},
{"type":"Feature","properties":{"name":"親水さくらかいどう"},"geometry":{"type":"Point","coordinates":[139.8855278,35.748712]}},
{"type":"Feature","properties":{"name":"上小岩親水緑道"},"geometry":{"type":"Point","coordinates":[139.8885579,35.7398973]}},
{"type":"Feature","properties":{"name":"上小岩親水緑道"},"geometry":{"type":"Point","coordinates":[139.8884824,35.740539]}},
{"type":"Feature","properties":{"name":"上小岩親水緑道"},"geometry":{"type":"Point","coordinates":[139.8883747,35.7414388]}},
{"type":"Feature","properties":{"name":"上小岩親水緑道"},"geometry":{"type":"Point","coordinates":[139.8882715,35.7422003]}},
{"type":"Feature","properties":{"name":"上小岩親水緑道"},"geometry":{"type":"Point","coordinates":[139.8882324,35.7426115]}},
{"type":"Feature","properties":{"name":"上小岩親水緑道"},"geometry":{"type":"Point","coordinates":[139.8883695,35.7434104]}},
{"type":"Feature","properties":{"name":"上小岩親水緑道"},"geometry":{"type":"Point","coordinates":[139.8883111,35.744797]}},
{"type":"Feature","properties":{"name":"上小岩親水緑道"},"geometry":{"type":"Point","coordinates":[139.8881397,35.7459176]}},
{"type":"Feature","properties":{"name":"上小岩親水緑道"},"geometry":{"type":"Point","coordinates":[139.8880293,35.7465313]}},
{"type":"Feature","properties":{"name":"上小岩親水緑道"},"geometry":{"type":"Point","coordinates":[139.887937,35.7470096]}},
{"type":"Feature","properties":{"name":"上小岩親水緑道"},"geometry":{"type":"Point","coordinates":[139.8880741,35.7476582]}},
{"type":"Feature","properties":{"name":"興農親水緑道"},"geometry":{"type":"Point","coordinates":[139.89111,35.7167557]}},
{"type":"Feature","properties":{"name":"鎌田川親水緑道"},"geometry":{"type":"Point","coordinates":[139.8954799,35.6842577]}},
{"type":"Feature","properties":{"name":"鹿骨親水緑道"},"geometry":{"type":"Point","coordinates":[139.893673,35.7071999]}},
{"type":"Feature","properties":{"name":"鹿骨親水緑道"},"geometry":{"type":"Point","coordinates":[139.8917025,35.7124629]}},
{"type":"Feature","properties":{"name":"鹿骨親水緑道"},"geometry":{"type":"Point","coordinates":[139.8905019,35.7160628]}},
{"type":"Feature","properties":{"name":"本郷用水親水緑道"},"geometry":{"type":"Point","coordinates":[139.8948407,35.70681]}},
{"type":"Feature","properties":{"name":"本郷用水親水緑道"},"geometry":{"type":"Point","coordinates":[139.9027986,35.7075837]}},
{"type":"Feature","properties":{"name":"本郷用水親水緑道"},"geometry":{"type":"Point","coordinates":[139.9099226,35.7082791]}},
{"type":"Feature","properties":{"name":"椿親水緑道"},"geometry":{"type":"Point","coordinates":[139.8864966,35.6990746]}},
{"type":"Feature","properties":{"name":"東井堀親水緑道"},"geometry":{"type":"Point","coordinates":[139.9071301,35.6910307]}},
{"type":"Feature","properties":{"name":"東井堀親水緑道"},"geometry":{"type":"Point","coordinates":[139.898458,35.6994192]}},
{"type":"Feature","properties":{"name":"臨海町緑道"},"geometry":{"type":"Point","coordinates":[139.8560957,35.6498249]}},
{"type":"Feature","properties":{"name":"西小岩親水緑道"},"geometry":{"type":"Point","coordinates":[139.8755423,35.7328681]}},
{"type":"Feature","properties":{"name":"鹿本親水緑道"},"geometry":{"type":"Point","coordinates":[139.8836072,35.7184845]}},
{"type":"Feature","properties":{"name":"流堀親水はなのみち"},"geometry":{"type":"Point","coordinates":[139.8921022,35.7098204]}},
{"type":"Feature","properties":{"name":"篠田堀親水緑道"},"geometry":{"type":"Point","coordinates":[139.911996,35.6957563]}},
{"type":"Feature","properties":{"name":"篠田堀親水緑道"},"geometry":{"type":"Point","coordinates":[139.9137552,35.6979766]}},
{"type":"Feature","properties":{"name":"篠田堀親水緑道"},"geometry":{"type":"Point","coordinates":[139.9141055,35.6992078]}},
{"type":"Feature","properties":{"name":"新左近川親水緑道"},"geometry":{"type":"Point","coordinates":[139.8524724,35.6540847]}},
{"type":"Feature","properties":{"name":"一之江境川親水公園（かんたんの里）"},"geometry":{"type":"Point","coordinates":[139.8797327,35.6959705]}},
{"type":"Feature","properties":{"name":"水無瀬児童遊園"},"geometry":{"type":"Point","coordinates":[139.3104548,35.6617016]}},
{"type":"Feature","properties":{"name":"水無瀬児童遊園"},"geometry":{"type":"Point","coordinates":[139.3108119,35.6620277]}},
{"type":"Feature","properties":{"name":"水無瀬児童遊園"},"geometry":{"type":"Point","coordinates":[139.3111798,35.6625593]}},
{"type":"Feature","properties":{"name":"上元本郷児童遊園"},"geometry":{"type":"Point","coordinates":[139.3116518,35.6635541]}},
{"type":"Feature","properties":{"name":"下元本郷児童遊園"},"geometry":{"type":"Point","coordinates":[139.3118122,35.6648998]}},
{"type":"Feature","properties":{"name":"下元本郷児童遊園"},"geometry":{"type":"Point","coordinates":[139.311856,35.6643332]}},
{"type":"Feature","properties":{"name":"甲和児童遊園"},"geometry":{"type":"Point","coordinates":[139.3174148,35.6791988]}},
{"type":"Feature","properties":{"name":"仲田橋児童遊園"},"geometry":{"type":"Point","coordinates":[139.31944,35.6745913]}},
{"type":"Feature","properties":{"name":"大和田一丁目児童遊園"},"geometry":{"type":"Point","coordinates":[139.3576968,35.658335]}},
{"type":"Feature","properties":{"name":"大和田台児童遊園"},"geometry":{"type":"Point","coordinates":[139.3556414,35.6660461]}},
{"type":"Feature","properties":{"name":"相和児童遊園"},"geometry":{"type":"Point","coordinates":[139.3520427,35.6675907]}},
{"type":"Feature","properties":{"name":"みどり児童遊園"},"geometry":{"type":"Point","coordinates":[139.3235322,35.6474549]}},
{"type":"Feature","properties":{"name":"東浅川児童遊園"},"geometry":{"type":"Point","coordinates":[139.2960174,35.6497218]}},
{"type":"Feature","properties":{"name":"原宿児童遊園"},"geometry":{"type":"Point","coordinates":[139.2895575,35.6482398]}},
{"type":"Feature","properties":{"name":"原児童遊園"},"geometry":{"type":"Point","coordinates":[139.2854471,35.6466009]}},
{"type":"Feature","properties":{"name":"熊野児童遊園"},"geometry":{"type":"Point","coordinates":[139.2846831,35.6444754]}},
{"type":"Feature","properties":{"name":"西浅川児童遊園"},"geometry":{"type":"Point","coordinates":[139.2718784,35.6397968]}},
{"type":"Feature","properties":{"name":"小名路児童遊園"},"geometry":{"type":"Point","coordinates":[139.273422,35.6424777]}},
{"type":"Feature","properties":{"name":"もみじ児童遊園"},"geometry":{"type":"Point","coordinates":[139.2685134,35.6307265]}},
{"type":"Feature","properties":{"name":"なみき児童遊園"},"geometry":{"type":"Point","coordinates":[139.299973,35.6528133]}},
{"type":"Feature","properties":{"name":"せきれい児童遊園"},"geometry":{"type":"Point","coordinates":[139.3058781,35.6602469]}},
{"type":"Feature","properties":{"name":"長房児童遊園"},"geometry":{"type":"Point","coordinates":[139.3039298,35.6592604]}},
{"type":"Feature","properties":{"name":"長房第二児童遊園"},"geometry":{"type":"Point","coordinates":[139.2986363,35.6527575]}},
{"type":"Feature","properties":{"name":"長房第三児童遊園"},"geometry":{"type":"Point","coordinates":[139.3034902,35.6591738]}},
{"type":"Feature","properties":{"name":"長房第四児童遊園"},"geometry":{"type":"Point","coordinates":[139.3027548,35.6582153]}},
{"type":"Feature","properties":{"name":"長房第五児童遊園"},"geometry":{"type":"Point","coordinates":[139.3026704,35.6586016]}},
{"type":"Feature","properties":{"name":"横川児童遊園"},"geometry":{"type":"Point","coordinates":[139.3087336,35.6616795]}},
{"type":"Feature","properties":{"name":"大柳児童遊園"},"geometry":{"type":"Point","coordinates":[139.2848102,35.6842624]}},
{"type":"Feature","properties":{"name":"泉町弁天池児童遊園"},"geometry":{"type":"Point","coordinates":[139.3002898,35.6733483]}},
{"type":"Feature","properties":{"name":"泉町児童遊園"},"geometry":{"type":"Point","coordinates":[139.3020601,35.6741606]}},
{"type":"Feature","properties":{"name":"弐分方谷戸児童遊園"},"geometry":{"type":"Point","coordinates":[139.2791952,35.677872]}},
{"type":"Feature","properties":{"name":"七面児童遊園"},"geometry":{"type":"Point","coordinates":[139.2908378,35.6678633]}},
{"type":"Feature","properties":{"name":"元一児童遊園"},"geometry":{"type":"Point","coordinates":[139.2854079,35.6638685]}},
{"type":"Feature","properties":{"name":"川原宿東児童遊園"},"geometry":{"type":"Point","coordinates":[139.260677,35.6723213]}},
{"type":"Feature","properties":{"name":"下恩方児童遊園"},"geometry":{"type":"Point","coordinates":[139.2534172,35.6653165]}},
{"type":"Feature","properties":{"name":"大沢児童遊園"},"geometry":{"type":"Point","coordinates":[139.245522,35.6660188]}},
{"type":"Feature","properties":{"name":"小高井児童遊園"},"geometry":{"type":"Point","coordinates":[139.2416064,35.669165]}},
{"type":"Feature","properties":{"name":"夕やけ小やけ児童遊園"},"geometry":{"type":"Point","coordinates":[139.2199561,35.6742081]}},
{"type":"Feature","properties":{"name":"陵北児童遊園"},"geometry":{"type":"Point","coordinates":[139.2699427,35.6826916]}},
{"type":"Feature","properties":{"name":"小津町児童遊園"},"geometry":{"type":"Point","coordinates":[139.2356279,35.6798481]}},
{"type":"Feature","properties":{"name":"やまぶき児童遊園"},"geometry":{"type":"Point","coordinates":[139.276873,35.6952512]}},
{"type":"Feature","properties":{"name":"稲荷児童遊園"},"geometry":{"type":"Point","coordinates":[139.2887509,35.6862331]}},
{"type":"Feature","properties":{"name":"堀口児童遊園"},"geometry":{"type":"Point","coordinates":[139.2915465,35.6911871]}},
{"type":"Feature","properties":{"name":"堀口児童遊園"},"geometry":{"type":"Point","coordinates":[139.2916229,35.6908617]}},
{"type":"Feature","properties":{"name":"神明児童遊園"},"geometry":{"type":"Point","coordinates":[139.2885254,35.6913369]}},
{"type":"Feature","properties":{"name":"今熊児童遊園"},"geometry":{"type":"Point","coordinates":[139.2387708,35.7094137]}},
{"type":"Feature","properties":{"name":"上川中部児童遊園"},"geometry":{"type":"Point","coordinates":[139.2539537,35.704776]}},
{"type":"Feature","properties":{"name":"上川中部児童遊園"},"geometry":{"type":"Point","coordinates":[139.2541576,35.7047005]}},
{"type":"Feature","properties":{"name":"みたけ児童遊園"},"geometry":{"type":"Point","coordinates":[139.3033386,35.6910097]}},
{"type":"Feature","properties":{"name":"上犬目児童遊園"},"geometry":{"type":"Point","coordinates":[139.294758,35.6910717]}},
{"type":"Feature","properties":{"name":"南楢原児童遊園"},"geometry":{"type":"Point","coordinates":[139.3090526,35.6739205]}},
{"type":"Feature","properties":{"name":"つつじ児童遊園"},"geometry":{"type":"Point","coordinates":[139.3024324,35.6878949]}},
{"type":"Feature","properties":{"name":"あらい児童遊園"},"geometry":{"type":"Point","coordinates":[139.3098072,35.6829545]}},
{"type":"Feature","properties":{"name":"あらい児童遊園"},"geometry":{"type":"Point","coordinates":[139.3087556,35.6833217]}},
{"type":"Feature","properties":{"name":"楢原児童遊園"},"geometry":{"type":"Point","coordinates":[139.3125128,35.6768422]}},
{"type":"Feature","properties":{"name":"美山中央児童遊園"},"geometry":{"type":"Point","coordinates":[139.2497998,35.689153]}},
{"type":"Feature","properties":{"name":"尾崎児童遊園"},"geometry":{"type":"Point","coordinates":[139.3443302,35.6800865]}},
{"type":"Feature","properties":{"name":"厄除児童遊園"},"geometry":{"type":"Point","coordinates":[139.3407051,35.6902644]}},
{"type":"Feature","properties":{"name":"七社児童遊園"},"geometry":{"type":"Point","coordinates":[139.3272368,35.6843838]}},
{"type":"Feature","properties":{"name":"黄金橋児童遊園"},"geometry":{"type":"Point","coordinates":[139.327372,35.6945008]}},
{"type":"Feature","properties":{"name":"六社宮児童遊園"},"geometry":{"type":"Point","coordinates":[139.3661952,35.6400843]}},
{"type":"Feature","properties":{"name":"松風東児童遊園"},"geometry":{"type":"Point","coordinates":[139.3658809,35.6642061]}},
{"type":"Feature","properties":{"name":"谷地川東児童遊園"},"geometry":{"type":"Point","coordinates":[139.361112,35.6788857]}},
{"type":"Feature","properties":{"name":"鶴見児童遊園"},"geometry":{"type":"Point","coordinates":[139.3709568,35.6820373]}},
{"type":"Feature","properties":{"name":"谷地川児童遊園"},"geometry":{"type":"Point","coordinates":[139.3591142,35.6785168]}},
{"type":"Feature","properties":{"name":"石川西児童遊園"},"geometry":{"type":"Point","coordinates":[139.360566,35.6746471]}},
{"type":"Feature","properties":{"name":"あわのす児童遊園"},"geometry":{"type":"Point","coordinates":[139.3741902,35.6897658]}},
{"type":"Feature","properties":{"name":"大谷児童遊園"},"geometry":{"type":"Point","coordinates":[139.3522154,35.6689403]}},
{"type":"Feature","properties":{"name":"大谷児童遊園"},"geometry":{"type":"Point","coordinates":[139.351973,35.6685848]}},
{"type":"Feature","properties":{"name":"大谷児童遊園"},"geometry":{"type":"Point","coordinates":[139.3515684,35.6689466]}},
{"type":"Feature","properties":{"name":"大和田運動広場"},"geometry":{"type":"Point","coordinates":[139.3592293,35.653671]}},
{"type":"Feature","properties":{"name":"東京医科大学八王子医療センター関連緑地"},"geometry":{"type":"Point","coordinates":[139.2947371,35.6330871]}},
{"type":"Feature","properties":{"name":"柏二中央第二公園"},"geometry":{"type":"Point","coordinates":[139.4138933,35.7225643]}},
{"type":"Feature","properties":{"name":"砂川一南公園"},"geometry":{"type":"Point","coordinates":[139.4097053,35.7195607]}},
{"type":"Feature","properties":{"name":"一番三西公園"},"geometry":{"type":"Point","coordinates":[139.3764137,35.7296449]}},
{"type":"Feature","properties":{"name":"西砂三南公園"},"geometry":{"type":"Point","coordinates":[139.3573774,35.7278686]}},
{"type":"Feature","properties":{"name":"曙一西公園"},"geometry":{"type":"Point","coordinates":[139.405959,35.7006455]}},
{"type":"Feature","properties":{"name":"栄三南公園"},"geometry":{"type":"Point","coordinates":[139.428265,35.7076346]}},
{"type":"Feature","properties":{"name":"栄五北公園"},"geometry":{"type":"Point","coordinates":[139.4281811,35.7178436]}},
{"type":"Feature","properties":{"name":"柏町けやき公園"},"geometry":{"type":"Point","coordinates":[139.4137251,35.7204695]}},
{"type":"Feature","properties":{"name":"柏四西公園"},"geometry":{"type":"Point","coordinates":[139.4134893,35.7288607]}},
{"type":"Feature","properties":{"name":"柏五さくら公園"},"geometry":{"type":"Point","coordinates":[139.4153911,35.7319135]}},
{"type":"Feature","properties":{"name":"砂川八東公園"},"geometry":{"type":"Point","coordinates":[139.4012101,35.7334308]}},
{"type":"Feature","properties":{"name":"上砂五西第二公園"},"geometry":{"type":"Point","coordinates":[139.388361,35.7306001]}},
{"type":"Feature","properties":{"name":"一番橋東公園"},"geometry":{"type":"Point","coordinates":[139.3804835,35.7256454]}},
{"type":"Feature","properties":{"name":"一番四北公園"},"geometry":{"type":"Point","coordinates":[139.380842,35.734395]}},
{"type":"Feature","properties":{"name":"西砂六東公園公園"},"geometry":{"type":"Point","coordinates":[139.3711615,35.7305776]}},
{"type":"Feature","properties":{"name":"西砂六南第二公園"},"geometry":{"type":"Point","coordinates":[139.3694474,35.7315374]}},
{"type":"Feature","properties":{"name":"富士見六南公園"},"geometry":{"type":"Point","coordinates":[139.3886043,35.6916901]}},
{"type":"Feature","properties":{"name":"西砂五公園"},"geometry":{"type":"Point","coordinates":[139.3636912,35.7344645]}},
{"type":"Feature","properties":{"name":"若葉四西公園"},"geometry":{"type":"Point","coordinates":[139.4350794,35.7235594]}},
{"type":"Feature","properties":{"name":"幸三南公園"},"geometry":{"type":"Point","coordinates":[139.4309615,35.7188707]}},
{"type":"Feature","properties":{"name":"天王橋南第二公園"},"geometry":{"type":"Point","coordinates":[139.3793614,35.7217449]}},
{"type":"Feature","properties":{"name":"天王橋南公園"},"geometry":{"type":"Point","coordinates":[139.380884,35.7222716]}},
{"type":"Feature","properties":{"name":"一番一公園"},"geometry":{"type":"Point","coordinates":[139.3828704,35.7248133]}},
{"type":"Feature","properties":{"name":"一番西公園"},"geometry":{"type":"Point","coordinates":[139.3849419,35.7240316]}},
{"type":"Feature","properties":{"name":"一番五公園"},"geometry":{"type":"Point","coordinates":[139.3795588,35.7314477]}},
{"type":"Feature","properties":{"name":"天王橋東公園"},"geometry":{"type":"Point","coordinates":[139.3802499,35.7297064]}},
{"type":"Feature","properties":{"name":"天王橋西公園"},"geometry":{"type":"Point","coordinates":[139.3784608,35.7297334]}},
{"type":"Feature","properties":{"name":"一番三東公園"},"geometry":{"type":"Point","coordinates":[139.3810532,35.7280473]}},
{"type":"Feature","properties":{"name":"一番新田堀緑道"},"geometry":{"type":"Point","coordinates":[139.3855401,35.7288349]}},
{"type":"Feature","properties":{"name":"一番新田堀緑道"},"geometry":{"type":"Point","coordinates":[139.3868159,35.729628]}},
{"type":"Feature","properties":{"name":"一番四公園"},"geometry":{"type":"Point","coordinates":[139.3850647,35.7290751]}},
{"type":"Feature","properties":{"name":"一番北公園公園"},"geometry":{"type":"Point","coordinates":[139.3816129,35.7336412]}},
{"type":"Feature","properties":{"name":"松中橋第一公園"},"geometry":{"type":"Point","coordinates":[139.3782413,35.7256295]}},
{"type":"Feature","properties":{"name":"松中橋公園"},"geometry":{"type":"Point","coordinates":[139.3776145,35.7257227]}},
{"type":"Feature","properties":{"name":"松中橋公園"},"geometry":{"type":"Point","coordinates":[139.3778391,35.7257907]}},
{"type":"Feature","properties":{"name":"松中橋東公園"},"geometry":{"type":"Point","coordinates":[139.377942,35.72507]}},
{"type":"Feature","properties":{"name":"松中橋南公園"},"geometry":{"type":"Point","coordinates":[139.3778007,35.7247973]}},
{"type":"Feature","properties":{"name":"松中橋北公園"},"geometry":{"type":"Point","coordinates":[139.3744906,35.7261486]}},
{"type":"Feature","properties":{"name":"殿ヶ谷東公園"},"geometry":{"type":"Point","coordinates":[139.371862,35.7363006]}},
{"type":"Feature","properties":{"name":"殿ヶ谷北公園"},"geometry":{"type":"Point","coordinates":[139.3716095,35.7357571]}},
{"type":"Feature","properties":{"name":"羽衣二公園"},"geometry":{"type":"Point","coordinates":[139.4272662,35.6930798]}},
{"type":"Feature","properties":{"name":"栄一東公園"},"geometry":{"type":"Point","coordinates":[139.4342712,35.7063631]}},
{"type":"Feature","properties":{"name":"栄一公園"},"geometry":{"type":"Point","coordinates":[139.4334287,35.7051145]}},
{"type":"Feature","properties":{"name":"栄三公園"},"geometry":{"type":"Point","coordinates":[139.4261929,35.7082563]}},
{"type":"Feature","properties":{"name":"栄四公園"},"geometry":{"type":"Point","coordinates":[139.4256989,35.7115045]}},
{"type":"Feature","properties":{"name":"栄四北公園"},"geometry":{"type":"Point","coordinates":[139.4257856,35.7123099]}},
{"type":"Feature","properties":{"name":"栄二公園"},"geometry":{"type":"Point","coordinates":[139.4333511,35.7086368]}},
{"type":"Feature","properties":{"name":"新栄公園"},"geometry":{"type":"Point","coordinates":[139.4227154,35.7171781]}},
{"type":"Feature","properties":{"name":"錦一北公園"},"geometry":{"type":"Point","coordinates":[139.4197508,35.6978536]}},
{"type":"Feature","properties":{"name":"錦一東公園"},"geometry":{"type":"Point","coordinates":[139.423004,35.6944767]}},
{"type":"Feature","properties":{"name":"錦五東公園"},"geometry":{"type":"Point","coordinates":[139.4143398,35.6883383]}},
{"type":"Feature","properties":{"name":"錦四公園"},"geometry":{"type":"Point","coordinates":[139.4216165,35.6893382]}},
{"type":"Feature","properties":{"name":"錦四公園"},"geometry":{"type":"Point","coordinates":[139.4218069,35.6896559]}},
{"type":"Feature","properties":{"name":"錦二東公園"},"geometry":{"type":"Point","coordinates":[139.4161493,35.6917472]}},
{"type":"Feature","properties":{"name":"錦二すずらん公園"},"geometry":{"type":"Point","coordinates":[139.4150411,35.6956905]}},
{"type":"Feature","properties":{"name":"錦二北公園"},"geometry":{"type":"Point","coordinates":[139.4151445,35.6937472]}},
{"type":"Feature","properties":{"name":"錦二南公園"},"geometry":{"type":"Point","coordinates":[139.415144,35.692335]}},
{"type":"Feature","properties":{"name":"錦六東公園"},"geometry":{"type":"Point","coordinates":[139.4186085,35.68643]}},
{"type":"Feature","properties":{"name":"錦六公園"},"geometry":{"type":"Point","coordinates":[139.4178412,35.6863354]}},
{"type":"Feature","properties":{"name":"錦六北第二公園"},"geometry":{"type":"Point","coordinates":[139.4195844,35.688751]}},
{"type":"Feature","properties":{"name":"錦六北公園"},"geometry":{"type":"Point","coordinates":[139.4177061,35.6887601]}},
{"type":"Feature","properties":{"name":"幸一公園"},"geometry":{"type":"Point","coordinates":[139.4226787,35.7187164]}},
{"type":"Feature","properties":{"name":"幸五南公園"},"geometry":{"type":"Point","coordinates":[139.4204302,35.7241094]}},
{"type":"Feature","properties":{"name":"幸五北公園"},"geometry":{"type":"Point","coordinates":[139.4240021,35.7261136]}},
{"type":"Feature","properties":{"name":"七番公園"},"geometry":{"type":"Point","coordinates":[139.4185795,35.7260716]}},
{"type":"Feature","properties":{"name":"幸三西公園"},"geometry":{"type":"Point","coordinates":[139.428888,35.7222865]}},
{"type":"Feature","properties":{"name":"幸三北公園"},"geometry":{"type":"Point","coordinates":[139.4311329,35.7217607]}},
{"type":"Feature","properties":{"name":"幸四公園"},"geometry":{"type":"Point","coordinates":[139.4292603,35.7245403]}},
{"type":"Feature","properties":{"name":"幸四南公園"},"geometry":{"type":"Point","coordinates":[139.4302744,35.7235802]}},
{"type":"Feature","properties":{"name":"幸四北第二公園"},"geometry":{"type":"Point","coordinates":[139.4318854,35.7275419]}},
{"type":"Feature","properties":{"name":"幸四北公園"},"geometry":{"type":"Point","coordinates":[139.4307544,35.7263874]}},
{"type":"Feature","properties":{"name":"幸二西公園"},"geometry":{"type":"Point","coordinates":[139.4259637,35.7202109]}},
{"type":"Feature","properties":{"name":"幸二公園"},"geometry":{"type":"Point","coordinates":[139.4283585,35.7196715]}},
{"type":"Feature","properties":{"name":"幸二南公園"},"geometry":{"type":"Point","coordinates":[139.4257551,35.7193896]}},
{"type":"Feature","properties":{"name":"幸六東公園"},"geometry":{"type":"Point","coordinates":[139.4233037,35.7292659]}},
{"type":"Feature","properties":{"name":"幸六北公園"},"geometry":{"type":"Point","coordinates":[139.4249394,35.7296466]}},
{"type":"Feature","properties":{"name":"幸六西公園"},"geometry":{"type":"Point","coordinates":[139.4191387,35.7311912]}},
{"type":"Feature","properties":{"name":"高松一公園"},"geometry":{"type":"Point","coordinates":[139.4181764,35.7061037]}},
{"type":"Feature","properties":{"name":"高松三南公園"},"geometry":{"type":"Point","coordinates":[139.417983,35.7016954]}},
{"type":"Feature","properties":{"name":"高松三北公園"},"geometry":{"type":"Point","coordinates":[139.4202098,35.7030966]}},
{"type":"Feature","properties":{"name":"高松二東公園"},"geometry":{"type":"Point","coordinates":[139.422543,35.7048587]}},
{"type":"Feature","properties":{"name":"高松二北公園"},"geometry":{"type":"Point","coordinates":[139.4214734,35.7078494]}},
{"type":"Feature","properties":{"name":"砂川五番西公園"},"geometry":{"type":"Point","coordinates":[139.4090709,35.7208922]}},
{"type":"Feature","properties":{"name":"砂川五番公園"},"geometry":{"type":"Point","coordinates":[139.4099204,35.7197423]}},
{"type":"Feature","properties":{"name":"砂川一公園"},"geometry":{"type":"Point","coordinates":[139.4030931,35.7211718]}},
{"type":"Feature","properties":{"name":"砂川四南公園"},"geometry":{"type":"Point","coordinates":[139.4018556,35.7258931]}},
{"type":"Feature","properties":{"name":"砂川四公園"},"geometry":{"type":"Point","coordinates":[139.4022597,35.7265312]}},
{"type":"Feature","properties":{"name":"砂川四番公園"},"geometry":{"type":"Point","coordinates":[139.4029955,35.7289977]}},
{"type":"Feature","properties":{"name":"砂川五番北第三公園"},"geometry":{"type":"Point","coordinates":[139.4056907,35.7310902]}},
{"type":"Feature","properties":{"name":"砂川七公園"},"geometry":{"type":"Point","coordinates":[139.4056589,35.7318604]}},
{"type":"Feature","properties":{"name":"砂川七東第三公園"},"geometry":{"type":"Point","coordinates":[139.4068193,35.7316284]}},
{"type":"Feature","properties":{"name":"砂川七東公園"},"geometry":{"type":"Point","coordinates":[139.4079923,35.7324346]}},
{"type":"Feature","properties":{"name":"砂川七東第二公園"},"geometry":{"type":"Point","coordinates":[139.4084461,35.7329348]}},
{"type":"Feature","properties":{"name":"砂川五番北第二公園"},"geometry":{"type":"Point","coordinates":[139.4088385,35.7314428]}},
{"type":"Feature","properties":{"name":"砂川三番公園"},"geometry":{"type":"Point","coordinates":[139.4043844,35.7322115]}},
{"type":"Feature","properties":{"name":"砂川七南公園"},"geometry":{"type":"Point","coordinates":[139.4037749,35.7309322]}},
{"type":"Feature","properties":{"name":"砂川七東第四公園"},"geometry":{"type":"Point","coordinates":[139.4094183,35.7320746]}},
{"type":"Feature","properties":{"name":"砂川八南公園"},"geometry":{"type":"Point","coordinates":[139.400398,35.7317519]}},
{"type":"Feature","properties":{"name":"砂川八公園"},"geometry":{"type":"Point","coordinates":[139.4010686,35.7330054]}},
{"type":"Feature","properties":{"name":"砂川八北公園"},"geometry":{"type":"Point","coordinates":[139.3990123,35.7341392]}},
{"type":"Feature","properties":{"name":"砂川八西公園"},"geometry":{"type":"Point","coordinates":[139.3958777,35.7302071]}},
{"type":"Feature","properties":{"name":"砂川六南公園"},"geometry":{"type":"Point","coordinates":[139.4070785,35.7272825]}},
{"type":"Feature","properties":{"name":"砂川六西公園"},"geometry":{"type":"Point","coordinates":[139.4066415,35.7281332]}},
{"type":"Feature","properties":{"name":"砂川六西第二公園"},"geometry":{"type":"Point","coordinates":[139.4056255,35.726883]}},
{"type":"Feature","properties":{"name":"砂川五番北第一公園"},"geometry":{"type":"Point","coordinates":[139.4083884,35.7295122]}},
{"type":"Feature","properties":{"name":"砂川六公園"},"geometry":{"type":"Point","coordinates":[139.4087169,35.7292455]}},
{"type":"Feature","properties":{"name":"柴崎一北公園"},"geometry":{"type":"Point","coordinates":[139.4067552,35.6930505]}},
{"type":"Feature","properties":{"name":"柴崎四西公園"},"geometry":{"type":"Point","coordinates":[139.4044471,35.6906734]}},
{"type":"Feature","properties":{"name":"柴崎四公園"},"geometry":{"type":"Point","coordinates":[139.4102457,35.6908458]}},
{"type":"Feature","properties":{"name":"残堀川緑道"},"geometry":{"type":"Point","coordinates":[139.4056218,35.6869749]}},
{"type":"Feature","properties":{"name":"若葉一南公園"},"geometry":{"type":"Point","coordinates":[139.4378309,35.7160308]}},
{"type":"Feature","properties":{"name":"若葉一公園"},"geometry":{"type":"Point","coordinates":[139.4331263,35.7208417]}},
{"type":"Feature","properties":{"name":"若葉一第二公園"},"geometry":{"type":"Point","coordinates":[139.4353237,35.7207681]}},
{"type":"Feature","properties":{"name":"若葉三公園"},"geometry":{"type":"Point","coordinates":[139.4405992,35.7203706]}},
{"type":"Feature","properties":{"name":"若葉三東公園"},"geometry":{"type":"Point","coordinates":[139.4445538,35.7198084]}},
{"type":"Feature","properties":{"name":"若葉四東公園"},"geometry":{"type":"Point","coordinates":[139.4451029,35.7228639]}},
{"type":"Feature","properties":{"name":"若葉二公園"},"geometry":{"type":"Point","coordinates":[139.4430565,35.718003]}},
{"type":"Feature","properties":{"name":"若葉二西公園"},"geometry":{"type":"Point","coordinates":[139.4407152,35.7182176]}},
{"type":"Feature","properties":{"name":"曙三西公園"},"geometry":{"type":"Point","coordinates":[139.4203377,35.7002458]}},
{"type":"Feature","properties":{"name":"曙三第二公園"},"geometry":{"type":"Point","coordinates":[139.4260312,35.6990933]}},
{"type":"Feature","properties":{"name":"曙三第二公園"},"geometry":{"type":"Point","coordinates":[139.4258736,35.699463]}},
{"type":"Feature","properties":{"name":"上砂五東公園"},"geometry":{"type":"Point","coordinates":[139.3938229,35.732607]}},
{"type":"Feature","properties":{"name":"上砂五公園"},"geometry":{"type":"Point","coordinates":[139.392191,35.732044]}},
{"type":"Feature","properties":{"name":"上砂五西公園"},"geometry":{"type":"Point","coordinates":[139.3888808,35.7319901]}},
{"type":"Feature","properties":{"name":"上砂二公園"},"geometry":{"type":"Point","coordinates":[139.395321,35.7239965]}},
{"type":"Feature","properties":{"name":"西砂一西公園"},"geometry":{"type":"Point","coordinates":[139.3663576,35.7259306]}},
{"type":"Feature","properties":{"name":"西砂一公園"},"geometry":{"type":"Point","coordinates":[139.3727781,35.7278254]}},
{"type":"Feature","properties":{"name":"西砂一東公園"},"geometry":{"type":"Point","coordinates":[139.3736145,35.7278853]}},
{"type":"Feature","properties":{"name":"西砂北公園"},"geometry":{"type":"Point","coordinates":[139.362616,35.7338695]}},
{"type":"Feature","properties":{"name":"西砂五西公園"},"geometry":{"type":"Point","coordinates":[139.3611045,35.7342614]}},
{"type":"Feature","properties":{"name":"西砂三公園"},"geometry":{"type":"Point","coordinates":[139.3586356,35.7294863]}},
{"type":"Feature","properties":{"name":"西砂二南公園"},"geometry":{"type":"Point","coordinates":[139.3611598,35.7262385]}},
{"type":"Feature","properties":{"name":"中里公園"},"geometry":{"type":"Point","coordinates":[139.3600661,35.7278566]}},
{"type":"Feature","properties":{"name":"西砂二公園"},"geometry":{"type":"Point","coordinates":[139.3631794,35.7280469]}},
{"type":"Feature","properties":{"name":"殿ヶ谷緑道"},"geometry":{"type":"Point","coordinates":[139.3606363,35.7299574]}},
{"type":"Feature","properties":{"name":"殿ヶ谷緑道"},"geometry":{"type":"Point","coordinates":[139.3602568,35.7289281]}},
{"type":"Feature","properties":{"name":"殿ヶ谷緑道"},"geometry":{"type":"Point","coordinates":[139.3600046,35.7283823]}},
{"type":"Feature","properties":{"name":"殿ヶ谷緑道"},"geometry":{"type":"Point","coordinates":[139.3594613,35.7281349]}},
{"type":"Feature","properties":{"name":"殿ヶ谷緑道"},"geometry":{"type":"Point","coordinates":[139.3586364,35.7278138]}},
{"type":"Feature","properties":{"name":"殿ヶ谷緑道"},"geometry":{"type":"Point","coordinates":[139.3563611,35.7267158]}},
{"type":"Feature","properties":{"name":"西砂六公園"},"geometry":{"type":"Point","coordinates":[139.368576,35.7326809]}},
{"type":"Feature","properties":{"name":"殿ヶ谷公園"},"geometry":{"type":"Point","coordinates":[139.3694426,35.7342784]}},
{"type":"Feature","properties":{"name":"柏一東公園"},"geometry":{"type":"Point","coordinates":[139.4167052,35.7195073]}},
{"type":"Feature","properties":{"name":"柏一公園"},"geometry":{"type":"Point","coordinates":[139.4131115,35.7204216]}},
{"type":"Feature","properties":{"name":"柏三東公園"},"geometry":{"type":"Point","coordinates":[139.4162344,35.7248474]}},
{"type":"Feature","properties":{"name":"柏三北公園"},"geometry":{"type":"Point","coordinates":[139.4127248,35.7250011]}},
{"type":"Feature","properties":{"name":"柏四南公園"},"geometry":{"type":"Point","coordinates":[139.4120548,35.7259406]}},
{"type":"Feature","properties":{"name":"柏四公園"},"geometry":{"type":"Point","coordinates":[139.4110648,35.7265758]}},
{"type":"Feature","properties":{"name":"柏四北公園"},"geometry":{"type":"Point","coordinates":[139.4166546,35.7303687]}},
{"type":"Feature","properties":{"name":"柏四北第二公園"},"geometry":{"type":"Point","coordinates":[139.4150537,35.7303906]}},
{"type":"Feature","properties":{"name":"柏四北第三公園"},"geometry":{"type":"Point","coordinates":[139.4142042,35.730421]}},
{"type":"Feature","properties":{"name":"柏二公園"},"geometry":{"type":"Point","coordinates":[139.4120842,35.7226683]}},
{"type":"Feature","properties":{"name":"富士見一公園"},"geometry":{"type":"Point","coordinates":[139.3966008,35.6992929]}},
{"type":"Feature","properties":{"name":"富士塚公園"},"geometry":{"type":"Point","coordinates":[139.3963479,35.7016547]}},
{"type":"Feature","properties":{"name":"富士見一西公園"},"geometry":{"type":"Point","coordinates":[139.3966127,35.7020177]}},
{"type":"Feature","properties":{"name":"富士見五ひまわり公園"},"geometry":{"type":"Point","coordinates":[139.4022315,35.6975135]}},
{"type":"Feature","properties":{"name":"富士見四公園"},"geometry":{"type":"Point","coordinates":[139.3989154,35.6973132]}},
{"type":"Feature","properties":{"name":"富士見七北公園"},"geometry":{"type":"Point","coordinates":[139.396322,35.6942843]}},
{"type":"Feature","properties":{"name":"富士見七西公園"},"geometry":{"type":"Point","coordinates":[139.3968041,35.694324]}},
{"type":"Feature","properties":{"name":"富士見六北公園"},"geometry":{"type":"Point","coordinates":[139.3920011,35.6918308]}},
{"type":"Feature","properties":{"name":"富士見六東公園"},"geometry":{"type":"Point","coordinates":[139.3939098,35.6907438]}},
{"type":"Feature","properties":{"name":"一番町四クローバー公園"},"geometry":{"type":"Point","coordinates":[139.3834601,35.7299686]}},
{"type":"Feature","properties":{"name":"幸四東第二公園"},"geometry":{"type":"Point","coordinates":[139.4317,35.7245393]}},
{"type":"Feature","properties":{"name":"上砂五東第二公園"},"geometry":{"type":"Point","coordinates":[139.3948747,35.7307674]}},
{"type":"Feature","properties":{"name":"富士見二遊び場"},"geometry":{"type":"Point","coordinates":[139.4025203,35.7005286]}},
{"type":"Feature","properties":{"name":"富士見遊び場"},"geometry":{"type":"Point","coordinates":[139.395646,35.6922374]}},
{"type":"Feature","properties":{"name":"西立川遊び場"},"geometry":{"type":"Point","coordinates":[139.3941553,35.7028631]}},
{"type":"Feature","properties":{"name":"柴崎二遊び場"},"geometry":{"type":"Point","coordinates":[139.4083216,35.6945571]}},
{"type":"Feature","properties":{"name":"錦六遊び場"},"geometry":{"type":"Point","coordinates":[139.4200599,35.6867407]}},
{"type":"Feature","properties":{"name":"羽衣二遊び場"},"geometry":{"type":"Point","coordinates":[139.4291138,35.6957806]}},
{"type":"Feature","properties":{"name":"栄一遊び場"},"geometry":{"type":"Point","coordinates":[139.4312221,35.7075545]}},
{"type":"Feature","properties":{"name":"下砂橋遊び場"},"geometry":{"type":"Point","coordinates":[139.3871366,35.7300217]}},
{"type":"Feature","properties":{"name":"富士見高架下遊び場"},"geometry":{"type":"Point","coordinates":[139.3943994,35.695279]}},
{"type":"Feature","properties":{"name":"憩いの場噴水広場"},"geometry":{"type":"Point","coordinates":[139.4148303,35.7016534]}},
{"type":"Feature","properties":{"name":"憩いの場彫刻広場"},"geometry":{"type":"Point","coordinates":[139.4148112,35.70122]}},
{"type":"Feature","properties":{"name":"ミニ緑地"},"geometry":{"type":"Point","coordinates":[139.3984046,35.7001115]}},
{"type":"Feature","properties":{"name":"ミニ緑地"},"geometry":{"type":"Point","coordinates":[139.4001198,35.6932564]}},
{"type":"Feature","properties":{"name":"下連雀こでまり児童遊園"},"geometry":{"type":"Point","coordinates":[139.5712746,35.6867657]}},
{"type":"Feature","properties":{"name":"井の頭上水こみち児童遊園"},"geometry":{"type":"Point","coordinates":[139.5899915,35.6863583]}},
{"type":"Feature","properties":{"name":"井の頭東児童遊園"},"geometry":{"type":"Point","coordinates":[139.5902566,35.6882816]}},
{"type":"Feature","properties":{"name":"井の頭こもれび児童遊園"},"geometry":{"type":"Point","coordinates":[139.5745056,35.6966333]}},
{"type":"Feature","properties":{"name":"井の頭野草児童遊園"},"geometry":{"type":"Point","coordinates":[139.5741534,35.6941734]}},
{"type":"Feature","properties":{"name":"井の頭新橋児童遊園"},"geometry":{"type":"Point","coordinates":[139.5744437,35.6943689]}},
{"type":"Feature","properties":{"name":"井の頭あおば児童遊園"},"geometry":{"type":"Point","coordinates":[139.5782076,35.6931461]}},
{"type":"Feature","properties":{"name":"井の頭上水北児童遊園"},"geometry":{"type":"Point","coordinates":[139.5801998,35.6929979]}},
{"type":"Feature","properties":{"name":"表参道児童遊園"},"geometry":{"type":"Point","coordinates":[139.5764297,35.6970988]}},
{"type":"Feature","properties":{"name":"井の頭手のひら児童遊園"},"geometry":{"type":"Point","coordinates":[139.5735408,35.6989292]}},
{"type":"Feature","properties":{"name":"井の頭つくし児童遊園"},"geometry":{"type":"Point","coordinates":[139.5800393,35.6956633]}},
{"type":"Feature","properties":{"name":"井の頭まるた児童遊園"},"geometry":{"type":"Point","coordinates":[139.5859741,35.6902254]}},
{"type":"Feature","properties":{"name":"三鷹台児童遊園"},"geometry":{"type":"Point","coordinates":[139.5843555,35.6911805]}},
{"type":"Feature","properties":{"name":"井口東児童遊園"},"geometry":{"type":"Point","coordinates":[139.5483337,35.6937378]}},
{"type":"Feature","properties":{"name":"井口はるかぜ児童遊園"},"geometry":{"type":"Point","coordinates":[139.5471915,35.6929269]}},
{"type":"Feature","properties":{"name":"井口あさかぜ児童遊園"},"geometry":{"type":"Point","coordinates":[139.5466697,35.692192]}},
{"type":"Feature","properties":{"name":"井口つばき児童遊園"},"geometry":{"type":"Point","coordinates":[139.5491797,35.6935058]}},
{"type":"Feature","properties":{"name":"井口第2都営児童遊園"},"geometry":{"type":"Point","coordinates":[139.5350183,35.6958106]}},
{"type":"Feature","properties":{"name":"井口北児童遊園"},"geometry":{"type":"Point","coordinates":[139.5433461,35.6962734]}},
{"type":"Feature","properties":{"name":"井口新田児童遊園"},"geometry":{"type":"Point","coordinates":[139.5390152,35.693987]}},
{"type":"Feature","properties":{"name":"井口さかえ児童遊園"},"geometry":{"type":"Point","coordinates":[139.5443808,35.6933104]}},
{"type":"Feature","properties":{"name":"井口すぎな児童遊園"},"geometry":{"type":"Point","coordinates":[139.5436368,35.6910645]}},
{"type":"Feature","properties":{"name":"井口太陽の広場児童遊園"},"geometry":{"type":"Point","coordinates":[139.5335253,35.6921295]}},
{"type":"Feature","properties":{"name":"井口あかね児童遊園"},"geometry":{"type":"Point","coordinates":[139.5474434,35.6892081]}},
{"type":"Feature","properties":{"name":"井口こうま児童遊園"},"geometry":{"type":"Point","coordinates":[139.5468273,35.6885848]}},
{"type":"Feature","properties":{"name":"井口矢崎新田児童遊園"},"geometry":{"type":"Point","coordinates":[139.5463299,35.6880482]}},
{"type":"Feature","properties":{"name":"下連雀ふじの木児童遊園"},"geometry":{"type":"Point","coordinates":[139.5684524,35.6922975]}},
{"type":"Feature","properties":{"name":"下連雀バンビ児童遊園"},"geometry":{"type":"Point","coordinates":[139.5712518,35.6930057]}},
{"type":"Feature","properties":{"name":"下連雀さくら児童遊園"},"geometry":{"type":"Point","coordinates":[139.5714229,35.6926164]}},
{"type":"Feature","properties":{"name":"下連雀きつねくぼ児童遊園"},"geometry":{"type":"Point","coordinates":[139.5703193,35.6920604]}},
{"type":"Feature","properties":{"name":"下連雀ひかり児童遊園"},"geometry":{"type":"Point","coordinates":[139.561824,35.6856349]}},
{"type":"Feature","properties":{"name":"下連雀つつじ児童遊園"},"geometry":{"type":"Point","coordinates":[139.5600766,35.6872765]}},
{"type":"Feature","properties":{"name":"下連雀橋上都営児童遊園"},"geometry":{"type":"Point","coordinates":[139.5593736,35.6870428]}},
{"type":"Feature","properties":{"name":"下連雀陽だまり児童遊園"},"geometry":{"type":"Point","coordinates":[139.5693296,35.6887626]}},
{"type":"Feature","properties":{"name":"本町通り児童遊園"},"geometry":{"type":"Point","coordinates":[139.5621491,35.6995411]}},
{"type":"Feature","properties":{"name":"下連雀こなら児童遊園"},"geometry":{"type":"Point","coordinates":[139.565511,35.6968432]}},
{"type":"Feature","properties":{"name":"下連雀つぼみ児童遊園"},"geometry":{"type":"Point","coordinates":[139.5648505,35.6955015]}},
{"type":"Feature","properties":{"name":"下連雀あじさい児童遊園"},"geometry":{"type":"Point","coordinates":[139.5636425,35.6969631]}},
{"type":"Feature","properties":{"name":"下連雀わかくさ児童遊園"},"geometry":{"type":"Point","coordinates":[139.5624233,35.6910836]}},
{"type":"Feature","properties":{"name":"下連雀児童遊園"},"geometry":{"type":"Point","coordinates":[139.5618455,35.6888622]}},
{"type":"Feature","properties":{"name":"下連雀しんわ児童遊園"},"geometry":{"type":"Point","coordinates":[139.5660445,35.6972579]}},
{"type":"Feature","properties":{"name":"下連雀いずみ児童遊園"},"geometry":{"type":"Point","coordinates":[139.5676651,35.6976332]}},
{"type":"Feature","properties":{"name":"下連雀みなみ児童遊園"},"geometry":{"type":"Point","coordinates":[139.5642049,35.6873424]}},
{"type":"Feature","properties":{"name":"やまぼうし児童遊園"},"geometry":{"type":"Point","coordinates":[139.564112,35.6868608]}},
{"type":"Feature","properties":{"name":"下連雀そよかぜ児童遊園"},"geometry":{"type":"Point","coordinates":[139.567324,35.6863529]}},
{"type":"Feature","properties":{"name":"しいの木児童遊園"},"geometry":{"type":"Point","coordinates":[139.5658862,35.6837694]}},
{"type":"Feature","properties":{"name":"下連雀けやき児童遊園"},"geometry":{"type":"Point","coordinates":[139.564312,35.6838592]}},
{"type":"Feature","properties":{"name":"下連雀たんぽぽ児童遊園"},"geometry":{"type":"Point","coordinates":[139.565835,35.6865876]}},
{"type":"Feature","properties":{"name":"下連雀第2都営アパート児童遊園"},"geometry":{"type":"Point","coordinates":[139.5661075,35.6886724]}},
{"type":"Feature","properties":{"name":"ひまわり児童遊園"},"geometry":{"type":"Point","coordinates":[139.5653189,35.6888362]}},
{"type":"Feature","properties":{"name":"下連雀つぐみ児童遊園"},"geometry":{"type":"Point","coordinates":[139.5654519,35.6909688]}},
{"type":"Feature","properties":{"name":"下連雀いぶき児童遊園"},"geometry":{"type":"Point","coordinates":[139.5651945,35.6911397]}},
{"type":"Feature","properties":{"name":"下連雀さんりつ児童遊園"},"geometry":{"type":"Point","coordinates":[139.5681519,35.6855159]}},
{"type":"Feature","properties":{"name":"中原スポーツ児童遊園"},"geometry":{"type":"Point","coordinates":[139.566436,35.6687481]}},
{"type":"Feature","properties":{"name":"赤とんぼ児童遊園"},"geometry":{"type":"Point","coordinates":[139.5804129,35.6867755]}},
{"type":"Feature","properties":{"name":"牟礼けやき児童遊園"},"geometry":{"type":"Point","coordinates":[139.5734193,35.6871843]}},
{"type":"Feature","properties":{"name":"牟礼さくら児童遊園"},"geometry":{"type":"Point","coordinates":[139.5736775,35.6867111]}},
{"type":"Feature","properties":{"name":"上連雀なかよし児童遊園"},"geometry":{"type":"Point","coordinates":[139.5535835,35.6867099]}},
{"type":"Feature","properties":{"name":"上連雀くすのき児童遊園"},"geometry":{"type":"Point","coordinates":[139.5516142,35.6879728]}},
{"type":"Feature","properties":{"name":"山中第１児童遊園"},"geometry":{"type":"Point","coordinates":[139.5546253,35.6854095]}},
{"type":"Feature","properties":{"name":"上連雀すずかけ児童遊園"},"geometry":{"type":"Point","coordinates":[139.5511616,35.7014493]}},
{"type":"Feature","properties":{"name":"上連雀中央児童遊園"},"geometry":{"type":"Point","coordinates":[139.557348,35.696649]}},
{"type":"Feature","properties":{"name":"上連雀新道北児童遊園"},"geometry":{"type":"Point","coordinates":[139.5577682,35.698331]}},
{"type":"Feature","properties":{"name":"上連雀通南児童遊園"},"geometry":{"type":"Point","coordinates":[139.5521881,35.6891909]}},
{"type":"Feature","properties":{"name":"上連雀みどり児童遊園"},"geometry":{"type":"Point","coordinates":[139.5515232,35.6928584]}},
{"type":"Feature","properties":{"name":"上連雀七小南児童遊園"},"geometry":{"type":"Point","coordinates":[139.5542205,35.6905723]}},
{"type":"Feature","properties":{"name":"上連雀あんず児童遊園"},"geometry":{"type":"Point","coordinates":[139.557957,35.7007927]}},
{"type":"Feature","properties":{"name":"上連雀のぞみ児童遊園"},"geometry":{"type":"Point","coordinates":[139.555623,35.6842917]}},
{"type":"Feature","properties":{"name":"山中第２児童遊園"},"geometry":{"type":"Point","coordinates":[139.5552384,35.6869775]}},
{"type":"Feature","properties":{"name":"上連雀かりん児童遊園"},"geometry":{"type":"Point","coordinates":[139.558013,35.6858017]}},
{"type":"Feature","properties":{"name":"上連雀ひびき児童遊園"},"geometry":{"type":"Point","coordinates":[139.5589262,35.6920155]}},
{"type":"Feature","properties":{"name":"上連雀ひよこ児童遊園"},"geometry":{"type":"Point","coordinates":[139.5576815,35.6901315]}},
{"type":"Feature","properties":{"name":"上連雀こだま児童遊園"},"geometry":{"type":"Point","coordinates":[139.5568328,35.6902238]}},
{"type":"Feature","properties":{"name":"新川本村児童遊園"},"geometry":{"type":"Point","coordinates":[139.569825,35.6753037]}},
{"type":"Feature","properties":{"name":"新川まてばしい児童遊園"},"geometry":{"type":"Point","coordinates":[139.5712591,35.6791903]}},
{"type":"Feature","properties":{"name":"新川おおぞら児童遊園"},"geometry":{"type":"Point","coordinates":[139.569955,35.6800589]}},
{"type":"Feature","properties":{"name":"新川こばと児童遊園"},"geometry":{"type":"Point","coordinates":[139.5716808,35.670557]}},
{"type":"Feature","properties":{"name":"新川けやき児童遊園"},"geometry":{"type":"Point","coordinates":[139.5752153,35.6800526]}},
{"type":"Feature","properties":{"name":"新川天神山青少年広場"},"geometry":{"type":"Point","coordinates":[139.5755067,35.6736708]}},
{"type":"Feature","properties":{"name":"新川長久保児童遊園"},"geometry":{"type":"Point","coordinates":[139.5672622,35.6802917]}},
{"type":"Feature","properties":{"name":"深大寺ひばり児童遊園"},"geometry":{"type":"Point","coordinates":[139.5399189,35.6922472]}},
{"type":"Feature","properties":{"name":"深大寺の杜児童遊園"},"geometry":{"type":"Point","coordinates":[139.5404733,35.6927254]}},
{"type":"Feature","properties":{"name":"深大寺居村児童遊園"},"geometry":{"type":"Point","coordinates":[139.5390603,35.6912356]}},
{"type":"Feature","properties":{"name":"深大寺北児童遊園"},"geometry":{"type":"Point","coordinates":[139.5383486,35.6931355]}},
{"type":"Feature","properties":{"name":"深大寺つばめ児童遊園"},"geometry":{"type":"Point","coordinates":[139.5422553,35.6936147]}},
{"type":"Feature","properties":{"name":"都営深大寺児童遊園"},"geometry":{"type":"Point","coordinates":[139.5359045,35.6906965]}},
{"type":"Feature","properties":{"name":"東野第２児童遊園"},"geometry":{"type":"Point","coordinates":[139.5435665,35.6905267]}},
{"type":"Feature","properties":{"name":"東野第２児童遊園"},"geometry":{"type":"Point","coordinates":[139.5429444,35.6905416]}},
{"type":"Feature","properties":{"name":"いずみ児童遊園"},"geometry":{"type":"Point","coordinates":[139.5409069,35.6876746]}},
{"type":"Feature","properties":{"name":"大沢高台児童遊園"},"geometry":{"type":"Point","coordinates":[139.5405403,35.6749003]}},
{"type":"Feature","properties":{"name":"大沢中台児童遊園"},"geometry":{"type":"Point","coordinates":[139.5396643,35.6729949]}},
{"type":"Feature","properties":{"name":"大沢八幡橋児童遊園"},"geometry":{"type":"Point","coordinates":[139.5352723,35.6713846]}},
{"type":"Feature","properties":{"name":"下原すみれ児童遊園"},"geometry":{"type":"Point","coordinates":[139.5351057,35.6728874]}},
{"type":"Feature","properties":{"name":"大沢わかくさ児童遊園"},"geometry":{"type":"Point","coordinates":[139.5334569,35.6730982]}},
{"type":"Feature","properties":{"name":"大沢あさひ児童遊園"},"geometry":{"type":"Point","coordinates":[139.5376241,35.6709297]}},
{"type":"Feature","properties":{"name":"大沢むつみ児童遊園"},"geometry":{"type":"Point","coordinates":[139.5364004,35.6886828]}},
{"type":"Feature","properties":{"name":"けやきの杜児童遊園"},"geometry":{"type":"Point","coordinates":[139.5366764,35.6878237]}},
{"type":"Feature","properties":{"name":"大沢れんげ児童遊園"},"geometry":{"type":"Point","coordinates":[139.5406005,35.6660932]}},
{"type":"Feature","properties":{"name":"大沢みずほ児童遊園"},"geometry":{"type":"Point","coordinates":[139.5402851,35.6648792]}},
{"type":"Feature","properties":{"name":"大沢四丁目児童遊園"},"geometry":{"type":"Point","coordinates":[139.539562,35.6664744]}},
{"type":"Feature","properties":{"name":"大沢みはらし児童遊園"},"geometry":{"type":"Point","coordinates":[139.5410923,35.6689567]}},
{"type":"Feature","properties":{"name":"大沢しみず児童遊園"},"geometry":{"type":"Point","coordinates":[139.5311178,35.6773516]}},
{"type":"Feature","properties":{"name":"大沢あさぎり児童遊園"},"geometry":{"type":"Point","coordinates":[139.5314298,35.6777253]}},
{"type":"Feature","properties":{"name":"大沢崖の道児童遊園"},"geometry":{"type":"Point","coordinates":[139.5343791,35.6738964]}},
{"type":"Feature","properties":{"name":"大沢のびのび児童遊園"},"geometry":{"type":"Point","coordinates":[139.5342587,35.6800317]}},
{"type":"Feature","properties":{"name":"大沢天神児童遊園"},"geometry":{"type":"Point","coordinates":[139.5337899,35.680321]}},
{"type":"Feature","properties":{"name":"大沢せせらぎ児童遊園"},"geometry":{"type":"Point","coordinates":[139.5299467,35.6769866]}},
{"type":"Feature","properties":{"name":"大沢宿児童遊園"},"geometry":{"type":"Point","coordinates":[139.5270938,35.6780109]}},
{"type":"Feature","properties":{"name":"大沢飛橋児童遊園"},"geometry":{"type":"Point","coordinates":[139.5304703,35.675963]}},
{"type":"Feature","properties":{"name":"中原すくすく児童遊園"},"geometry":{"type":"Point","coordinates":[139.5764217,35.6651951]}},
{"type":"Feature","properties":{"name":"中原こぶし児童遊園"},"geometry":{"type":"Point","coordinates":[139.5756875,35.6664578]}},
{"type":"Feature","properties":{"name":"中原かしの木児童遊園"},"geometry":{"type":"Point","coordinates":[139.5799709,35.6655648]}},
{"type":"Feature","properties":{"name":"中原さつき児童遊園"},"geometry":{"type":"Point","coordinates":[139.5688192,35.6722895]}},
{"type":"Feature","properties":{"name":"中原高架下児童遊園"},"geometry":{"type":"Point","coordinates":[139.5700864,35.6709074]}},
{"type":"Feature","properties":{"name":"中原青少年広場"},"geometry":{"type":"Point","coordinates":[139.5667902,35.6694584]}},
{"type":"Feature","properties":{"name":"中原つつじヶ丘児童遊園"},"geometry":{"type":"Point","coordinates":[139.5663696,35.6660442]}},
{"type":"Feature","properties":{"name":"中仙川いちょう児童遊園"},"geometry":{"type":"Point","coordinates":[139.5666857,35.6682822]}},
{"type":"Feature","properties":{"name":"中原きのみ児童遊園"},"geometry":{"type":"Point","coordinates":[139.5649179,35.6695801]}},
{"type":"Feature","properties":{"name":"中原くすのき児童遊園"},"geometry":{"type":"Point","coordinates":[139.5716415,35.6644498]}},
{"type":"Feature","properties":{"name":"北野わかば児童遊園"},"geometry":{"type":"Point","coordinates":[139.5826145,35.6788431]}},
{"type":"Feature","properties":{"name":"北野児童遊園"},"geometry":{"type":"Point","coordinates":[139.5818892,35.6732939]}},
{"type":"Feature","properties":{"name":"北野いこい児童遊園"},"geometry":{"type":"Point","coordinates":[139.5820515,35.6724826]}},
{"type":"Feature","properties":{"name":"北野こまどり児童遊園"},"geometry":{"type":"Point","coordinates":[139.582645,35.6707719]}},
{"type":"Feature","properties":{"name":"北野小北児童遊園"},"geometry":{"type":"Point","coordinates":[139.5815315,35.6803314]}},
{"type":"Feature","properties":{"name":"牟礼かおり児童遊園"},"geometry":{"type":"Point","coordinates":[139.5893311,35.6829886]}},
{"type":"Feature","properties":{"name":"牟礼めぶき児童遊園"},"geometry":{"type":"Point","coordinates":[139.580351,35.6840357]}},
{"type":"Feature","properties":{"name":"森の児童遊園"},"geometry":{"type":"Point","coordinates":[139.5733649,35.6946452]}},
{"type":"Feature","properties":{"name":"牟礼とりで児童遊園"},"geometry":{"type":"Point","coordinates":[139.5770272,35.6822791]}},
{"type":"Feature","properties":{"name":"牟礼古判塚青少年広場"},"geometry":{"type":"Point","coordinates":[139.5767303,35.6823185]}},
{"type":"Feature","properties":{"name":"牟礼南児童遊園"},"geometry":{"type":"Point","coordinates":[139.5773642,35.6835829]}},
{"type":"Feature","properties":{"name":"牟礼あおぞら児童遊園"},"geometry":{"type":"Point","coordinates":[139.5751243,35.6834771]}},
{"type":"Feature","properties":{"name":"牟礼下本宿児童遊園"},"geometry":{"type":"Point","coordinates":[139.5848633,35.6833156]}},
{"type":"Feature","properties":{"name":"西牟礼児童遊園"},"geometry":{"type":"Point","coordinates":[139.5789899,35.6873631]}},
{"type":"Feature","properties":{"name":"牟礼ゆりのき児童遊園"},"geometry":{"type":"Point","coordinates":[139.5722939,35.6854152]}},
{"type":"Feature","properties":{"name":"牟礼児童遊園"},"geometry":{"type":"Point","coordinates":[139.5753779,35.6863512]}},
{"type":"Feature","properties":{"name":"野崎吉野東児童遊園"},"geometry":{"type":"Point","coordinates":[139.5534343,35.6830518]}},
{"type":"Feature","properties":{"name":"野崎吉野東児童遊園"},"geometry":{"type":"Point","coordinates":[139.5535005,35.683375]}},
{"type":"Feature","properties":{"name":"野崎二小北児童遊園"},"geometry":{"type":"Point","coordinates":[139.5426124,35.6863115]}},
{"type":"Feature","properties":{"name":"大沢青少年広場"},"geometry":{"type":"Point","coordinates":[139.5395954,35.6842152]}},
{"type":"Feature","properties":{"name":"野崎こみち児童遊園"},"geometry":{"type":"Point","coordinates":[139.5424518,35.6805792]}},
{"type":"Feature","properties":{"name":"野崎都営児童遊園"},"geometry":{"type":"Point","coordinates":[139.5494135,35.6852643]}},
{"type":"Feature","properties":{"name":"新川四丁目３番緑地"},"geometry":{"type":"Point","coordinates":[139.574171,35.6711063]}},
{"type":"Feature","properties":{"name":"新川五丁目17番緑地"},"geometry":{"type":"Point","coordinates":[139.5688034,35.6760583]}},
{"type":"Feature","properties":{"name":"新川二丁目５番緑地"},"geometry":{"type":"Point","coordinates":[139.5759415,35.6758856]}},
{"type":"Feature","properties":{"name":"新川一丁目16番緑地"},"geometry":{"type":"Point","coordinates":[139.576993,35.6723601]}},
{"type":"Feature","properties":{"name":"中原二丁目18番緑地"},"geometry":{"type":"Point","coordinates":[139.5721269,35.6659422]}},
{"type":"Feature","properties":{"name":"中原四丁目26番緑地"},"geometry":{"type":"Point","coordinates":[139.5667905,35.6656942]}},
{"type":"Feature","properties":{"name":"大沢四丁目11番緑地"},"geometry":{"type":"Point","coordinates":[139.5409968,35.667382]}},
{"type":"Feature","properties":{"name":"北野四丁目８番緑地"},"geometry":{"type":"Point","coordinates":[139.5827999,35.6719387]}},
{"type":"Feature","properties":{"name":"中原三丁目７番緑地"},"geometry":{"type":"Point","coordinates":[139.5676013,35.6703558]}},
{"type":"Feature","properties":{"name":"中原三丁目９番緑地（Ｌガーデン）"},"geometry":{"type":"Point","coordinates":[139.5651299,35.6714459]}},
{"type":"Feature","properties":{"name":"北野三丁目９番緑地"},"geometry":{"type":"Point","coordinates":[139.5805613,35.6777889]}},
{"type":"Feature","properties":{"name":"大沢沢の台緑地"},"geometry":{"type":"Point","coordinates":[139.5317626,35.6767119]}},
{"type":"Feature","properties":{"name":"大沢六丁目11番緑地"},"geometry":{"type":"Point","coordinates":[139.5290616,35.677003]}},
{"type":"Feature","properties":{"name":"花と緑の広場"},"geometry":{"type":"Point","coordinates":[139.5884215,35.6829731]}},
{"type":"Feature","properties":{"name":"北野小北暫定開放広場"},"geometry":{"type":"Point","coordinates":[139.5825908,35.6804]}},
{"type":"Feature","properties":{"name":"牟礼七丁目１番緑地"},"geometry":{"type":"Point","coordinates":[139.5772266,35.6819619]}},
{"type":"Feature","properties":{"name":"野崎三丁目24番緑地（三鷹いちょう公園）"},"geometry":{"type":"Point","coordinates":[139.5399624,35.6822361]}},
{"type":"Feature","properties":{"name":"大沢二丁目公園（２−11番緑地）"},"geometry":{"type":"Point","coordinates":[139.5319365,35.6787702]}},
{"type":"Feature","properties":{"name":"大沢二丁目17番緑地（ホタルトイレ）"},"geometry":{"type":"Point","coordinates":[139.5307468,35.678671]}},
{"type":"Feature","properties":{"name":"大沢二丁目17番緑地（ホタルトイレ）"},"geometry":{"type":"Point","coordinates":[139.5306854,35.6789846]}},
{"type":"Feature","properties":{"name":"大沢六丁目７番緑地"},"geometry":{"type":"Point","coordinates":[139.5281477,35.6785171]}},
{"type":"Feature","properties":{"name":"中原一丁目５番緑地"},"geometry":{"type":"Point","coordinates":[139.5776643,35.6633658]}},
{"type":"Feature","properties":{"name":"中原三丁目１番緑地"},"geometry":{"type":"Point","coordinates":[139.5670218,35.6739882]}},
{"type":"Feature","properties":{"name":"中原二丁目25番緑地"},"geometry":{"type":"Point","coordinates":[139.5717692,35.6649721]}},
{"type":"Feature","properties":{"name":"上連雀一丁目11番緑地"},"geometry":{"type":"Point","coordinates":[139.5545175,35.7045264]}},
{"type":"Feature","properties":{"name":"上連雀五丁目16番緑地"},"geometry":{"type":"Point","coordinates":[139.5528272,35.6971498]}},
{"type":"Feature","properties":{"name":"井の頭五丁目17番緑地"},"geometry":{"type":"Point","coordinates":[139.5730032,35.6967793]}},
{"type":"Feature","properties":{"name":"井口四丁目５番緑地"},"geometry":{"type":"Point","coordinates":[139.5349186,35.6944004]}},
{"type":"Feature","properties":{"name":"井口三丁目３番緑地"},"geometry":{"type":"Point","coordinates":[139.5438642,35.6938611]}},
{"type":"Feature","properties":{"name":"井口一丁目13番緑地"},"geometry":{"type":"Point","coordinates":[139.5485735,35.6922986]}},
{"type":"Feature","properties":{"name":"下連雀四丁目８番緑地"},"geometry":{"type":"Point","coordinates":[139.5628974,35.6929185]}},
{"type":"Feature","properties":{"name":"井の頭五丁目３番緑地"},"geometry":{"type":"Point","coordinates":[139.5797342,35.693525]}},
{"type":"Feature","properties":{"name":"井の頭五丁目３番緑地"},"geometry":{"type":"Point","coordinates":[139.5797044,35.693569]}},
{"type":"Feature","properties":{"name":"井の頭五丁目３番緑地"},"geometry":{"type":"Point","coordinates":[139.5797117,35.6936971]}},
{"type":"Feature","properties":{"name":"大沢三丁目11番緑地（さくらの杜公園）"},"geometry":{"type":"Point","coordinates":[139.5380034,35.6879848]}},
{"type":"Feature","properties":{"name":"深大寺二丁目40番緑地"},"geometry":{"type":"Point","coordinates":[139.5389543,35.6877819]}},
{"type":"Feature","properties":{"name":"一時開放広場"},"geometry":{"type":"Point","coordinates":[139.5442443,35.6877396]}},
{"type":"Feature","properties":{"name":"井口二丁目11番緑地"},"geometry":{"type":"Point","coordinates":[139.5477748,35.6883333]}},
{"type":"Feature","properties":{"name":"上連雀六丁目31番緑地"},"geometry":{"type":"Point","coordinates":[139.5556486,35.691506]}},
{"type":"Feature","properties":{"name":"下連雀七丁目８番緑地"},"geometry":{"type":"Point","coordinates":[139.5623466,35.69015]}},
{"type":"Feature","properties":{"name":"下連雀七丁目３番緑地"},"geometry":{"type":"Point","coordinates":[139.562968,35.6885781]}},
{"type":"Feature","properties":{"name":"下連雀一丁目10番緑地"},"geometry":{"type":"Point","coordinates":[139.5683284,35.6916221]}},
{"type":"Feature","properties":{"name":"下連雀五丁目９番緑地"},"geometry":{"type":"Point","coordinates":[139.5696371,35.6911524]}},
{"type":"Feature","properties":{"name":"牟礼三丁目10番緑地"},"geometry":{"type":"Point","coordinates":[139.5795209,35.6895448]}},
{"type":"Feature","properties":{"name":"三鷹台暫定開放広場"},"geometry":{"type":"Point","coordinates":[139.5804822,35.6884502]}},
{"type":"Feature","properties":{"name":"牟礼三丁目９番緑地"},"geometry":{"type":"Point","coordinates":[139.5798434,35.6890527]}},
{"type":"Feature","properties":{"name":"深大寺二丁目28番緑地"},"geometry":{"type":"Point","coordinates":[139.5419828,35.6865383]}},
{"type":"Feature","properties":{"name":"野崎二丁目３番緑地"},"geometry":{"type":"Point","coordinates":[139.5484159,35.6848111]}},
{"type":"Feature","properties":{"name":"下連雀九丁目３番緑地"},"geometry":{"type":"Point","coordinates":[139.5625531,35.6847975]}},
{"type":"Feature","properties":{"name":"下連雀八丁目２番緑地"},"geometry":{"type":"Point","coordinates":[139.5667524,35.6856553]}},
{"type":"Feature","properties":{"name":"牟礼六丁目24番緑地"},"geometry":{"type":"Point","coordinates":[139.572116,35.6860453]}},
{"type":"Feature","properties":{"name":"牟礼五丁目８番緑地"},"geometry":{"type":"Point","coordinates":[139.5793904,35.6836668]}},
{"type":"Feature","properties":{"name":"井の頭一丁目７番緑地"},"geometry":{"type":"Point","coordinates":[139.5904785,35.6867963]}},
{"type":"Feature","properties":{"name":"井の頭一丁目1364番緑地"},"geometry":{"type":"Point","coordinates":[139.5906778,35.6861233]}},
{"type":"Feature","properties":{"name":"牟礼六丁目12番緑地"},"geometry":{"type":"Point","coordinates":[139.5742764,35.6876705]}},
{"type":"Feature","properties":{"name":"新川三丁目13番緑地"},"geometry":{"type":"Point","coordinates":[139.5728058,35.6804177]}},
{"type":"Feature","properties":{"name":"新川三丁目13番緑地"},"geometry":{"type":"Point","coordinates":[139.5725811,35.6807939]}},
{"type":"Feature","properties":{"name":"新川三丁目16番緑地"},"geometry":{"type":"Point","coordinates":[139.5724651,35.6807332]}},
{"type":"Feature","properties":{"name":"深大寺一丁目８番緑地"},"geometry":{"type":"Point","coordinates":[139.5396491,35.6906086]}},
{"type":"Feature","properties":{"name":"大沢四丁目10番緑地"},"geometry":{"type":"Point","coordinates":[139.5396069,35.6676545]}},
{"type":"Feature","properties":{"name":"牟礼六丁目あかしで緑地"},"geometry":{"type":"Point","coordinates":[139.5732385,35.6854566]}},
{"type":"Feature","properties":{"name":"野崎三丁目21番緑地"},"geometry":{"type":"Point","coordinates":[139.5410214,35.6846785]}},
{"type":"Feature","properties":{"name":"牟礼三丁目３番緑地"},"geometry":{"type":"Point","coordinates":[139.5808779,35.6910595]}},
{"type":"Feature","properties":{"name":"牟礼三丁目３番緑地"},"geometry":{"type":"Point","coordinates":[139.5815251,35.6910176]}},
{"type":"Feature","properties":{"name":"井口三丁目14番緑地"},"geometry":{"type":"Point","coordinates":[139.542847,35.6966624]}},
{"type":"Feature","properties":{"name":"北野三丁目一時開放広場"},"geometry":{"type":"Point","coordinates":[139.5830332,35.6783943]}},
{"type":"Feature","properties":{"name":"牟礼一丁目４番緑地"},"geometry":{"type":"Point","coordinates":[139.5905098,35.6833952]}},
{"type":"Feature","properties":{"name":"井口一丁目かえで緑地"},"geometry":{"type":"Point","coordinates":[139.5461829,35.6939023]}},
{"type":"Feature","properties":{"name":"霞丘陵自然公園"},"geometry":{"type":"Point","coordinates":[139.2813069,35.8058483]}},
{"type":"Feature","properties":{"name":"河辺春日児童遊園"},"geometry":{"type":"Point","coordinates":[139.2824663,35.7801996]}},
{"type":"Feature","properties":{"name":"白はけ緑地"},"geometry":{"type":"Point","coordinates":[139.2948495,35.7774428]}},
{"type":"Feature","properties":{"name":"白はけ緑地"},"geometry":{"type":"Point","coordinates":[139.2944525,35.7771522]}},
{"type":"Feature","properties":{"name":"白はけ緑地"},"geometry":{"type":"Point","coordinates":[139.2939994,35.7768039]}},
{"type":"Feature","properties":{"name":"御岳本町児童遊園"},"geometry":{"type":"Point","coordinates":[139.1780604,35.8005694]}},
{"type":"Feature","properties":{"name":"今井浮島児童遊園"},"geometry":{"type":"Point","coordinates":[139.3056306,35.807625]}},
{"type":"Feature","properties":{"name":"今井児童遊園"},"geometry":{"type":"Point","coordinates":[139.3075984,35.8051827]}},
{"type":"Feature","properties":{"name":"今井堀の内児童遊園"},"geometry":{"type":"Point","coordinates":[139.3119089,35.8067404]}},
{"type":"Feature","properties":{"name":"勝沼３丁目児童遊園"},"geometry":{"type":"Point","coordinates":[139.2669669,35.7907868]}},
{"type":"Feature","properties":{"name":"青梅市花木園"},"geometry":{"type":"Point","coordinates":[139.2832726,35.8180438]}},
{"type":"Feature","properties":{"name":"新町東児童遊園"},"geometry":{"type":"Point","coordinates":[139.3172987,35.7819396]}},
{"type":"Feature","properties":{"name":"新町宮ノ前緑地"},"geometry":{"type":"Point","coordinates":[139.2995756,35.7904484]}},
{"type":"Feature","properties":{"name":"新町宮ノ前緑地"},"geometry":{"type":"Point","coordinates":[139.3001055,35.7909696]}},
{"type":"Feature","properties":{"name":"新町宮ノ前緑地"},"geometry":{"type":"Point","coordinates":[139.3006007,35.7914008]}},
{"type":"Feature","properties":{"name":"新町宮ノ前緑地"},"geometry":{"type":"Point","coordinates":[139.3019117,35.7917282]}},
{"type":"Feature","properties":{"name":"森下児童遊園"},"geometry":{"type":"Point","coordinates":[139.2496152,35.7904106]}},
{"type":"Feature","properties":{"name":"今井ふれあい公園"},"geometry":{"type":"Point","coordinates":[139.3083221,35.8072807]}},
{"type":"Feature","properties":{"name":"千ヶ瀬児童遊園"},"geometry":{"type":"Point","coordinates":[139.2659403,35.78421]}},
{"type":"Feature","properties":{"name":"大門稲荷下児童遊園"},"geometry":{"type":"Point","coordinates":[139.2915908,35.7986496]}},
{"type":"Feature","properties":{"name":"大柳児童遊園"},"geometry":{"type":"Point","coordinates":[139.2513989,35.7852031]}},
{"type":"Feature","properties":{"name":"滝ノ上児童遊園"},"geometry":{"type":"Point","coordinates":[139.256326,35.7885437]}},
{"type":"Feature","properties":{"name":"谷野児童遊園"},"geometry":{"type":"Point","coordinates":[139.2897221,35.8039514]}},
{"type":"Feature","properties":{"name":"墓地公園"},"geometry":{"type":"Point","coordinates":[139.2630912,35.7724545]}},
{"type":"Feature","properties":{"name":"墓地公園"},"geometry":{"type":"Point","coordinates":[139.2613511,35.77298]}},
{"type":"Feature","properties":{"name":"長淵鹿島児童遊園"},"geometry":{"type":"Point","coordinates":[139.2716986,35.7784055]}},
{"type":"Feature","properties":{"name":"日向和田2丁目児童遊園"},"geometry":{"type":"Point","coordinates":[139.2355898,35.7851132]}},
{"type":"Feature","properties":{"name":"梅の公園"},"geometry":{"type":"Point","coordinates":[139.2195291,35.7852538]}},
{"type":"Feature","properties":{"name":"梅郷児童遊園"},"geometry":{"type":"Point","coordinates":[139.224166,35.7849785]}},
{"type":"Feature","properties":{"name":"梅郷八幡児童遊園"},"geometry":{"type":"Point","coordinates":[139.2185518,35.7908118]}},
{"type":"Feature","properties":{"name":"木野下中央児童遊園"},"geometry":{"type":"Point","coordinates":[139.2954189,35.8060732]}},
{"type":"Feature","properties":{"name":"野上児童遊園"},"geometry":{"type":"Point","coordinates":[139.2850863,35.7964242]}},
{"type":"Feature","properties":{"name":"中丸台児童遊園"},"geometry":{"type":"Point","coordinates":[139.2913609,35.7701004]}},
{"type":"Feature","properties":{"name":"和田児童遊園"},"geometry":{"type":"Point","coordinates":[139.229031,35.7801684]}},
{"type":"Feature","properties":{"name":"物見塚公園"},"geometry":{"type":"Point","coordinates":[139.3230121,35.7911836]}},
{"type":"Feature","properties":{"name":"新町緑地"},"geometry":{"type":"Point","coordinates":[139.3122556,35.7912838]}},
{"type":"Feature","properties":{"name":"日向和田臨川庭園"},"geometry":{"type":"Point","coordinates":[139.2387934,35.7848324]}},
{"type":"Feature","properties":{"name":"長淵７丁目児童遊園"},"geometry":{"type":"Point","coordinates":[139.2638042,35.781321]}},
{"type":"Feature","properties":{"name":"友田町５丁目児童遊園"},"geometry":{"type":"Point","coordinates":[139.2861798,35.7697342]}},
{"type":"Feature","properties":{"name":"柚木町１丁目児童遊園"},"geometry":{"type":"Point","coordinates":[139.2123803,35.7962065]}},
{"type":"Feature","properties":{"name":"柚木町３丁目児童遊園"},"geometry":{"type":"Point","coordinates":[139.2082351,35.801395]}},
{"type":"Feature","properties":{"name":"二俣尾１丁目児童遊園"},"geometry":{"type":"Point","coordinates":[139.2255969,35.7957599]}},
{"type":"Feature","properties":{"name":"沢井２丁目児童遊園"},"geometry":{"type":"Point","coordinates":[139.1916538,35.805689]}},
{"type":"Feature","properties":{"name":"黒沢２丁目児童遊園"},"geometry":{"type":"Point","coordinates":[139.2588067,35.8125395]}},
{"type":"Feature","properties":{"name":"富岡１丁目児童遊園"},"geometry":{"type":"Point","coordinates":[139.2938573,35.8303004]}},
{"type":"Feature","properties":{"name":"成木３丁目児童遊園"},"geometry":{"type":"Point","coordinates":[139.2653649,35.829204]}},
{"type":"Feature","properties":{"name":"成木５丁目児童遊園"},"geometry":{"type":"Point","coordinates":[139.2422303,35.8283838]}},
{"type":"Feature","properties":{"name":"成木１丁目児童遊園"},"geometry":{"type":"Point","coordinates":[139.2803225,35.8368675]}},
{"type":"Feature","properties":{"name":"長淵３丁目児童遊園"},"geometry":{"type":"Point","coordinates":[139.2764265,35.7791181]}},
{"type":"Feature","properties":{"name":"友田町１丁目児童遊園"},"geometry":{"type":"Point","coordinates":[139.2922009,35.7664019]}},
{"type":"Feature","properties":{"name":"小曾木４丁目児童遊園"},"geometry":{"type":"Point","coordinates":[139.2831933,35.8211205]}},
{"type":"Feature","properties":{"name":"勝沼２丁目児童遊園"},"geometry":{"type":"Point","coordinates":[139.2627343,35.7946152]}},
{"type":"Feature","properties":{"name":"小曾木５丁目児童遊園"},"geometry":{"type":"Point","coordinates":[139.285802,35.8248973]}},
{"type":"Feature","properties":{"name":"成木２丁目児童遊園"},"geometry":{"type":"Point","coordinates":[139.2688717,35.8351262]}},
{"type":"Feature","properties":{"name":"根ヶ布１丁目児童遊園"},"geometry":{"type":"Point","coordinates":[139.2667952,35.7972133]}},
{"type":"Feature","properties":{"name":"駒木町１丁目児童遊園"},"geometry":{"type":"Point","coordinates":[139.2583444,35.7821703]}},
{"type":"Feature","properties":{"name":"小曾木１丁目児童遊園"},"geometry":{"type":"Point","coordinates":[139.2914623,35.8203056]}},
{"type":"Feature","properties":{"name":"西分町３丁目児童遊園"},"geometry":{"type":"Point","coordinates":[139.2621507,35.788432]}},
{"type":"Feature","properties":{"name":"師岡町１丁目児童遊園"},"geometry":{"type":"Point","coordinates":[139.2798662,35.7931435]}},
{"type":"Feature","properties":{"name":"黒沢１丁目児童遊園"},"geometry":{"type":"Point","coordinates":[139.2670717,35.8139362]}},
{"type":"Feature","properties":{"name":"藤橋２丁目児童遊園"},"geometry":{"type":"Point","coordinates":[139.3043868,35.8010658]}},
{"type":"Feature","properties":{"name":"二俣尾３丁目児童遊園"},"geometry":{"type":"Point","coordinates":[139.2205837,35.8018467]}},
{"type":"Feature","properties":{"name":"富岡２丁目児童遊園"},"geometry":{"type":"Point","coordinates":[139.290355,35.8340589]}},
{"type":"Feature","properties":{"name":"友田町３丁目児童遊園"},"geometry":{"type":"Point","coordinates":[139.2903785,35.7717572]}},
{"type":"Feature","properties":{"name":"根ヶ布２丁目児童遊園"},"geometry":{"type":"Point","coordinates":[139.2631702,35.8045055]}},
{"type":"Feature","properties":{"name":"日向和田３丁目児童遊園"},"geometry":{"type":"Point","coordinates":[139.2340959,35.7814169]}},
{"type":"Feature","properties":{"name":"師岡町２丁目児童遊園"},"geometry":{"type":"Point","coordinates":[139.2834267,35.7920741]}},
{"type":"Feature","properties":{"name":"緑ヶ丘第３仲よし広場"},"geometry":{"type":"Point","coordinates":[139.5844091,35.6689408]}},
{"type":"Feature","properties":{"name":"下石原第１仲よし広場"},"geometry":{"type":"Point","coordinates":[139.53706,35.6535092]}},
{"type":"Feature","properties":{"name":"国領第１仲よし広場"},"geometry":{"type":"Point","coordinates":[139.5524595,35.652634]}},
{"type":"Feature","properties":{"name":"光照寺仲よし広場"},"geometry":{"type":"Point","coordinates":[139.5618152,35.6561899]}},
{"type":"Feature","properties":{"name":"深大寺東仲よし広場"},"geometry":{"type":"Point","coordinates":[139.5614649,35.6682615]}},
{"type":"Feature","properties":{"name":"やまびこ仲よし広場"},"geometry":{"type":"Point","coordinates":[139.5535358,35.6626547]}},
{"type":"Feature","properties":{"name":"深大寺自然広場"},"geometry":{"type":"Point","coordinates":[139.5573971,35.6628116]}},
{"type":"Feature","properties":{"name":"深大寺自然広場"},"geometry":{"type":"Point","coordinates":[139.5562789,35.6632431]}},
{"type":"Feature","properties":{"name":"深大寺自然広場"},"geometry":{"type":"Point","coordinates":[139.5556491,35.6643738]}},
{"type":"Feature","properties":{"name":"絵堂第１仲よし広場"},"geometry":{"type":"Point","coordinates":[139.5574993,35.666275]}},
{"type":"Feature","properties":{"name":"ふるさと遊園"},"geometry":{"type":"Point","coordinates":[139.5475838,35.6800362]}},
{"type":"Feature","properties":{"name":"多摩川第１仲よし広場"},"geometry":{"type":"Point","coordinates":[139.528603,35.6494651]}},
{"type":"Feature","properties":{"name":"京王多摩川さくら広場"},"geometry":{"type":"Point","coordinates":[139.5372585,35.6448277]}},
{"type":"Feature","properties":{"name":"はけ道遊園"},"geometry":{"type":"Point","coordinates":[139.5320582,35.6508657]}},
{"type":"Feature","properties":{"name":"若宮自然広場"},"geometry":{"type":"Point","coordinates":[139.5280823,35.6532107]}},
{"type":"Feature","properties":{"name":"くぬぎ林遊園"},"geometry":{"type":"Point","coordinates":[139.5528869,35.6797395]}},
{"type":"Feature","properties":{"name":"ポケット広場"},"geometry":{"type":"Point","coordinates":[139.5436483,35.6506216]}},
{"type":"Feature","properties":{"name":"滝坂下仲よし広場"},"geometry":{"type":"Point","coordinates":[139.5782692,35.6604436]}},
{"type":"Feature","properties":{"name":"東つつじケ丘第１仲よし広場"},"geometry":{"type":"Point","coordinates":[139.5793925,35.6549608]}},
{"type":"Feature","properties":{"name":"わかくさ仲よし広場"},"geometry":{"type":"Point","coordinates":[139.553324,35.6555692]}},
{"type":"Feature","properties":{"name":"八雲苑仲よし広場"},"geometry":{"type":"Point","coordinates":[139.5539948,35.6540051]}},
{"type":"Feature","properties":{"name":"青葉仲よし広場"},"geometry":{"type":"Point","coordinates":[139.5363011,35.6607892]}},
{"type":"Feature","properties":{"name":"セリス仙川仲よし広場"},"geometry":{"type":"Point","coordinates":[139.5838326,35.6691946]}},
{"type":"Feature","properties":{"name":"緑ケ丘みんなの森"},"geometry":{"type":"Point","coordinates":[139.5856157,35.6686965]}},
{"type":"Feature","properties":{"name":"調布市民大町スポーツ施設"},"geometry":{"type":"Point","coordinates":[139.5723037,35.6526431]}},
{"type":"Feature","properties":{"name":"調布市民野球場"},"geometry":{"type":"Point","coordinates":[139.5476103,35.6394562]}},
{"type":"Feature","properties":{"name":"調布基地跡地運動広場"},"geometry":{"type":"Point","coordinates":[139.5255344,35.6701124]}},
{"type":"Feature","properties":{"name":"調布市民西町野球場"},"geometry":{"type":"Point","coordinates":[139.5324153,35.6673054]}},
{"type":"Feature","properties":{"name":"調布市民西町少年野球場"},"geometry":{"type":"Point","coordinates":[139.5340716,35.6673272]}},
{"type":"Feature","properties":{"name":"深大寺・佐須地域農業公園（北側）"},"geometry":{"type":"Point","coordinates":[139.5576549,35.6635897]}},
{"type":"Feature","properties":{"name":"深大寺・佐須地域農業公園（南側）"},"geometry":{"type":"Point","coordinates":[139.5572084,35.6609457]}},
{"type":"Feature","properties":{"name":"むさこぷらっと公園"},"geometry":{"type":"Point","coordinates":[139.5043511,35.7012413]}},
{"type":"Feature","properties":{"name":"東町二丁目緑地"},"geometry":{"type":"Point","coordinates":[139.5311071,35.6987789]}},
{"type":"Feature","properties":{"name":"東町しだれざくら緑地"},"geometry":{"type":"Point","coordinates":[139.5301847,35.698208]}},
{"type":"Feature","properties":{"name":"ぶどう緑地"},"geometry":{"type":"Point","coordinates":[139.5283794,35.6975924]}},
{"type":"Feature","properties":{"name":"東町五丁目緑地"},"geometry":{"type":"Point","coordinates":[139.5210159,35.6903954]}},
{"type":"Feature","properties":{"name":"二枚橋上緑地"},"geometry":{"type":"Point","coordinates":[139.5240892,35.6929431]}},
{"type":"Feature","properties":{"name":"堀端緑地"},"geometry":{"type":"Point","coordinates":[139.5253521,35.7093151]}},
{"type":"Feature","properties":{"name":"梶野町雑木緑地"},"geometry":{"type":"Point","coordinates":[139.5248313,35.7115125]}},
{"type":"Feature","properties":{"name":"サルスベリ緑地"},"geometry":{"type":"Point","coordinates":[139.5266103,35.7114785]}},
{"type":"Feature","properties":{"name":"緑町一丁目緑地"},"geometry":{"type":"Point","coordinates":[139.5205792,35.7021451]}},
{"type":"Feature","properties":{"name":"緑町雑木林緑地"},"geometry":{"type":"Point","coordinates":[139.5195716,35.7024809]}},
{"type":"Feature","properties":{"name":"うめの木緑地"},"geometry":{"type":"Point","coordinates":[139.5217815,35.7028487]}},
{"type":"Feature","properties":{"name":"ヤマモモ緑地"},"geometry":{"type":"Point","coordinates":[139.5210267,35.7054487]}},
{"type":"Feature","properties":{"name":"亀久保緑地"},"geometry":{"type":"Point","coordinates":[139.5199109,35.7076061]}},
{"type":"Feature","properties":{"name":"ソヨゴ緑地"},"geometry":{"type":"Point","coordinates":[139.5198832,35.7063065]}},
{"type":"Feature","properties":{"name":"木の実緑地"},"geometry":{"type":"Point","coordinates":[139.519882,35.7111217]}},
{"type":"Feature","properties":{"name":"砂川用水ポケット緑地"},"geometry":{"type":"Point","coordinates":[139.5210359,35.7124099]}},
{"type":"Feature","properties":{"name":"仙川緑地"},"geometry":{"type":"Point","coordinates":[139.5155389,35.7089963]}},
{"type":"Feature","properties":{"name":"孟宗竹緑地"},"geometry":{"type":"Point","coordinates":[139.5145967,35.7094762]}},
{"type":"Feature","properties":{"name":"イチジク緑地"},"geometry":{"type":"Point","coordinates":[139.5140464,35.706245]}},
{"type":"Feature","properties":{"name":"緑町ポケット緑地"},"geometry":{"type":"Point","coordinates":[139.5130213,35.7056498]}},
{"type":"Feature","properties":{"name":"緑町ポケット緑地２"},"geometry":{"type":"Point","coordinates":[139.5131472,35.7059837]}},
{"type":"Feature","properties":{"name":"下山谷の森"},"geometry":{"type":"Point","coordinates":[139.5171346,35.7069992]}},
{"type":"Feature","properties":{"name":"緑町シダレザクラ緑地"},"geometry":{"type":"Point","coordinates":[139.5182471,35.7096212]}},
{"type":"Feature","properties":{"name":"キンカン緑地"},"geometry":{"type":"Point","coordinates":[139.5168473,35.7019284]}},
{"type":"Feature","properties":{"name":"四割堰緑地"},"geometry":{"type":"Point","coordinates":[139.5097117,35.6933487]}},
{"type":"Feature","properties":{"name":"中町さくら緑地"},"geometry":{"type":"Point","coordinates":[139.511778,35.6965469]}},
{"type":"Feature","properties":{"name":"中町マンサク緑地"},"geometry":{"type":"Point","coordinates":[139.5149036,35.6951486]}},
{"type":"Feature","properties":{"name":"こぶし緑地"},"geometry":{"type":"Point","coordinates":[139.5215646,35.6951993]}},
{"type":"Feature","properties":{"name":"かしの木緑地"},"geometry":{"type":"Point","coordinates":[139.5161016,35.6963915]}},
{"type":"Feature","properties":{"name":"中町雑木緑地"},"geometry":{"type":"Point","coordinates":[139.5185461,35.6967461]}},
{"type":"Feature","properties":{"name":"ヤマボウシ緑地"},"geometry":{"type":"Point","coordinates":[139.5190173,35.697184]}},
{"type":"Feature","properties":{"name":"天神橋緑地"},"geometry":{"type":"Point","coordinates":[139.5079679,35.6939454]}},
{"type":"Feature","properties":{"name":"はけの森緑地"},"geometry":{"type":"Point","coordinates":[139.5087262,35.6967457]}},
{"type":"Feature","properties":{"name":"中町四丁目緑地"},"geometry":{"type":"Point","coordinates":[139.5080176,35.6965084]}},
{"type":"Feature","properties":{"name":"はけの森緑地２"},"geometry":{"type":"Point","coordinates":[139.5065505,35.6963084]}},
{"type":"Feature","properties":{"name":"はけのうえ竹の子緑地"},"geometry":{"type":"Point","coordinates":[139.5099617,35.6966751]}},
{"type":"Feature","properties":{"name":"前原町シラカシ緑地"},"geometry":{"type":"Point","coordinates":[139.509979,35.6906441]}},
{"type":"Feature","properties":{"name":"はなみずきの庭"},"geometry":{"type":"Point","coordinates":[139.509247,35.6909078]}},
{"type":"Feature","properties":{"name":"ユズ緑地"},"geometry":{"type":"Point","coordinates":[139.5021745,35.6969058]}},
{"type":"Feature","properties":{"name":"西の台緑地"},"geometry":{"type":"Point","coordinates":[139.5019226,35.6960948]}},
{"type":"Feature","properties":{"name":"雑木林緑地"},"geometry":{"type":"Point","coordinates":[139.4998251,35.6963655]}},
{"type":"Feature","properties":{"name":"サクランボ緑地"},"geometry":{"type":"Point","coordinates":[139.5041052,35.6909241]}},
{"type":"Feature","properties":{"name":"アンズ緑地"},"geometry":{"type":"Point","coordinates":[139.5011523,35.6919268]}},
{"type":"Feature","properties":{"name":"スモモ緑地"},"geometry":{"type":"Point","coordinates":[139.5026582,35.6920293]}},
{"type":"Feature","properties":{"name":"ワダスメモリー緑地"},"geometry":{"type":"Point","coordinates":[139.5091825,35.6988376]}},
{"type":"Feature","properties":{"name":"本町二丁目緑地"},"geometry":{"type":"Point","coordinates":[139.5077432,35.7034447]}},
{"type":"Feature","properties":{"name":"本町木の実緑地"},"geometry":{"type":"Point","coordinates":[139.5085398,35.7048486]}},
{"type":"Feature","properties":{"name":"上山谷緑地公園"},"geometry":{"type":"Point","coordinates":[139.5102711,35.7058872]}},
{"type":"Feature","properties":{"name":"ネムノキ緑地"},"geometry":{"type":"Point","coordinates":[139.5091626,35.7087204]}},
{"type":"Feature","properties":{"name":"白樫緑地"},"geometry":{"type":"Point","coordinates":[139.5043528,35.7065015]}},
{"type":"Feature","properties":{"name":"築樋緑地"},"geometry":{"type":"Point","coordinates":[139.5032573,35.7071229]}},
{"type":"Feature","properties":{"name":"エゴノキ緑地"},"geometry":{"type":"Point","coordinates":[139.5071864,35.7034775]}},
{"type":"Feature","properties":{"name":"アラカシ緑地"},"geometry":{"type":"Point","coordinates":[139.5068887,35.7029188]}},
{"type":"Feature","properties":{"name":"桜町二丁目緑地"},"geometry":{"type":"Point","coordinates":[139.5078335,35.7102545]}},
{"type":"Feature","properties":{"name":"ナツメ緑地"},"geometry":{"type":"Point","coordinates":[139.5058254,35.7119]}},
{"type":"Feature","properties":{"name":"貫井北町カリン緑地"},"geometry":{"type":"Point","coordinates":[139.4975726,35.7039006]}},
{"type":"Feature","properties":{"name":"玉川上水ポケット緑地"},"geometry":{"type":"Point","coordinates":[139.5008095,35.7124162]}},
{"type":"Feature","properties":{"name":"貫井北町五丁目緑地"},"geometry":{"type":"Point","coordinates":[139.4929417,35.7030091]}},
{"type":"Feature","properties":{"name":"貫井南町シャラノキ緑地"},"geometry":{"type":"Point","coordinates":[139.4965546,35.6900768]}},
{"type":"Feature","properties":{"name":"モクレン緑地"},"geometry":{"type":"Point","coordinates":[139.4966583,35.6935004]}},
{"type":"Feature","properties":{"name":"ゲッケイジュ緑地"},"geometry":{"type":"Point","coordinates":[139.4985468,35.6946247]}},
{"type":"Feature","properties":{"name":"三楽緑地"},"geometry":{"type":"Point","coordinates":[139.4957679,35.6981253]}},
{"type":"Feature","properties":{"name":"貫井南町三丁目緑地"},"geometry":{"type":"Point","coordinates":[139.4927904,35.7001116]}},
{"type":"Feature","properties":{"name":"マユミ緑地"},"geometry":{"type":"Point","coordinates":[139.4929064,35.6954858]}},
{"type":"Feature","properties":{"name":"貫井南町サクラ緑地"},"geometry":{"type":"Point","coordinates":[139.4906065,35.6916329]}},
{"type":"Feature","properties":{"name":"ハナダイコン緑地"},"geometry":{"type":"Point","coordinates":[139.4973052,35.6949329]}},
{"type":"Feature","properties":{"name":"三楽の森公共緑地"},"geometry":{"type":"Point","coordinates":[139.4949498,35.6987677]}},
{"type":"Feature","properties":{"name":"どんぐりの森公共緑地"},"geometry":{"type":"Point","coordinates":[139.500744,35.6982132]}},
{"type":"Feature","properties":{"name":"中町四丁目公共緑地"},"geometry":{"type":"Point","coordinates":[139.5081517,35.6970259]}},
{"type":"Feature","properties":{"name":"エンジュ緑地"},"geometry":{"type":"Point","coordinates":[139.5298427,35.7008257]}},
{"type":"Feature","properties":{"name":"野川サクラ緑地"},"geometry":{"type":"Point","coordinates":[139.5036324,35.6932924]}},
{"type":"Feature","properties":{"name":"前原町四丁目公園"},"geometry":{"type":"Point","coordinates":[139.5014207,35.6852415]}},
{"type":"Feature","properties":{"name":"リーフィア貫井南公園"},"geometry":{"type":"Point","coordinates":[139.4909984,35.6924312]}},
{"type":"Feature","properties":{"name":"ムジナ坂上公園"},"geometry":{"type":"Point","coordinates":[139.5163278,35.6942896]}},
{"type":"Feature","properties":{"name":"貫井橋公園"},"geometry":{"type":"Point","coordinates":[139.5002078,35.7117403]}},
{"type":"Feature","properties":{"name":"もみの木公園"},"geometry":{"type":"Point","coordinates":[139.5034325,35.6876572]}},
{"type":"Feature","properties":{"name":"コウヤマキ公園"},"geometry":{"type":"Point","coordinates":[139.4936629,35.708342]}},
{"type":"Feature","properties":{"name":"こもれび公園"},"geometry":{"type":"Point","coordinates":[139.508392,35.7098094]}},
{"type":"Feature","properties":{"name":"前原坂ポケット広場"},"geometry":{"type":"Point","coordinates":[139.5060614,35.6973668]}},
{"type":"Feature","properties":{"name":"かわせみ公園"},"geometry":{"type":"Point","coordinates":[139.4991341,35.7020534]}},
{"type":"Feature","properties":{"name":"はぐくみ公園"},"geometry":{"type":"Point","coordinates":[139.5146258,35.7042184]}},
{"type":"Feature","properties":{"name":"もみじの里公園"},"geometry":{"type":"Point","coordinates":[139.5291823,35.6967035]}},
{"type":"Feature","properties":{"name":"桜町なかよし公園"},"geometry":{"type":"Point","coordinates":[139.5061774,35.710027]}},
{"type":"Feature","properties":{"name":"東町四丁目児童遊園"},"geometry":{"type":"Point","coordinates":[139.5264779,35.7001312]}},
{"type":"Feature","properties":{"name":"梶野町くぬぎ公園"},"geometry":{"type":"Point","coordinates":[139.5294747,35.7036823]}},
{"type":"Feature","properties":{"name":"梶野町まつのき広場"},"geometry":{"type":"Point","coordinates":[139.5306652,35.7040341]}},
{"type":"Feature","properties":{"name":"梶野町ハナノキ公園"},"geometry":{"type":"Point","coordinates":[139.5246648,35.7104436]}},
{"type":"Feature","properties":{"name":"梶野町四丁目子供広場"},"geometry":{"type":"Point","coordinates":[139.5219696,35.706567]}},
{"type":"Feature","properties":{"name":"さるすべり公園"},"geometry":{"type":"Point","coordinates":[139.5223502,35.7068789]}},
{"type":"Feature","properties":{"name":"梶野町クルミ公園"},"geometry":{"type":"Point","coordinates":[139.5248411,35.7085486]}},
{"type":"Feature","properties":{"name":"禄水郷公園"},"geometry":{"type":"Point","coordinates":[139.5244751,35.7058008]}},
{"type":"Feature","properties":{"name":"梶野町四丁目児童遊園"},"geometry":{"type":"Point","coordinates":[139.52208,35.7058399]}},
{"type":"Feature","properties":{"name":"もくれん公園"},"geometry":{"type":"Point","coordinates":[139.5312436,35.7057402]}},
{"type":"Feature","properties":{"name":"貫井南町一丁目第３子供広場"},"geometry":{"type":"Point","coordinates":[139.4942312,35.6897031]}},
{"type":"Feature","properties":{"name":"ネムノキ公園"},"geometry":{"type":"Point","coordinates":[139.4939524,35.6899086]}},
{"type":"Feature","properties":{"name":"貫井南町一丁目第２子供広場"},"geometry":{"type":"Point","coordinates":[139.4928884,35.6905084]}},
{"type":"Feature","properties":{"name":"貫井南町カリン広場"},"geometry":{"type":"Point","coordinates":[139.4948737,35.6910968]}},
{"type":"Feature","properties":{"name":"貫井南遊歩道公園"},"geometry":{"type":"Point","coordinates":[139.4962918,35.6913039]}},
{"type":"Feature","properties":{"name":"貫井南遊歩道公園"},"geometry":{"type":"Point","coordinates":[139.4963501,35.6913818]}},
{"type":"Feature","properties":{"name":"貫井南町五丁目第３子供広場"},"geometry":{"type":"Point","coordinates":[139.489587,35.6927738]}},
{"type":"Feature","properties":{"name":"なつみかん公園"},"geometry":{"type":"Point","coordinates":[139.4901347,35.6936543]}},
{"type":"Feature","properties":{"name":"ヤマボウシ広場"},"geometry":{"type":"Point","coordinates":[139.4921151,35.6927448]}},
{"type":"Feature","properties":{"name":"サンシュユ公園"},"geometry":{"type":"Point","coordinates":[139.4906909,35.6914457]}},
{"type":"Feature","properties":{"name":"貫井南つつじ公園"},"geometry":{"type":"Point","coordinates":[139.4905772,35.6901725]}},
{"type":"Feature","properties":{"name":"貫井南町五丁目子供広場"},"geometry":{"type":"Point","coordinates":[139.4899735,35.6922687]}},
{"type":"Feature","properties":{"name":"貫井南町緑の森公園"},"geometry":{"type":"Point","coordinates":[139.495563,35.7000692]}},
{"type":"Feature","properties":{"name":"貫井南花木公園"},"geometry":{"type":"Point","coordinates":[139.4988086,35.6997129]}},
{"type":"Feature","properties":{"name":"貫井南町四丁目第３子供広場"},"geometry":{"type":"Point","coordinates":[139.4913575,35.69503]}},
{"type":"Feature","properties":{"name":"ムクロジ公園"},"geometry":{"type":"Point","coordinates":[139.4918711,35.6957433]}},
{"type":"Feature","properties":{"name":"アオダモ公園"},"geometry":{"type":"Point","coordinates":[139.490992,35.6967552]}},
{"type":"Feature","properties":{"name":"貫井南町四丁目第４児童遊園"},"geometry":{"type":"Point","coordinates":[139.4924446,35.6952638]}},
{"type":"Feature","properties":{"name":"貫井南町大けやき公園"},"geometry":{"type":"Point","coordinates":[139.493612,35.6969264]}},
{"type":"Feature","properties":{"name":"貫井かしのき公園"},"geometry":{"type":"Point","coordinates":[139.4929641,35.6968596]}},
{"type":"Feature","properties":{"name":"貫井もちのき公園"},"geometry":{"type":"Point","coordinates":[139.4960663,35.6977829]}},
{"type":"Feature","properties":{"name":"貫井南町四丁目第２子供広場"},"geometry":{"type":"Point","coordinates":[139.4973254,35.6972051]}},
{"type":"Feature","properties":{"name":"下弁天子供広場"},"geometry":{"type":"Point","coordinates":[139.4996492,35.6929353]}},
{"type":"Feature","properties":{"name":"ロウバイ広場"},"geometry":{"type":"Point","coordinates":[139.4985454,35.6927614]}},
{"type":"Feature","properties":{"name":"かきの木公園"},"geometry":{"type":"Point","coordinates":[139.4965278,35.6928608]}},
{"type":"Feature","properties":{"name":"楓の木広場"},"geometry":{"type":"Point","coordinates":[139.4927643,35.7015013]}},
{"type":"Feature","properties":{"name":"貫井北町五丁目児童遊園"},"geometry":{"type":"Point","coordinates":[139.4909311,35.7029974]}},
{"type":"Feature","properties":{"name":"木の実公園"},"geometry":{"type":"Point","coordinates":[139.4975847,35.7117472]}},
{"type":"Feature","properties":{"name":"ザイフリボク広場"},"geometry":{"type":"Point","coordinates":[139.4970181,35.7083269]}},
{"type":"Feature","properties":{"name":"クスノキ広場"},"geometry":{"type":"Point","coordinates":[139.4977195,35.7060051]}},
{"type":"Feature","properties":{"name":"関野町エノキ公園"},"geometry":{"type":"Point","coordinates":[139.5198256,35.7133466]}},
{"type":"Feature","properties":{"name":"さくら公園"},"geometry":{"type":"Point","coordinates":[139.5130937,35.7122989]}},
{"type":"Feature","properties":{"name":"大尽の坂広場"},"geometry":{"type":"Point","coordinates":[139.5109106,35.7097474]}},
{"type":"Feature","properties":{"name":"きりの木公園"},"geometry":{"type":"Point","coordinates":[139.5048653,35.7118025]}},
{"type":"Feature","properties":{"name":"ゆずりは公園"},"geometry":{"type":"Point","coordinates":[139.5059918,35.7108059]}},
{"type":"Feature","properties":{"name":"前原町一丁目第４子供広場"},"geometry":{"type":"Point","coordinates":[139.5096142,35.6908802]}},
{"type":"Feature","properties":{"name":"七軒家広場"},"geometry":{"type":"Point","coordinates":[139.5101616,35.6908637]}},
{"type":"Feature","properties":{"name":"前原やなぎ公園"},"geometry":{"type":"Point","coordinates":[139.5083591,35.690333]}},
{"type":"Feature","properties":{"name":"前原町一丁目第２子供広場"},"geometry":{"type":"Point","coordinates":[139.5091948,35.6900718]}},
{"type":"Feature","properties":{"name":"ハナミズキ公園"},"geometry":{"type":"Point","coordinates":[139.5001788,35.6896832]}},
{"type":"Feature","properties":{"name":"ふじのき公園"},"geometry":{"type":"Point","coordinates":[139.4966657,35.6869663]}},
{"type":"Feature","properties":{"name":"前原町五丁目子供広場"},"geometry":{"type":"Point","coordinates":[139.5005767,35.6885869]}},
{"type":"Feature","properties":{"name":"前原町さくら広場"},"geometry":{"type":"Point","coordinates":[139.5016194,35.6879492]}},
{"type":"Feature","properties":{"name":"ナツメ広場"},"geometry":{"type":"Point","coordinates":[139.5003033,35.6964879]}},
{"type":"Feature","properties":{"name":"野川緑地公園"},"geometry":{"type":"Point","coordinates":[139.5031105,35.6939933]}},
{"type":"Feature","properties":{"name":"前原町クスノキ公園"},"geometry":{"type":"Point","coordinates":[139.5044124,35.6889893]}},
{"type":"Feature","properties":{"name":"メグスリノキ公園"},"geometry":{"type":"Point","coordinates":[139.5065223,35.688751]}},
{"type":"Feature","properties":{"name":"丸山台公園"},"geometry":{"type":"Point","coordinates":[139.5030442,35.690636]}},
{"type":"Feature","properties":{"name":"モッコク公園"},"geometry":{"type":"Point","coordinates":[139.5019366,35.6850829]}},
{"type":"Feature","properties":{"name":"前原町ハナミズキ公園"},"geometry":{"type":"Point","coordinates":[139.506422,35.6910348]}},
{"type":"Feature","properties":{"name":"前原町四丁目児童遊園"},"geometry":{"type":"Point","coordinates":[139.5019427,35.6839837]}},
{"type":"Feature","properties":{"name":"イチョウ公園"},"geometry":{"type":"Point","coordinates":[139.501786,35.6875422]}},
{"type":"Feature","properties":{"name":"前原町二丁目第２子供広場"},"geometry":{"type":"Point","coordinates":[139.5130699,35.6933468]}},
{"type":"Feature","properties":{"name":"前原町二丁目第３子供広場"},"geometry":{"type":"Point","coordinates":[139.5126141,35.6934318]}},
{"type":"Feature","properties":{"name":"ヤマボウシ公園"},"geometry":{"type":"Point","coordinates":[139.5176193,35.6945045]}},
{"type":"Feature","properties":{"name":"中町一丁目第２子供広場"},"geometry":{"type":"Point","coordinates":[139.5127941,35.694072]}},
{"type":"Feature","properties":{"name":"中町シダレザクラ公園"},"geometry":{"type":"Point","coordinates":[139.5097402,35.6948208]}},
{"type":"Feature","properties":{"name":"中町三丁目暫定広場"},"geometry":{"type":"Point","coordinates":[139.5127238,35.7006921]}},
{"type":"Feature","properties":{"name":"中町三丁目暫定広場"},"geometry":{"type":"Point","coordinates":[139.5137417,35.7008019]}},
{"type":"Feature","properties":{"name":"中町三丁目子供広場"},"geometry":{"type":"Point","coordinates":[139.5149105,35.7008843]}},
{"type":"Feature","properties":{"name":"中町三丁目第２子供広場"},"geometry":{"type":"Point","coordinates":[139.5146458,35.7004277]}},
{"type":"Feature","properties":{"name":"ハケの上広場"},"geometry":{"type":"Point","coordinates":[139.5082226,35.6973807]}},
{"type":"Feature","properties":{"name":"中町二丁目第２児童遊園"},"geometry":{"type":"Point","coordinates":[139.5153436,35.6973174]}},
{"type":"Feature","properties":{"name":"中町二丁目児童遊園"},"geometry":{"type":"Point","coordinates":[139.5205482,35.6974773]}},
{"type":"Feature","properties":{"name":"中町二丁目第３児童遊園"},"geometry":{"type":"Point","coordinates":[139.5213592,35.6945209]}},
{"type":"Feature","properties":{"name":"ナツグミ広場"},"geometry":{"type":"Point","coordinates":[139.5270416,35.6918861]}},
{"type":"Feature","properties":{"name":"シャラノキ公園"},"geometry":{"type":"Point","coordinates":[139.5303281,35.6910441]}},
{"type":"Feature","properties":{"name":"マルメロ公園"},"geometry":{"type":"Point","coordinates":[139.520921,35.692585]}},
{"type":"Feature","properties":{"name":"アオギリ公園"},"geometry":{"type":"Point","coordinates":[139.5223682,35.6925237]}},
{"type":"Feature","properties":{"name":"パンダ公園"},"geometry":{"type":"Point","coordinates":[139.5332278,35.7004157]}},
{"type":"Feature","properties":{"name":"東町三丁目第２児童遊園"},"geometry":{"type":"Point","coordinates":[139.5317718,35.7010234]}},
{"type":"Feature","properties":{"name":"東町三丁目第２子供広場"},"geometry":{"type":"Point","coordinates":[139.5281642,35.6981892]}},
{"type":"Feature","properties":{"name":"東町三丁目児童遊園"},"geometry":{"type":"Point","coordinates":[139.5300549,35.6984321]}},
{"type":"Feature","properties":{"name":"東町シナノキ公園"},"geometry":{"type":"Point","coordinates":[139.5269941,35.6973946]}},
{"type":"Feature","properties":{"name":"東町トチノキ公園"},"geometry":{"type":"Point","coordinates":[139.524567,35.6998233]}},
{"type":"Feature","properties":{"name":"東町ポケット広場"},"geometry":{"type":"Point","coordinates":[139.5274345,35.6961835]}},
{"type":"Feature","properties":{"name":"東町二丁目第２児童遊園"},"geometry":{"type":"Point","coordinates":[139.5331027,35.7000631]}},
{"type":"Feature","properties":{"name":"やまばと公園"},"geometry":{"type":"Point","coordinates":[139.5320124,35.6951757]}},
{"type":"Feature","properties":{"name":"本町ハナミズキ公園"},"geometry":{"type":"Point","coordinates":[139.5114815,35.6996044]}},
{"type":"Feature","properties":{"name":"本町ハナミズキ公園"},"geometry":{"type":"Point","coordinates":[139.5111594,35.6996695]}},
{"type":"Feature","properties":{"name":"ピラカンサ広場"},"geometry":{"type":"Point","coordinates":[139.5016175,35.7053804]}},
{"type":"Feature","properties":{"name":"本町さくら公園"},"geometry":{"type":"Point","coordinates":[139.5068191,35.7077855]}},
{"type":"Feature","properties":{"name":"タブノキ公園"},"geometry":{"type":"Point","coordinates":[139.5071768,35.7060982]}},
{"type":"Feature","properties":{"name":"本町公園"},"geometry":{"type":"Point","coordinates":[139.5103093,35.705454]}},
{"type":"Feature","properties":{"name":"ゆりのき広場"},"geometry":{"type":"Point","coordinates":[139.5020052,35.700734]}},
{"type":"Feature","properties":{"name":"本町カツラ公園"},"geometry":{"type":"Point","coordinates":[139.5034821,35.7001797]}},
{"type":"Feature","properties":{"name":"リンゴ広場"},"geometry":{"type":"Point","coordinates":[139.521022,35.7037482]}},
{"type":"Feature","properties":{"name":"ひさかき公園"},"geometry":{"type":"Point","coordinates":[139.51622,35.7023188]}},
{"type":"Feature","properties":{"name":"シデザクラ広場"},"geometry":{"type":"Point","coordinates":[139.5163356,35.7026707]}},
{"type":"Feature","properties":{"name":"緑町五丁目第２子供広場"},"geometry":{"type":"Point","coordinates":[139.514749,35.7050507]}},
{"type":"Feature","properties":{"name":"もみじ広場"},"geometry":{"type":"Point","coordinates":[139.5145251,35.704747]}},
{"type":"Feature","properties":{"name":"クワノキ広場"},"geometry":{"type":"Point","coordinates":[139.5170077,35.7017481]}},
{"type":"Feature","properties":{"name":"やまざくら公園"},"geometry":{"type":"Point","coordinates":[139.5157679,35.7019159]}},
{"type":"Feature","properties":{"name":"やまもも公園"},"geometry":{"type":"Point","coordinates":[139.5144171,35.7017079]}},
{"type":"Feature","properties":{"name":"緑町三丁目児童遊園"},"geometry":{"type":"Point","coordinates":[139.516486,35.7106355]}},
{"type":"Feature","properties":{"name":"みどり公園"},"geometry":{"type":"Point","coordinates":[139.5156193,35.7114803]}},
{"type":"Feature","properties":{"name":"緑町キンモクセイ公園"},"geometry":{"type":"Point","coordinates":[139.5164319,35.7122522]}},
{"type":"Feature","properties":{"name":"緑町さくら公園"},"geometry":{"type":"Point","coordinates":[139.5166956,35.7082694]}},
{"type":"Feature","properties":{"name":"ナナカマド公園"},"geometry":{"type":"Point","coordinates":[139.5201967,35.7078689]}},
{"type":"Feature","properties":{"name":"緑町コニファー公園"},"geometry":{"type":"Point","coordinates":[139.5189774,35.7081047]}},
{"type":"Feature","properties":{"name":"緑町二丁目児童遊園"},"geometry":{"type":"Point","coordinates":[139.520028,35.7046729]}},
{"type":"Feature","properties":{"name":"四本けやき公園"},"geometry":{"type":"Point","coordinates":[139.5213483,35.7054113]}},
{"type":"Feature","properties":{"name":"梅の木公園"},"geometry":{"type":"Point","coordinates":[139.5185934,35.7066985]}},
{"type":"Feature","properties":{"name":"東町かえで公園"},"geometry":{"type":"Point","coordinates":[139.5320511,35.6961431]}},
{"type":"Feature","properties":{"name":"前原町かけはしの森公園"},"geometry":{"type":"Point","coordinates":[139.5011531,35.697694]}},
{"type":"Feature","properties":{"name":"中児童遊園"},"geometry":{"type":"Point","coordinates":[139.4393311,35.698457]}},
{"type":"Feature","properties":{"name":"西さざんか遊園"},"geometry":{"type":"Point","coordinates":[139.4286985,35.6986018]}},
{"type":"Feature","properties":{"name":"西柳遊園"},"geometry":{"type":"Point","coordinates":[139.4329224,35.6981472]}},
{"type":"Feature","properties":{"name":"青柳台遊園"},"geometry":{"type":"Point","coordinates":[139.4222716,35.6827739]}},
{"type":"Feature","properties":{"name":"青柳台第二遊園"},"geometry":{"type":"Point","coordinates":[139.4197904,35.6831097]}},
{"type":"Feature","properties":{"name":"石田遊園"},"geometry":{"type":"Point","coordinates":[139.4258553,35.6850798]}},
{"type":"Feature","properties":{"name":"矢川いこいの広場"},"geometry":{"type":"Point","coordinates":[139.4266718,35.6848989]}},
{"type":"Feature","properties":{"name":"青柳北遊園"},"geometry":{"type":"Point","coordinates":[139.4256418,35.6841831]}},
{"type":"Feature","properties":{"name":"青柳遊園"},"geometry":{"type":"Point","coordinates":[139.4238414,35.6838271]}},
{"type":"Feature","properties":{"name":"青柳北第二遊園"},"geometry":{"type":"Point","coordinates":[139.4232737,35.6852233]}},
{"type":"Feature","properties":{"name":"矢川遊園"},"geometry":{"type":"Point","coordinates":[139.4261404,35.6860474]}},
{"type":"Feature","properties":{"name":"泉東遊園"},"geometry":{"type":"Point","coordinates":[139.4375961,35.6722703]}},
{"type":"Feature","properties":{"name":"流域下水道処理場広場"},"geometry":{"type":"Point","coordinates":[139.434378,35.6742137]}},
{"type":"Feature","properties":{"name":"泉中央遊園"},"geometry":{"type":"Point","coordinates":[139.4348755,35.6755656]}},
{"type":"Feature","properties":{"name":"上の下遊園"},"geometry":{"type":"Point","coordinates":[139.4284371,35.678067]}},
{"type":"Feature","properties":{"name":"泉第一遊園"},"geometry":{"type":"Point","coordinates":[139.4304724,35.6739704]}},
{"type":"Feature","properties":{"name":"泉第二遊園"},"geometry":{"type":"Point","coordinates":[139.4314,35.6734992]}},
{"type":"Feature","properties":{"name":"坂下遊園"},"geometry":{"type":"Point","coordinates":[139.4422647,35.6802431]}},
{"type":"Feature","properties":{"name":"上新田第二遊園"},"geometry":{"type":"Point","coordinates":[139.4247459,35.6795271]}},
{"type":"Feature","properties":{"name":"谷保東第二遊園"},"geometry":{"type":"Point","coordinates":[139.4464079,35.6732701]}},
{"type":"Feature","properties":{"name":"上新田第三遊園"},"geometry":{"type":"Point","coordinates":[139.4250457,35.6795444]}},
{"type":"Feature","properties":{"name":"上新田遊園"},"geometry":{"type":"Point","coordinates":[139.4264881,35.677802]}},
{"type":"Feature","properties":{"name":"下新田遊園"},"geometry":{"type":"Point","coordinates":[139.4452105,35.6733901]}},
{"type":"Feature","properties":{"name":"一本松遊園"},"geometry":{"type":"Point","coordinates":[139.4508453,35.6768525]}},
{"type":"Feature","properties":{"name":"ちびっこ広場24号"},"geometry":{"type":"Point","coordinates":[139.4482376,35.6795295]}},
{"type":"Feature","properties":{"name":"滝之院遊園"},"geometry":{"type":"Point","coordinates":[139.4449479,35.6819048]}},
{"type":"Feature","properties":{"name":"栗原第二遊園"},"geometry":{"type":"Point","coordinates":[139.4423237,35.6806989]}},
{"type":"Feature","properties":{"name":"栗原第一遊園"},"geometry":{"type":"Point","coordinates":[139.4420241,35.6809844]}},
{"type":"Feature","properties":{"name":"天神下遊園"},"geometry":{"type":"Point","coordinates":[139.4453637,35.6775722]}},
{"type":"Feature","properties":{"name":"上峰下第一遊園"},"geometry":{"type":"Point","coordinates":[139.429648,35.6845982]}},
{"type":"Feature","properties":{"name":"上峯下第二遊園"},"geometry":{"type":"Point","coordinates":[139.4301905,35.6836024]}},
{"type":"Feature","properties":{"name":"中峯下遊園"},"geometry":{"type":"Point","coordinates":[139.4348901,35.682535]}},
{"type":"Feature","properties":{"name":"下峯下第二遊園"},"geometry":{"type":"Point","coordinates":[139.4376606,35.6831356]}},
{"type":"Feature","properties":{"name":"石神遊園"},"geometry":{"type":"Point","coordinates":[139.4381907,35.6828402]}},
{"type":"Feature","properties":{"name":"下峰下遊園"},"geometry":{"type":"Point","coordinates":[139.4380178,35.6839458]}},
{"type":"Feature","properties":{"name":"谷保東遊園"},"geometry":{"type":"Point","coordinates":[139.4507673,35.6721024]}},
{"type":"Feature","properties":{"name":"大学通り遊園"},"geometry":{"type":"Point","coordinates":[139.4466847,35.6899258]}},
{"type":"Feature","properties":{"name":"東さくら遊園"},"geometry":{"type":"Point","coordinates":[139.4506227,35.6968103]}},
{"type":"Feature","properties":{"name":"東一丁目遊園"},"geometry":{"type":"Point","coordinates":[139.44931,35.6976704]}},
{"type":"Feature","properties":{"name":"たまらん坂遊園"},"geometry":{"type":"Point","coordinates":[139.453594,35.6923084]}},
{"type":"Feature","properties":{"name":"東児童遊園"},"geometry":{"type":"Point","coordinates":[139.4541335,35.6917564]}},
{"type":"Feature","properties":{"name":"東くりの木遊園"},"geometry":{"type":"Point","coordinates":[139.4495944,35.6898899]}},
{"type":"Feature","properties":{"name":"三小通り遊園"},"geometry":{"type":"Point","coordinates":[139.4525445,35.6881595]}},
{"type":"Feature","properties":{"name":"東ちびっこ遊園"},"geometry":{"type":"Point","coordinates":[139.4540544,35.6907961]}},
{"type":"Feature","properties":{"name":"あさひ遊園"},"geometry":{"type":"Point","coordinates":[139.4518578,35.6913148]}},
{"type":"Feature","properties":{"name":"富士見台東遊園"},"geometry":{"type":"Point","coordinates":[139.4517237,35.684295]}},
{"type":"Feature","properties":{"name":"西の原遊園"},"geometry":{"type":"Point","coordinates":[139.4313651,35.6884141]}},
{"type":"Feature","properties":{"name":"西つつじ遊園"},"geometry":{"type":"Point","coordinates":[139.4336478,35.6889976]}},
{"type":"Feature","properties":{"name":"石田第一遊園"},"geometry":{"type":"Point","coordinates":[139.428542,35.6901183]}},
{"type":"Feature","properties":{"name":"北遊園"},"geometry":{"type":"Point","coordinates":[139.4441831,35.7000688]}},
{"type":"Feature","properties":{"name":"北一丁目第１遊園"},"geometry":{"type":"Point","coordinates":[139.4494862,35.7002827]}},
{"type":"Feature","properties":{"name":"北ちびっこ遊園"},"geometry":{"type":"Point","coordinates":[139.4303605,35.7004227]}},
{"type":"Feature","properties":{"name":"立東遊園"},"geometry":{"type":"Point","coordinates":[139.4303152,35.7014253]}},
{"type":"Feature","properties":{"name":"北いちょう遊園"},"geometry":{"type":"Point","coordinates":[139.4281186,35.7015203]}},
{"type":"Feature","properties":{"name":"北かえで遊園"},"geometry":{"type":"Point","coordinates":[139.4278908,35.6991979]}},
{"type":"Feature","properties":{"name":"ちびっこ広場49号"},"geometry":{"type":"Point","coordinates":[139.4403083,35.7006752]}},
{"type":"Feature","properties":{"name":"ちびっこ広場５６号"},"geometry":{"type":"Point","coordinates":[139.4353418,35.6976694]}},
{"type":"Feature","properties":{"name":"谷保駅南口緑地"},"geometry":{"type":"Point","coordinates":[139.4461167,35.6812131]}},
{"type":"Feature","properties":{"name":"熊牛稲荷児童遊園"},"geometry":{"type":"Point","coordinates":[139.331887,35.7311132]}},
{"type":"Feature","properties":{"name":"熊牛わらつけ児童遊園"},"geometry":{"type":"Point","coordinates":[139.339575,35.7319367]}},
{"type":"Feature","properties":{"name":"福東児童遊園"},"geometry":{"type":"Point","coordinates":[139.3438073,35.7248993]}},
{"type":"Feature","properties":{"name":"天神児童遊園"},"geometry":{"type":"Point","coordinates":[139.3184516,35.7497702]}},
{"type":"Feature","properties":{"name":"本七児童遊園"},"geometry":{"type":"Point","coordinates":[139.335235,35.7425562]}},
{"type":"Feature","properties":{"name":"親和児童遊園"},"geometry":{"type":"Point","coordinates":[139.3322624,35.7397829]}},
{"type":"Feature","properties":{"name":"永田児童遊園"},"geometry":{"type":"Point","coordinates":[139.3191787,35.7401182]}},
{"type":"Feature","properties":{"name":"藤の木児童遊園"},"geometry":{"type":"Point","coordinates":[139.3290734,35.7459787]}},
{"type":"Feature","properties":{"name":"永田玉川上水児童遊園"},"geometry":{"type":"Point","coordinates":[139.321207,35.7418004]}},
{"type":"Feature","properties":{"name":"武蔵野台第二児童遊園"},"geometry":{"type":"Point","coordinates":[139.3320233,35.7479378]}},
{"type":"Feature","properties":{"name":"武蔵野台第一児童遊園"},"geometry":{"type":"Point","coordinates":[139.3319456,35.7488428]}},
{"type":"Feature","properties":{"name":"武蔵野台第一児童遊園"},"geometry":{"type":"Point","coordinates":[139.331863,35.7490549]}},
{"type":"Feature","properties":{"name":"武蔵野台第四児童遊園"},"geometry":{"type":"Point","coordinates":[139.3305061,35.7507219]}},
{"type":"Feature","properties":{"name":"武蔵野台第五児童遊園"},"geometry":{"type":"Point","coordinates":[139.3302868,35.7513264]}},
{"type":"Feature","properties":{"name":"武蔵野台第三児童遊園"},"geometry":{"type":"Point","coordinates":[139.3298889,35.7469808]}},
{"type":"Feature","properties":{"name":"横田児童遊園"},"geometry":{"type":"Point","coordinates":[139.3365886,35.7399484]}},
{"type":"Feature","properties":{"name":"熊川南児童遊園"},"geometry":{"type":"Point","coordinates":[139.3327026,35.7186739]}},
{"type":"Feature","properties":{"name":"長沢ポケット広場"},"geometry":{"type":"Point","coordinates":[139.3233647,35.7444091]}},
{"type":"Feature","properties":{"name":"中福生陸橋高架下広場"},"geometry":{"type":"Point","coordinates":[139.3251609,35.7349274]}},
{"type":"Feature","properties":{"name":"福東緑の広場"},"geometry":{"type":"Point","coordinates":[139.3467928,35.7228561]}},
{"type":"Feature","properties":{"name":"ハッピーパーク"},"geometry":{"type":"Point","coordinates":[139.3260996,35.7411576]}},
{"type":"Feature","properties":{"name":"福生駅西口公園"},"geometry":{"type":"Point","coordinates":[139.3280152,35.7418778]}},
{"type":"Feature","properties":{"name":"熊川武蔵野西公園"},"geometry":{"type":"Point","coordinates":[139.3423219,35.7220439]}},
{"type":"Feature","properties":{"name":"柳瀬川崖線緑地「台田の杜」"},"geometry":{"type":"Point","coordinates":[139.5299329,35.791779]}},
{"type":"Feature","properties":{"name":"旭が丘六丁目市有林"},"geometry":{"type":"Point","coordinates":[139.5460454,35.8005663]}},
{"type":"Feature","properties":{"name":"竹丘二丁目ポケットパーク"},"geometry":{"type":"Point","coordinates":[139.505467,35.7631939]}},
{"type":"Feature","properties":{"name":"竹丘三角山ポケットパーク"},"geometry":{"type":"Point","coordinates":[139.5060806,35.7619691]}},
{"type":"Feature","properties":{"name":"竹丘ちびっこポケットパーク"},"geometry":{"type":"Point","coordinates":[139.5014837,35.7671078]}},
{"type":"Feature","properties":{"name":"緑蔭通りポケットパーク"},"geometry":{"type":"Point","coordinates":[139.5005943,35.7722938]}},
{"type":"Feature","properties":{"name":"梅園つつじポケトパーク"},"geometry":{"type":"Point","coordinates":[139.4989128,35.7722059]}},
{"type":"Feature","properties":{"name":"あおぞら遊園地"},"geometry":{"type":"Point","coordinates":[139.5163253,35.7713232]}},
{"type":"Feature","properties":{"name":"野塩西原児童遊園"},"geometry":{"type":"Point","coordinates":[139.4980904,35.7743885]}},
{"type":"Feature","properties":{"name":"野塩前原ポケットパーク"},"geometry":{"type":"Point","coordinates":[139.5046389,35.7758184]}},
{"type":"Feature","properties":{"name":"松山自然児童遊園"},"geometry":{"type":"Point","coordinates":[139.5145135,35.7731072]}},
{"type":"Feature","properties":{"name":"けやき通りポケットパーク (陽だまり処)"},"geometry":{"type":"Point","coordinates":[139.5204835,35.7740333]}},
{"type":"Feature","properties":{"name":"きよせ駅前ポケットパーク (安らぎ場)"},"geometry":{"type":"Point","coordinates":[139.5205225,35.7742291]}},
{"type":"Feature","properties":{"name":"大岱道ポケットパーク"},"geometry":{"type":"Point","coordinates":[139.5171389,35.7747538]}},
{"type":"Feature","properties":{"name":"かぜのこ広場"},"geometry":{"type":"Point","coordinates":[139.5257125,35.7739055]}},
{"type":"Feature","properties":{"name":"中清戸あじさいポケットパーク"},"geometry":{"type":"Point","coordinates":[139.5358515,35.7771229]}},
{"type":"Feature","properties":{"name":"カタクリポケットパーク"},"geometry":{"type":"Point","coordinates":[139.509937,35.782105]}},
{"type":"Feature","properties":{"name":"上清戸二丁目児童遊園"},"geometry":{"type":"Point","coordinates":[139.5192153,35.7792457]}},
{"type":"Feature","properties":{"name":"中里さわらポケットパーク"},"geometry":{"type":"Point","coordinates":[139.5217752,35.7831521]}},
{"type":"Feature","properties":{"name":"中里見中ポケットパーク"},"geometry":{"type":"Point","coordinates":[139.5185838,35.7812452]}},
{"type":"Feature","properties":{"name":"中清戸二丁目ポケットパーク"},"geometry":{"type":"Point","coordinates":[139.5276885,35.78342]}},
{"type":"Feature","properties":{"name":"中清戸のびのびポケットパーク"},"geometry":{"type":"Point","coordinates":[139.532295,35.7796677]}},
{"type":"Feature","properties":{"name":"神山北ポケットパーク"},"geometry":{"type":"Point","coordinates":[139.5301103,35.7792463]}},
{"type":"Feature","properties":{"name":"関の台児童遊園"},"geometry":{"type":"Point","coordinates":[139.5395957,35.77953]}},
{"type":"Feature","properties":{"name":"フォレスターポケットパーク"},"geometry":{"type":"Point","coordinates":[139.5392359,35.7811215]}},
{"type":"Feature","properties":{"name":"しもきよとポケットパーク"},"geometry":{"type":"Point","coordinates":[139.536954,35.7815938]}},
{"type":"Feature","properties":{"name":"中里富士塚北児童遊園"},"geometry":{"type":"Point","coordinates":[139.5181698,35.7848451]}},
{"type":"Feature","properties":{"name":"下清戸北浦西ポケットパーク"},"geometry":{"type":"Point","coordinates":[139.5325965,35.7858662]}},
{"type":"Feature","properties":{"name":"下清戸北浦ポケットパーク"},"geometry":{"type":"Point","coordinates":[139.5338978,35.7856481]}},
{"type":"Feature","properties":{"name":"シーアイマンションポケットパーク"},"geometry":{"type":"Point","coordinates":[139.5308251,35.7893896]}},
{"type":"Feature","properties":{"name":"下清戸二丁目ポケットパーク"},"geometry":{"type":"Point","coordinates":[139.535829,35.7856705]}},
{"type":"Feature","properties":{"name":"下清戸道東ポケットパーク"},"geometry":{"type":"Point","coordinates":[139.539946,35.787379]}},
{"type":"Feature","properties":{"name":"下清戸五丁目児童遊園"},"geometry":{"type":"Point","coordinates":[139.5392376,35.7877886]}},
{"type":"Feature","properties":{"name":"下宿台田ポケットパーク"},"geometry":{"type":"Point","coordinates":[139.5334211,35.793625]}},
{"type":"Feature","properties":{"name":"下宿稲荷児童遊園"},"geometry":{"type":"Point","coordinates":[139.5337874,35.7930956]}},
{"type":"Feature","properties":{"name":"旭が丘三中南ポケットパーク"},"geometry":{"type":"Point","coordinates":[139.5356946,35.7906907]}},
{"type":"Feature","properties":{"name":"旭が丘四丁目南ポケットパーク"},"geometry":{"type":"Point","coordinates":[139.5424305,35.798656]}},
{"type":"Feature","properties":{"name":"下宿内山ポケットパーク"},"geometry":{"type":"Point","coordinates":[139.5407017,35.8017915]}},
{"type":"Feature","properties":{"name":"内山ポケットパーク"},"geometry":{"type":"Point","coordinates":[139.5410975,35.8026669]}},
{"type":"Feature","properties":{"name":"内山ポケットパーク"},"geometry":{"type":"Point","coordinates":[139.5412444,35.8027844]}},
{"type":"Feature","properties":{"name":"健康エリアポケットパーク"},"geometry":{"type":"Point","coordinates":[139.5253584,35.7840145]}},
{"type":"Feature","properties":{"name":"中里四丁目市有林"},"geometry":{"type":"Point","coordinates":[139.5224329,35.7879099]}},
{"type":"Feature","properties":{"name":"中里六丁目市有林"},"geometry":{"type":"Point","coordinates":[139.5277873,35.7908609]}},
{"type":"Feature","properties":{"name":"中里六丁目緑地"},"geometry":{"type":"Point","coordinates":[139.5272262,35.7898841]}},
{"type":"Feature","properties":{"name":"野塩一丁目市有林②"},"geometry":{"type":"Point","coordinates":[139.5042724,35.7807372]}},
{"type":"Feature","properties":{"name":"中里六丁目緑地"},"geometry":{"type":"Point","coordinates":[139.5313667,35.792941]}},
{"type":"Feature","properties":{"name":"野塩一丁目市有林①"},"geometry":{"type":"Point","coordinates":[139.5020476,35.7802155]}},
{"type":"Feature","properties":{"name":"竹丘二丁目市有林"},"geometry":{"type":"Point","coordinates":[139.507282,35.7639905]}},
{"type":"Feature","properties":{"name":"野塩一丁目市有林"},"geometry":{"type":"Point","coordinates":[139.5053993,35.7768392]}},
{"type":"Feature","properties":{"name":"浅間遊園"},"geometry":{"type":"Point","coordinates":[139.5407036,35.7595644]}},
{"type":"Feature","properties":{"name":"小山台遊園"},"geometry":{"type":"Point","coordinates":[139.5290873,35.7667659]}},
{"type":"Feature","properties":{"name":"野火止遊園"},"geometry":{"type":"Point","coordinates":[139.5117243,35.763363]}},
{"type":"Feature","properties":{"name":"弥生台遊園"},"geometry":{"type":"Point","coordinates":[139.506663,35.7391522]}},
{"type":"Feature","properties":{"name":"しんかわ第二広場"},"geometry":{"type":"Point","coordinates":[139.5386146,35.7623757]}},
{"type":"Feature","properties":{"name":"かなやま第二広場"},"geometry":{"type":"Point","coordinates":[139.5417956,35.7652934]}},
{"type":"Feature","properties":{"name":"せんげん第二広場"},"geometry":{"type":"Point","coordinates":[139.5438722,35.7560852]}},
{"type":"Feature","properties":{"name":"せんげん第四広場"},"geometry":{"type":"Point","coordinates":[139.5412384,35.7555934]}},
{"type":"Feature","properties":{"name":"せんげん第五広場"},"geometry":{"type":"Point","coordinates":[139.5379438,35.7570618]}},
{"type":"Feature","properties":{"name":"せんげん第六広場"},"geometry":{"type":"Point","coordinates":[139.5402071,35.7581819]}},
{"type":"Feature","properties":{"name":"不動橋広場"},"geometry":{"type":"Point","coordinates":[139.539437,35.7586298]}},
{"type":"Feature","properties":{"name":"こやま第三広場"},"geometry":{"type":"Point","coordinates":[139.5287784,35.7652786]}},
{"type":"Feature","properties":{"name":"しもだ広場"},"geometry":{"type":"Point","coordinates":[139.5295085,35.7632886]}},
{"type":"Feature","properties":{"name":"ほんちょう広場"},"geometry":{"type":"Point","coordinates":[139.5281889,35.7604905]}},
{"type":"Feature","properties":{"name":"さいわい第一広場"},"geometry":{"type":"Point","coordinates":[139.5178402,35.7610493]}},
{"type":"Feature","properties":{"name":"ちゅうおう広場"},"geometry":{"type":"Point","coordinates":[139.5244609,35.7554518]}},
{"type":"Feature","properties":{"name":"ちゅうおう第一広場"},"geometry":{"type":"Point","coordinates":[139.5176538,35.7537996]}},
{"type":"Feature","properties":{"name":"まえさわ第二広場"},"geometry":{"type":"Point","coordinates":[139.5141689,35.7419581]}},
{"type":"Feature","properties":{"name":"はちまん第一広場"},"geometry":{"type":"Point","coordinates":[139.5138049,35.7582294]}},
{"type":"Feature","properties":{"name":"のびどめ第三広場"},"geometry":{"type":"Point","coordinates":[139.5055832,35.7604072]}},
{"type":"Feature","properties":{"name":"柳窪広場"},"geometry":{"type":"Point","coordinates":[139.4935633,35.7491666]}},
{"type":"Feature","properties":{"name":"さいわい第三広場"},"geometry":{"type":"Point","coordinates":[139.5201882,35.7615304]}},
{"type":"Feature","properties":{"name":"出水川広場"},"geometry":{"type":"Point","coordinates":[139.5039,35.7594208]}},
{"type":"Feature","properties":{"name":"出水川広場"},"geometry":{"type":"Point","coordinates":[139.5052822,35.7599049]}},
{"type":"Feature","properties":{"name":"出水川広場"},"geometry":{"type":"Point","coordinates":[139.5061904,35.7599965]}},
{"type":"Feature","properties":{"name":"出水川広場"},"geometry":{"type":"Point","coordinates":[139.5052131,35.7599845]}},
{"type":"Feature","properties":{"name":"せんげん第七広場"},"geometry":{"type":"Point","coordinates":[139.5447751,35.7587066]}},
{"type":"Feature","properties":{"name":"せんげん第八広場"},"geometry":{"type":"Point","coordinates":[139.5454337,35.7585813]}},
{"type":"Feature","properties":{"name":"みなみさわ第三広場"},"geometry":{"type":"Point","coordinates":[139.5255438,35.7460462]}},
{"type":"Feature","properties":{"name":"ほんちょう第二広場"},"geometry":{"type":"Point","coordinates":[139.5299328,35.7589863]}},
{"type":"Feature","properties":{"name":"さいわい第四広場"},"geometry":{"type":"Point","coordinates":[139.5180877,35.7583017]}},
{"type":"Feature","properties":{"name":"落合川広場"},"geometry":{"type":"Point","coordinates":[139.5218116,35.7535946]}},
{"type":"Feature","properties":{"name":"三ツ木五丁目児童遊園"},"geometry":{"type":"Point","coordinates":[139.3760687,35.7613658]}},
{"type":"Feature","properties":{"name":"学園四丁目西児童遊園"},"geometry":{"type":"Point","coordinates":[139.3986031,35.7451709]}},
{"type":"Feature","properties":{"name":"伊奈平四丁目児童遊園"},"geometry":{"type":"Point","coordinates":[139.3767819,35.7377302]}},
{"type":"Feature","properties":{"name":"大南三丁目西児童遊園"},"geometry":{"type":"Point","coordinates":[139.3995619,35.7365712]}},
{"type":"Feature","properties":{"name":"湖南児童遊園"},"geometry":{"type":"Point","coordinates":[139.4076036,35.735906]}},
{"type":"Feature","properties":{"name":"湖南児童遊園"},"geometry":{"type":"Point","coordinates":[139.4075161,35.7367346]}},
{"type":"Feature","properties":{"name":"中藤一丁目児童遊園"},"geometry":{"type":"Point","coordinates":[139.3999073,35.7554181]}},
{"type":"Feature","properties":{"name":"伊奈平三丁目児童遊園"},"geometry":{"type":"Point","coordinates":[139.3827925,35.7344279]}},
{"type":"Feature","properties":{"name":"伊奈平五丁目南児童遊園"},"geometry":{"type":"Point","coordinates":[139.3735321,35.7410832]}},
{"type":"Feature","properties":{"name":"伊奈平五丁目東児童遊園"},"geometry":{"type":"Point","coordinates":[139.3735967,35.7418885]}},
{"type":"Feature","properties":{"name":"伊奈平五丁目児童遊園"},"geometry":{"type":"Point","coordinates":[139.3732032,35.7416842]}},
{"type":"Feature","properties":{"name":"榎児童遊園"},"geometry":{"type":"Point","coordinates":[139.3854232,35.7511719]}},
{"type":"Feature","properties":{"name":"新海道児童遊園"},"geometry":{"type":"Point","coordinates":[139.3920272,35.7419172]}},
{"type":"Feature","properties":{"name":"学園一丁目児童遊園"},"geometry":{"type":"Point","coordinates":[139.3919568,35.7480382]}},
{"type":"Feature","properties":{"name":"学園児童遊園"},"geometry":{"type":"Point","coordinates":[139.3947801,35.746592]}},
{"type":"Feature","properties":{"name":"学園四丁目児童遊園"},"geometry":{"type":"Point","coordinates":[139.4011086,35.7437898]}},
{"type":"Feature","properties":{"name":"学園四丁目児童遊園"},"geometry":{"type":"Point","coordinates":[139.4006094,35.7438561]}},
{"type":"Feature","properties":{"name":"学園四丁目東児童遊園"},"geometry":{"type":"Point","coordinates":[139.4019876,35.7428466]}},
{"type":"Feature","properties":{"name":"大道児童遊園"},"geometry":{"type":"Point","coordinates":[139.3666849,35.7601905]}},
{"type":"Feature","properties":{"name":"岸三丁目児童遊園"},"geometry":{"type":"Point","coordinates":[139.370365,35.7631214]}},
{"type":"Feature","properties":{"name":"アタゴ松児童遊園"},"geometry":{"type":"Point","coordinates":[139.3780232,35.7525127]}},
{"type":"Feature","properties":{"name":"順礼塚児童遊園"},"geometry":{"type":"Point","coordinates":[139.3776197,35.7526646]}},
{"type":"Feature","properties":{"name":"三ツ藤児童遊園"},"geometry":{"type":"Point","coordinates":[139.377697,35.7513997]}},
{"type":"Feature","properties":{"name":"三ツ藤三丁目児童遊園"},"geometry":{"type":"Point","coordinates":[139.3745144,35.7549925]}},
{"type":"Feature","properties":{"name":"三ツ藤三丁目児童遊園"},"geometry":{"type":"Point","coordinates":[139.3742883,35.7550729]}},
{"type":"Feature","properties":{"name":"八ケ下児童遊園"},"geometry":{"type":"Point","coordinates":[139.3730105,35.7539505]}},
{"type":"Feature","properties":{"name":"三ツ藤三丁目東児童遊園"},"geometry":{"type":"Point","coordinates":[139.3737615,35.7537428]}},
{"type":"Feature","properties":{"name":"三ツ木一丁目児童遊園"},"geometry":{"type":"Point","coordinates":[139.3757771,35.7549349]}},
{"type":"Feature","properties":{"name":"宿児童遊園"},"geometry":{"type":"Point","coordinates":[139.3730641,35.7586643]}},
{"type":"Feature","properties":{"name":"残堀四丁目児童遊園"},"geometry":{"type":"Point","coordinates":[139.367614,35.748075]}},
{"type":"Feature","properties":{"name":"残堀二丁目児童遊園"},"geometry":{"type":"Point","coordinates":[139.3733299,35.7458674]}},
{"type":"Feature","properties":{"name":"残堀児童遊園"},"geometry":{"type":"Point","coordinates":[139.3720988,35.7477389]}},
{"type":"Feature","properties":{"name":"向山児童遊園"},"geometry":{"type":"Point","coordinates":[139.4065408,35.7548618]}},
{"type":"Feature","properties":{"name":"神明児童遊園"},"geometry":{"type":"Point","coordinates":[139.4010251,35.7546698]}},
{"type":"Feature","properties":{"name":"大南一丁目中央児童遊園"},"geometry":{"type":"Point","coordinates":[139.3961132,35.7381822]}},
{"type":"Feature","properties":{"name":"大南一丁目中央北児童遊園"},"geometry":{"type":"Point","coordinates":[139.3958696,35.7386144]}},
{"type":"Feature","properties":{"name":"大南一丁目南児童遊園"},"geometry":{"type":"Point","coordinates":[139.3964254,35.7348231]}},
{"type":"Feature","properties":{"name":"大南一丁目南児童遊園"},"geometry":{"type":"Point","coordinates":[139.3964268,35.7349324]}},
{"type":"Feature","properties":{"name":"大南一丁目児童遊園"},"geometry":{"type":"Point","coordinates":[139.3986839,35.7398364]}},
{"type":"Feature","properties":{"name":"大南一丁目児童遊園"},"geometry":{"type":"Point","coordinates":[139.3983553,35.7401468]}},
{"type":"Feature","properties":{"name":"大南五丁目児童遊園"},"geometry":{"type":"Point","coordinates":[139.4098414,35.7365996]}},
{"type":"Feature","properties":{"name":"大南三丁目児童遊園"},"geometry":{"type":"Point","coordinates":[139.4010806,35.734196]}},
{"type":"Feature","properties":{"name":"西大南児童遊園"},"geometry":{"type":"Point","coordinates":[139.4009307,35.7372652]}},
{"type":"Feature","properties":{"name":"東大南児童遊園"},"geometry":{"type":"Point","coordinates":[139.4071521,35.734921]}},
{"type":"Feature","properties":{"name":"大南四丁目児童遊園"},"geometry":{"type":"Point","coordinates":[139.4077296,35.7337899]}},
{"type":"Feature","properties":{"name":"中原一丁目児童遊園"},"geometry":{"type":"Point","coordinates":[139.3660607,35.758149]}},
{"type":"Feature","properties":{"name":"中原三丁目中央児童遊園"},"geometry":{"type":"Point","coordinates":[139.3591395,35.7570138]}},
{"type":"Feature","properties":{"name":"中原三丁目南児童遊園"},"geometry":{"type":"Point","coordinates":[139.3586036,35.7554457]}},
{"type":"Feature","properties":{"name":"中原経塚向児童遊園"},"geometry":{"type":"Point","coordinates":[139.3579097,35.7551792]}},
{"type":"Feature","properties":{"name":"中原三丁目北児童遊園"},"geometry":{"type":"Point","coordinates":[139.3609932,35.7594543]}},
{"type":"Feature","properties":{"name":"中原児童遊園"},"geometry":{"type":"Point","coordinates":[139.363143,35.7595569]}},
{"type":"Feature","properties":{"name":"残堀五丁目児童遊園"},"geometry":{"type":"Point","coordinates":[139.3705831,35.7515017]}},
{"type":"Feature","properties":{"name":"横田児童遊園"},"geometry":{"type":"Point","coordinates":[139.3864992,35.7587992]}},
{"type":"Feature","properties":{"name":"馬場児童遊園"},"geometry":{"type":"Point","coordinates":[139.3823288,35.7569518]}},
{"type":"Feature","properties":{"name":"後ヶ谷戸運動広場"},"geometry":{"type":"Point","coordinates":[139.3735465,35.7619318]}},
{"type":"Feature","properties":{"name":"新大南運動広場"},"geometry":{"type":"Point","coordinates":[139.4033454,35.7366451]}},
{"type":"Feature","properties":{"name":"三ツ木地域運動場"},"geometry":{"type":"Point","coordinates":[139.3784097,35.7565403]}},
{"type":"Feature","properties":{"name":"原山地域運動場"},"geometry":{"type":"Point","coordinates":[139.3930283,35.7520436]}},
{"type":"Feature","properties":{"name":"残堀・伊奈平地域運動場"},"geometry":{"type":"Point","coordinates":[139.3691932,35.748049]}},
{"type":"Feature","properties":{"name":"富士塚親水広場"},"geometry":{"type":"Point","coordinates":[139.3690409,35.7550996]}},
{"type":"Feature","properties":{"name":"三ツ藤緑地広場"},"geometry":{"type":"Point","coordinates":[139.3799861,35.7476884]}},
{"type":"Feature","properties":{"name":"伊奈平緑地広場"},"geometry":{"type":"Point","coordinates":[139.3809988,35.746434]}},
{"type":"Feature","properties":{"name":"入り運動広場"},"geometry":{"type":"Point","coordinates":[139.4001327,35.7575925]}},
{"type":"Feature","properties":{"name":"小山内運動広場"},"geometry":{"type":"Point","coordinates":[139.3654407,35.7644949]}},
{"type":"Feature","properties":{"name":"赤堀運動広場"},"geometry":{"type":"Point","coordinates":[139.3928669,35.7590737]}},
{"type":"Feature","properties":{"name":"シドメ久保運動広場"},"geometry":{"type":"Point","coordinates":[139.370638,35.7459765]}},
{"type":"Feature","properties":{"name":"シドメ久保第二運動広場"},"geometry":{"type":"Point","coordinates":[139.3742438,35.7413496]}},
{"type":"Feature","properties":{"name":"中村運動広場"},"geometry":{"type":"Point","coordinates":[139.3833684,35.7557242]}},
{"type":"Feature","properties":{"name":"本町二丁目児童遊園"},"geometry":{"type":"Point","coordinates":[139.3801499,35.7564188]}},
{"type":"Feature","properties":{"name":"なかよし緑地広場"},"geometry":{"type":"Point","coordinates":[139.3757309,35.7496342]}},
{"type":"Feature","properties":{"name":"山王森緑地広場"},"geometry":{"type":"Point","coordinates":[139.3702776,35.7544345]}},
{"type":"Feature","properties":{"name":"残堀親水広場"},"geometry":{"type":"Point","coordinates":[139.3719962,35.7530939]}},
{"type":"Feature","properties":{"name":"富士見親水広場"},"geometry":{"type":"Point","coordinates":[139.3659528,35.758966]}},
{"type":"Feature","properties":{"name":"三ツ木一丁目東児童遊園"},"geometry":{"type":"Point","coordinates":[139.3790355,35.7572901]}},
{"type":"Feature","properties":{"name":"中藤五丁目運動広場"},"geometry":{"type":"Point","coordinates":[139.4070583,35.7562308]}},
{"type":"Feature","properties":{"name":"双葉町東ポケットパーク"},"geometry":{"type":"Point","coordinates":[139.3342626,35.7568665]}},
{"type":"Feature","properties":{"name":"玉川コミュニティ広場"},"geometry":{"type":"Point","coordinates":[139.3117026,35.7526078]}},
{"type":"Feature","properties":{"name":"あげば児童遊園"},"geometry":{"type":"Point","coordinates":[139.3015313,35.7668963]}},
{"type":"Feature","properties":{"name":"宮の下ポケットパーク"},"geometry":{"type":"Point","coordinates":[139.2992965,35.7597526]}},
{"type":"Feature","properties":{"name":"宮地児童遊園"},"geometry":{"type":"Point","coordinates":[139.3029742,35.766551]}},
{"type":"Feature","properties":{"name":"奈賀児童遊園"},"geometry":{"type":"Point","coordinates":[139.3090107,35.7610395]}},
{"type":"Feature","properties":{"name":"田ノ上児童遊園"},"geometry":{"type":"Point","coordinates":[139.3065216,35.7586391]}},
{"type":"Feature","properties":{"name":"なかよし児童遊園"},"geometry":{"type":"Point","coordinates":[139.3084639,35.7639289]}},
{"type":"Feature","properties":{"name":"羽東一丁目ポケットパーク"},"geometry":{"type":"Point","coordinates":[139.3130071,35.7598894]}},
{"type":"Feature","properties":{"name":"本町一広場"},"geometry":{"type":"Point","coordinates":[139.3121545,35.7591198]}},
{"type":"Feature","properties":{"name":"本町二広場"},"geometry":{"type":"Point","coordinates":[139.3135441,35.7588989]}},
{"type":"Feature","properties":{"name":"本町児童遊園"},"geometry":{"type":"Point","coordinates":[139.3153139,35.7564326]}},
{"type":"Feature","properties":{"name":"しらうめ児童遊園"},"geometry":{"type":"Point","coordinates":[139.3125368,35.7618374]}},
{"type":"Feature","properties":{"name":"けやき児童遊園"},"geometry":{"type":"Point","coordinates":[139.31101,35.7550533]}},
{"type":"Feature","properties":{"name":"百年発祥の地記念碑"},"geometry":{"type":"Point","coordinates":[139.308828,35.7606641]}},
{"type":"Feature","properties":{"name":"さかえ児童遊園"},"geometry":{"type":"Point","coordinates":[139.3071463,35.7716206]}},
{"type":"Feature","properties":{"name":"川崎児童遊園"},"geometry":{"type":"Point","coordinates":[139.3129022,35.7517857]}},
{"type":"Feature","properties":{"name":"ひのきの子児童遊園"},"geometry":{"type":"Point","coordinates":[139.3169234,35.7539274]}},
{"type":"Feature","properties":{"name":"あおぞら児童遊園"},"geometry":{"type":"Point","coordinates":[139.3332709,35.75972]}},
{"type":"Feature","properties":{"name":"富士見平児童遊園"},"geometry":{"type":"Point","coordinates":[139.3240723,35.7659119]}},
{"type":"Feature","properties":{"name":"初雁ふれあい公園Ｃ"},"geometry":{"type":"Point","coordinates":[139.2852512,35.7178436]}},
{"type":"Feature","properties":{"name":"川原公園"},"geometry":{"type":"Point","coordinates":[139.3082175,35.7185866]}},
{"type":"Feature","properties":{"name":"折立水神公園"},"geometry":{"type":"Point","coordinates":[139.3134467,35.7443227]}},
{"type":"Feature","properties":{"name":"さつき野いこいの小路公園"},"geometry":{"type":"Point","coordinates":[139.3245823,35.7170125]}},
{"type":"Feature","properties":{"name":"リバーサイドＡ公園"},"geometry":{"type":"Point","coordinates":[139.3153901,35.741181]}},
{"type":"Feature","properties":{"name":"リバーサイドＢ公園"},"geometry":{"type":"Point","coordinates":[139.3141222,35.7420689]}},
{"type":"Feature","properties":{"name":"リバーサイドＣ公園"},"geometry":{"type":"Point","coordinates":[139.3140762,35.7409145]}},
{"type":"Feature","properties":{"name":"阿岐野公園"},"geometry":{"type":"Point","coordinates":[139.2689214,35.7326451]}},
{"type":"Feature","properties":{"name":"原ノ下公園"},"geometry":{"type":"Point","coordinates":[139.3071244,35.7337293]}},
{"type":"Feature","properties":{"name":"根岸公園"},"geometry":{"type":"Point","coordinates":[139.2260173,35.721566]}},
{"type":"Feature","properties":{"name":"初雁ふれあい公園Ａ"},"geometry":{"type":"Point","coordinates":[139.2871165,35.7185173]}},
{"type":"Feature","properties":{"name":"初雁ふれあい公園Ｂ"},"geometry":{"type":"Point","coordinates":[139.2866078,35.7184083]}},
{"type":"Feature","properties":{"name":"北伊奈公園"},"geometry":{"type":"Point","coordinates":[139.2516421,35.7349007]}},
{"type":"Feature","properties":{"name":"中郷公園"},"geometry":{"type":"Point","coordinates":[139.2945422,35.7223293]}},
{"type":"Feature","properties":{"name":"雨間グリーンタウンＢ"},"geometry":{"type":"Point","coordinates":[139.2951529,35.7128952]}},
{"type":"Feature","properties":{"name":"雨間グリーンタウンＡ"},"geometry":{"type":"Point","coordinates":[139.297242,35.7118584]}},
{"type":"Feature","properties":{"name":"緑の里公園"},"geometry":{"type":"Point","coordinates":[139.2919319,35.7255738]}},
{"type":"Feature","properties":{"name":"松原遊園"},"geometry":{"type":"Point","coordinates":[139.2230535,35.7255603]}},
{"type":"Feature","properties":{"name":"入野沢遊園"},"geometry":{"type":"Point","coordinates":[139.2171511,35.7285289]}},
{"type":"Feature","properties":{"name":"峯谷戸遊園"},"geometry":{"type":"Point","coordinates":[139.2366047,35.730559]}},
{"type":"Feature","properties":{"name":"三内遊園地"},"geometry":{"type":"Point","coordinates":[139.2331469,35.7328448]}},
{"type":"Feature","properties":{"name":"前田緑地④"},"geometry":{"type":"Point","coordinates":[139.3158724,35.7229898]}},
{"type":"Feature","properties":{"name":"雪沢公園"},"geometry":{"type":"Point","coordinates":[139.2103843,35.7265729]}},
{"type":"Feature","properties":{"name":"上賀多公園"},"geometry":{"type":"Point","coordinates":[139.2895259,35.7407373]}},
{"type":"Feature","properties":{"name":"草花台パークハイツＡ"},"geometry":{"type":"Point","coordinates":[139.307051,35.7463599]}},
{"type":"Feature","properties":{"name":"草花台パークハイツＢ"},"geometry":{"type":"Point","coordinates":[139.3075654,35.7481111]}},
{"type":"Feature","properties":{"name":"草花台パークハイツＣ"},"geometry":{"type":"Point","coordinates":[139.3061756,35.7480284]}},
{"type":"Feature","properties":{"name":"山ノ神公園"},"geometry":{"type":"Point","coordinates":[139.3063925,35.7454696]}},
{"type":"Feature","properties":{"name":"北小宮公園"},"geometry":{"type":"Point","coordinates":[139.3039366,35.7407827]}},
{"type":"Feature","properties":{"name":"ひさわがわ遊園"},"geometry":{"type":"Point","coordinates":[139.3049943,35.740341]}},
{"type":"Feature","properties":{"name":"草花住宅遊び場"},"geometry":{"type":"Point","coordinates":[139.3162186,35.7392594]}},
{"type":"Feature","properties":{"name":"前田小公園②"},"geometry":{"type":"Point","coordinates":[139.3166772,35.7254135]}},
{"type":"Feature","properties":{"name":"前田緑地①"},"geometry":{"type":"Point","coordinates":[139.3167027,35.7244178]}},
{"type":"Feature","properties":{"name":"前田緑地①"},"geometry":{"type":"Point","coordinates":[139.3168661,35.7246319]}},
{"type":"Feature","properties":{"name":"前田緑地①"},"geometry":{"type":"Point","coordinates":[139.3170549,35.7249275]}},
{"type":"Feature","properties":{"name":"前田緑地①"},"geometry":{"type":"Point","coordinates":[139.3172479,35.7251447]}},
{"type":"Feature","properties":{"name":"前田緑地②"},"geometry":{"type":"Point","coordinates":[139.3173091,35.7241252]}},
{"type":"Feature","properties":{"name":"前田緑地②"},"geometry":{"type":"Point","coordinates":[139.317438,35.7243603]}},
{"type":"Feature","properties":{"name":"前田小公園①"},"geometry":{"type":"Point","coordinates":[139.3155609,35.7256326]}},
{"type":"Feature","properties":{"name":"日室塚公園"},"geometry":{"type":"Point","coordinates":[139.3039438,35.7223779]}},
{"type":"Feature","properties":{"name":"前田緑地③"},"geometry":{"type":"Point","coordinates":[139.3160688,35.7234759]}},
{"type":"Feature","properties":{"name":"前田緑地③"},"geometry":{"type":"Point","coordinates":[139.3160189,35.7237234]}},
{"type":"Feature","properties":{"name":"前田緑地③"},"geometry":{"type":"Point","coordinates":[139.3160017,35.7240328]}},
{"type":"Feature","properties":{"name":"前田緑地③"},"geometry":{"type":"Point","coordinates":[139.315999,35.7243403]}},
{"type":"Feature","properties":{"name":"油平南公園"},"geometry":{"type":"Point","coordinates":[139.2868938,35.7249808]}},
{"type":"Feature","properties":{"name":"なかよし公園"},"geometry":{"type":"Point","coordinates":[139.2887065,35.723938]}},
{"type":"Feature","properties":{"name":"こども未来公園"},"geometry":{"type":"Point","coordinates":[139.2325054,35.7444817]}},
{"type":"Feature","properties":{"name":"諏訪下児童遊園"},"geometry":{"type":"Point","coordinates":[139.2453283,35.7443564]}},
{"type":"Feature","properties":{"name":"ひので野鳥の森自然公園"},"geometry":{"type":"Point","coordinates":[139.2731454,35.7489772]}}
]
}
